#,Keyword,Country,Difficulty,Volume,CPC,CPS,Parent Keyword,Last Update,SERP Features,Global volume,Traffic potential,Global traffic potential,First seen,Intents,Languages,SV trend (01-2024 - 12-2025),SV Forecasting trend (01-2026 - 01-2027)
1,mvp development services,us,1,2400,1.20,,mvp development services,2026-01-21 05:01:43,"Top stories,Thumbnail,People also ask,Sitelinks,Video preview",4800,1300,1500,2017-05-31,"Informational,Commercial,Non-branded,Non-local",English,"485, 483, 572, 668, 1410, 957, 678, 695, 1868, 983, 972, 1129, 1513, 3189, 2661, 2682, 2715, 1673, 1465, 1299, 4791, 2087, 1513, 2606","2962, 4475, 3411, 3233, 3185, 2304, 2333, 2321, 5906, 2693, 3114, 3286, 3642"
2,react native development services,us,10,1700,2.00,,react native development services,2025-12-31 05:27:52,"AI Overview,Thumbnail,Sitelinks,Bottom ads,Paid sitelinks,Video preview",3100,900,1400,2019-01-07,"Informational,Commercial,Branded,Non-local",English,"449, 362, 506, 578, 683, 685, 691, 584, 760, 791, 786, 1061, 1520, 3719, 2146, 2149, 1843, 1339, 1264, 1243, 2546, 517, 460, 1251","1337, 1548, 1372, 1354, 1336, 1291, 1271, 1230, 1283, 1228, 1260, 1240, 1328"
3,ai chatbot development services,us,9,1700,8.00,,chatbot development services,2026-01-22 03:43:08,"AI Overview,Thumbnail,People also ask,Video preview",3100,2200,2500,2020-01-07,"Informational,Commercial,Non-branded,Non-local",English,"47, 62, 81, 121, 234, 239, 171, 236, 370, 417, 493, 661, 1073, 1819, 1909, 1931, 1982, 1972, 1201, 1242, 2494, 1558, 1696, 1417","1188, 1297, 1121, 1107, 969, 933, 791, 774, 764, 729, 658, 572, 550"
4,enterprise software development services,us,4,1700,9.00,,enterprise software development services,2026-01-14 07:14:18,"AI Overview,Thumbnail",3300,3400,4100,2020-01-07,"Informational,Commercial,Non-branded,Non-local",English,"252, 338, 414, 560, 675, 959, 797, 790, 405, 608, 606, 712, 1050, 1424, 1812, 2171, 3185, 1841, 861, 857, 3267, 1327, 672, 1877","2092, 1969, 2356, 2291, 2967, 2788, 2315, 2397, 2832, 2263, 2435, 2596, 2870"
5,php development services,us,2,1700,10.00,,php development services,2026-01-06 12:48:40,"Sitelinks,Bottom ads",3400,2300,2500,2016-07-14,"Informational,Commercial,Non-branded,Non-local",English,"428, 397, 642, 455, 441, 1206, 1463, 432, 775, 912, 1267, 1093, 4534, 1485, 2549, 2274, 1947, 1164, 843, 844, 2426, 659, 593, 1323","1656, 1357, 1497, 1389, 1373, 1461, 1339, 1276, 1453, 1409, 1446, 1374, 1705"
6,custom software application development,us,9,1600,19.00,,custom app development,2026-01-18 23:21:39,"AI Overview,Thumbnail,Video preview,Sitelinks",3400,4100,6500,2015-09-04,"Informational,Non-branded,Non-local",English,"459, 505, 513, 601, 602, 579, 429, 512, 686, 1019, 1174, 1706, 1953, 1610, 2677, 2637, 2037, 1017, 806, 905, 2706, 765, 526, 1436","1459, 1408, 1510, 1507, 1410, 1307, 1230, 1293, 1440, 1328, 1394, 1449, 1471"
7,software product development,us,3,1500,5.00,0.55,software product development,2026-01-10 22:16:09,"AI Overview,Thumbnail,People also ask,Sitelinks,Video preview",3300,300,700,2015-09-28,"Informational,Non-branded,Non-local",English,"670, 645, 664, 779, 778, 632, 768, 642, 1030, 1375, 1100, 1038, 1631, 1087, 1718, 1702, 1479, 1178, 1550, 2691, 2014, 875, 679, 1661","1791, 1726, 1822, 1860, 1848, 1822, 1856, 1960, 1956, 1939, 1994, 2019, 2141"
8,node js development services,us,6,1500,10.00,,node js development services,2026-01-08 21:23:30,"AI Overview,Top ads,Paid sitelinks,Sitelinks,People also ask,Bottom ads,Video preview",2600,3400,3700,2019-03-25,"Informational,Commercial,Branded,Non-local",English,"252, 229, 254, 349, 335, 389, 470, 407, 648, 570, 631, 889, 1235, 1708, 1786, 2199, 2655, 1260, 683, 627, 2755, 683, 559, 1330","1351, 1382, 1424, 1458, 1380, 1334, 1311, 1298, 1517, 1348, 1387, 1398, 1419"
9,python development services,us,5,1400,30.00,,python development services,2026-01-17 22:47:42,"AI Overview,Thumbnail,Sitelinks,People also ask,Bottom ads",2700,2100,2400,2017-04-18,"Informational,Commercial,Non-branded,Non-local",English,"407, 325, 538, 513, 620, 610, 639, 632, 460, 617, 717, 708, 1130, 1573, 2242, 2237, 1719, 1013, 887, 893, 2436, 663, 701, 1075","1065, 1093, 1209, 1125, 1041, 983, 957, 967, 1033, 925, 922, 866, 904"
10,software development for startups,us,2,1400,12.00,,software development for startups,2026-01-06 14:20:24,"AI Overview,Thumbnail,Sitelinks,Top stories,Video preview",2800,250,450,2016-08-21,"Informational,Non-branded,Non-local",English,"365, 296, 423, 420, 497, 491, 500, 519, 590, 628, 637, 740, 1000, 1272, 2063, 2041, 2065, 1363, 634, 904, 2468, 718, 580, 1342","1440, 1428, 1758, 1629, 1639, 1346, 1162, 1346, 1918, 1178, 1424, 1527, 1763"
11,financial software development,us,3,1400,8.00,,financial software development company,2026-01-18 09:19:04,"People also ask,Sitelinks,Video preview",2900,4400,5300,2016-06-15,"Informational,Non-branded,Non-local",English,"326, 314, 374, 436, 422, 708, 505, 424, 460, 696, 567, 802, 1106, 1222, 1609, 1954, 1694, 871, 2357, 950, 2907, 611, 500, 1530","1547, 1532, 1571, 1612, 1553, 1513, 1578, 1427, 1616, 1431, 1569, 1557, 1574"
12,drupal development services,us,4,1300,1.00,,drupal development company,2026-01-18 23:41:42,"People also ask,Sitelinks",2800,1100,1400,2015-09-02,"Informational,Commercial,Non-branded,Non-local",English,"412, 382, 473, 793, 529, 443, 546, 531, 678, 860, 994, 826, 975, 954, 1726, 1735, 1248, 1766, 1381, 892, 2273, 765, 1089, 1308","1257, 1115, 1367, 1510, 1230, 1183, 1082, 1054, 1394, 1520, 1516, 1308, 1258"
13,.net development services,us,10,1300,11.00,,.net development services,2026-01-10 05:21:52,"Sitelinks,People also ask,Video preview",2200,2000,2300,2020-01-07,"Informational,Commercial,Branded,Non-local",English,"195, 219, 258, 351, 290, 347, 303, 304, 392, 417, 485, 746, 859, 1459, 1764, 1776, 1275, 800, 637, 689, 4036, 725, 516, 1349","1400, 1537, 1578, 1572, 1568, 1570, 1336, 1458, 2752, 1670, 2031, 1766, 1821"
14,front end development services,us,8,1300,5.00,,front end development services,2026-01-20 05:48:24,"AI Overview,Thumbnail,Sitelinks,People also ask,Video preview",2300,900,900,2016-01-06,"Informational,Commercial,Non-branded,Non-local",English,"266, 332, 346, 469, 469, 468, 337, 411, 379, 463, 454, 542, 712, 968, 1413, 1429, 1453, 1484, 776, 895, 3116, 849, 516, 1423","1429, 1465, 1548, 1609, 1735, 1674, 1473, 1475, 2029, 1606, 1706, 1683, 1679"
15,medical software development,us,9,1300,1.70,,healthcare software development company,2026-01-17 21:43:37,"AI Overview,Thumbnail,Sitelinks,People also ask,Video preview",2500,9900,11000,2015-12-20,"Informational,Non-branded,Non-local",English,"217, 177, 226, 254, 250, 402, 332, 4869, 1464, 697, 821, 987, 936, 1300, 1542, 1955, 2019, 1225, 948, 931, 2482, 647, 554, 1307","1274, 1218, 1158, 1188, 1048, 1009, 889, 6434, 1548, 1214, 1256, 1319, 1286"
16,logistics software development services,us,9,1200,9.00,,logistics software development company,2026-01-18 11:02:59,"AI Overview,Thumbnail,Video preview,Sitelinks",1900,3500,4000,2020-01-07,"Informational,Commercial,Non-branded,Non-local",English,"144, 170, 100, 104, 247, 207, 213, 217, 284, 444, 459, 513, 1032, 1422, 1664, 1474, 1037, 425, 827, 584, 3156, 585, 458, 1442","1549, 1649, 1713, 1741, 1783, 1781, 1881, 1869, 2168, 2006, 2127, 2182, 2289"
17,chatbot development services,us,4,1200,1.90,,chatbot development services,2026-01-19 07:18:23,"AI Overview,Thumbnail,Sitelinks,Video preview",2600,1600,1900,2017-05-02,"Informational,Commercial,Non-branded,Non-local",English,"270, 265, 307, 369, 445, 366, 283, 409, 588, 607, 588, 699, 1170, 981, 1186, 1181, 1265, 1089, 1189, 1418, 2223, 742, 781, 1443","1511, 1529, 1615, 1624, 1719, 1688, 1783, 1796, 1900, 1800, 2024, 1947, 2015"
18,financial services software development,us,8,1200,10.00,,financial software development company,2026-01-16 12:52:28,"Sitelinks,Video preview",1900,4400,5300,2017-03-30,"Informational,Non-branded,Non-local",English,"170, 188, 275, 323, 265, 258, 270, 275, 365, 422, 478, 660, 840, 1327, 1745, 1749, 1253, 525, 402, 443, 3842, 523, 365, 892","1007, 946, 941, 903, 781, 895, 718, 669, 1779, 1258, 1007, 906, 1023"
19,bespoke software development,us,4,1100,1.90,,bespoke software development company,2025-12-31 07:35:34,"AI Overview,Thumbnail,People also ask,Top stories,Sitelinks,Bottom ads,Knowledge panel,Video preview",4100,1200,1200,2015-10-26,"Informational,Non-branded,Non-local",English,"503, 483, 681, 481, 819, 493, 594, 612, 794, 721, 795, 962, 1330, 1296, 1928, 1888, 1611, 1009, 897, 662, 915, 482, 415, 497","539, 469, 591, 552, 515, 433, 452, 491, 506, 512, 431, 454, 501"
20,software application development,us,1,1100,1.90,,software application development,2026-01-22 01:44:44,"AI Overview,Thumbnail,People also ask,Sitelinks,Top stories,Video preview",2300,600,900,2015-09-09,"Informational,Non-branded,Non-local",English,"591, 492, 717, 728, 736, 605, 750, 740, 2111, 2164, 1208, 1233, 1200, 1160, 1859, 1526, 933, 667, 969, 716, 1577, 658, 538, 898","934, 946, 1071, 969, 852, 816, 841, 850, 1064, 1005, 976, 933, 969"
21,logistics software development company,us,8,1100,1.20,,logistics software development company,2026-01-18 00:06:45,"AI Overview,Thumbnail,Sitelinks,People also ask",2000,3500,4000,2020-01-07,"Informational,Commercial,Non-branded,Non-local",English,"337, 195, 227, 267, 460, 225, 387, 322, 436, 565, 492, 563, 871, 998, 1253, 1408, 1074, 528, 738, 683, 3361, 810, 564, 1229","1763, 1490, 1625, 1694, 1626, 1368, 1443, 1422, 2395, 1792, 1688, 1729, 2456"
22,crm development services,us,7,1100,8.00,,crm development services,2026-01-22 02:18:34,"Sitelinks,People also ask,Video preview",2100,1500,1800,2017-09-20,"Informational,Commercial,Non-branded,Non-local",English,"110, 161, 186, 181, 181, 173, 227, 277, 209, 431, 436, 624, 748, 887, 1089, 1076, 1499, 1532, 767, 906, 2467, 778, 698, 1182","1107, 1134, 1169, 1043, 1115, 1053, 1012, 927, 1214, 1349, 1207, 1179, 1104"
23,offshore software development company,us,5,1100,10.00,,offshore software development company,2026-01-09 23:22:21,"AI Overview,Thumbnail,People also ask,Sitelinks,Bottom ads,Video preview",3400,1300,1500,2016-04-13,"Informational,Commercial,Non-branded,Non-local",English,"7413, 1114, 1503, 567, 487, 563, 418, 1100, 1957, 1980, 1195, 1190, 846, 815, 1016, 1405, 1480, 1611, 884, 809, 1299, 780, 816, 1081","1743, 1092, 1170, 1138, 1181, 1287, 1080, 1161, 1396, 1296, 1191, 1186, 1848"
24,crm software development company,us,4,1100,11.00,,crm development company,2026-01-21 01:54:38,"AI Overview,Thumbnail,People also ask,Video preview",2300,400,800,2020-01-08,"Informational,Commercial,Non-branded,Non-local",English,"202, 271, 233, 391, 282, 396, 409, 503, 512, 906, 645, 797, 1091, 1056, 1312, 1284, 1575, 1139, 855, 647, 1995, 649, 621, 1125","1154, 1121, 1160, 1193, 1115, 1057, 1063, 1029, 1240, 1302, 1324, 1327, 1358"
25,custom manufacturing software,us,0,1100,1.40,,custom manufacturing software,2026-01-22 02:43:43,"AI Overview,Thumbnail,Sitelinks,Video preview",1800,1100,1200,2017-09-20,"Informational,Commercial,Non-branded,Non-local",English,"158, 166, 172, 222, 223, 257, 273, 398, 192, 361, 304, 265, 398, 791, 1818, 999, 1467, 3088, 312, 373, 2449, 464, 267, 1268","1360, 1401, 1532, 1461, 1516, 1593, 1560, 1542, 1760, 1647, 1757, 1718, 1810"
26,custom android app development services,us,4,1100,11.00,,custom android app development services,2026-01-21 09:39:35,"AI Overview,Thumbnail,Sitelinks,Local pack,Video preview",2200,1600,1800,2020-01-07,"Informational,Commercial,Non-branded,Non-local",English,"382, 514, 302, 298, 288, 280, 239, 348, 464, 427, 438, 455, 571, 1115, 1427, 1425, 1202, 1707, 458, 442, 2538, 538, 398, 1226","1200, 1255, 1375, 1096, 1023, 996, 803, 810, 1355, 1210, 1348, 1248, 1218"
27,dedicated development team services,us,10,1100,35.00,,dedicated development team services,2026-01-21 22:38:51,"AI Overview,Thumbnail,Sitelinks,People also ask,Bottom ads,Video preview",2100,4000,4700,2020-01-14,"Informational,Commercial,Non-branded,Non-local",English,"135, 128, 155, 177, 240, 230, 155, 180, 346, 439, 439, 530, 568, 946, 1442, 1768, 1250, 602, 495, 505, 3011, 853, 645, 1392","1481, 1516, 1633, 1724, 1703, 1765, 1768, 1771, 2070, 1967, 2035, 2080, 2169"
28,custom healthcare software development services,us,10,1100,19.00,,custom healthcare software development company,2025-12-30 05:32:50,"Sitelinks,AI Overview,Thumbnail",2300,9500,11000,2020-01-07,"Informational,Commercial,Non-branded,Non-local",English,"171, 160, 559, 222, 143, 304, 264, 262, 302, 337, 468, 479, 716, 992, 1536, 1555, 1588, 779, 514, 607, 3331, 524, 541, 1039","1134, 1100, 1223, 1338, 1151, 404, 252, 902, 2065, 0, 598, 575, 552"
29,backend development services,us,5,1000,1.40,,backend development services,2026-01-20 16:08:23,"People also ask,Sitelinks,Top stories,Thumbnail,Bottom ads,Paid sitelinks,Video preview",2200,700,800,2020-01-08,"Informational,Commercial,Non-branded,Non-local",English,"305, 201, 259, 445, 246, 238, 289, 432, 334, 420, 423, 604, 691, 1188, 1508, 1521, 1304, 660, 531, 582, 2553, 597, 477, 936","1002, 1120, 1227, 1227, 1048, 1107, 992, 1081, 1386, 972, 997, 974, 1036"
30,software development methodologies,us,7,1000,1.50,0.99,software development methodologies,2025-12-30 10:54:47,"AI Overview,Thumbnail,Sitelinks,Top stories,People also ask,Video preview",3500,1300,3100,2015-09-01,"Informational,Non-branded,Non-local",English,"1297, 1227, 896, 1020, 1024, 1005, 920, 925, 1084, 988, 1027, 914, 1115, 1245, 908, 1032, 1035, 1016, 929, 933, 1093, 995, 1035, 920","1122, 1252, 913, 1037, 1040, 1020, 932, 936, 1097, 998, 1038, 922, 1125"
31,retail software development,us,3,1000,1.00,,retail software development services,2026-01-02 09:14:57,"Sitelinks,Video preview",1900,2300,2500,2019-08-14,"Informational,Non-branded,Non-local",English,"141, 176, 180, 212, 252, 313, 212, 215, 333, 387, 511, 460, 645, 1280, 1607, 1320, 924, 461, 361, 428, 3514, 549, 348, 972","956, 1143, 1133, 969, 906, 844, 843, 875, 2042, 1128, 1245, 1141, 1119"
32,node.js development services,us,8,1000,10.00,,node js development services,2026-01-20 04:08:02,"AI Overview,Thumbnail,Sitelinks,Bottom ads,Video preview",1800,3400,3800,2020-01-06,"Informational,Commercial,Branded,Non-local",English,"144, 135, 160, 221, 219, 266, 324, 276, 432, 384, 451, 594, 822, 1101, 1150, 1407, 1715, 844, 526, 458, 1826, 496, 471, 910","933, 923, 1042, 1063, 995, 953, 873, 888, 1141, 1359, 1168, 1109, 1133"
33,mvp development services for startups,us,3,1000,25.00,,mvp development services for startups,2026-01-18 14:48:43,"AI Overview,Sitelinks",2100,800,900,2020-01-30,"Informational,Commercial,Non-branded,Non-local",English,"143, 93, 149, 145, 168, 140, 111, 147, 256, 289, 343, 336, 500, 685, 907, 1068, 1891, 1076, 672, 821, 2261, 692, 605, 1245","1295, 1347, 1419, 1469, 1564, 1539, 1568, 1602, 1756, 1673, 1721, 1731, 1781"
34,software development staff augmentation,us,1,1000,30.00,,software development staff augmentation,2026-01-15 15:37:27,"AI Overview,Thumbnail,Sitelinks,Top stories,Video preview",2000,500,600,2017-02-21,"Informational,Commercial,Non-branded,Non-local",English,"144, 149, 109, 196, 146, 233, 197, 166, 266, 318, 425, 514, 581, 564, 1048, 1271, 2509, 1540, 495, 752, 1929, 386, 471, 833","738, 727, 723, 725, 761, 638, 542, 546, 610, 474, 502, 484, 468"
35,manufacturing software development,us,2,1000,5.00,,manufacturing software development,2026-01-20 09:26:06,"Sitelinks,Video preview",1700,900,1000,2020-01-07,"Informational,Commercial,Non-branded,Non-local",English,"207, 130, 195, 203, 300, 240, 245, 373, 304, 302, 265, 332, 361, 979, 1260, 1263, 1251, 515, 315, 441, 3954, 438, 402, 845","1043, 1336, 1294, 1307, 1183, 1076, 1208, 1316, 2654, 1369, 1210, 1225, 1494"
36,cross platform app development services,us,1,1000,3.50,,cross platform mobile app development services,2026-01-06 06:05:33,Video preview,2000,1200,1300,2020-01-09,"Informational,Commercial,Non-branded,Non-local",English,"190, 239, 240, 271, 259, 501, 930, 1168, 833, 547, 1025, 1501, 1467, 1433, 1266, 1508, 1287, 640, 438, 451, 1899, 487, 532, 796","927, 737, 734, 677, 961, 777, 825, 776, 961, 725, 760, 775, 907"
37,retail software development services,us,2,900,20.00,,retail software development services,2026-01-11 14:32:09,Video preview,1400,2500,2600,2020-01-12,"Informational,Commercial,Non-branded,Non-local",English,"91, 59, 75, 114, 146, 219, 119, 176, 232, 275, 326, 385, 533, 1062, 1339, 1114, 767, 309, 434, 357, 2501, 494, 388, 1075","1158, 1230, 1303, 1323, 1311, 1393, 1374, 1436, 1669, 1531, 1627, 1671, 1755"
38,top software development companies,us,4,900,6.00,,software development companies,2026-01-18 16:35:14,"AI Overview,Thumbnail,Sitelinks,Video preview",2400,6700,7500,2015-11-15,"Informational,Commercial,Non-branded,Non-local",English,"491, 560, 568, 577, 579, 572, 839, 839, 572, 576, 665, 791, 748, 705, 948, 895, 777, 907, 859, 908, 1945, 634, 950, 1053","1065, 1068, 1153, 1085, 1044, 1115, 1075, 1109, 1158, 1044, 1126, 1131, 1141"
39,medical software development services,us,7,900,20.00,,custom healthcare software development,2026-01-07 11:20:58,"AI Overview,Thumbnail,Sitelinks,Local pack,Video preview",1600,9800,11000,2020-01-09,"Informational,Commercial,Non-branded,Non-local",English,"155, 147, 148, 149, 138, 302, 303, 202, 208, 243, 324, 382, 602, 696, 1077, 1071, 1098, 639, 704, 945, 1913, 625, 367, 1210","1209, 1201, 1279, 1285, 1311, 1331, 1376, 1374, 1499, 1440, 1542, 1612, 1611"
40,progressive web app development services,us,1,900,7.00,,progressive web app development services,2026-01-20 10:49:33,"AI Overview,Thumbnail,Sitelinks,People also ask",1600,450,450,2020-01-08,"Informational,Commercial,Non-branded,Non-local",English,"1412, 167, 166, 188, 186, 185, 184, 194, 267, 333, 310, 305, 520, 849, 1288, 1050, 753, 466, 454, 520, 2352, 712, 544, 996","1185, 1121, 1222, 1245, 1270, 1273, 1301, 1353, 1568, 1490, 1512, 1563, 1751"
41,angularjs development services,us,2,900,2.00,,angular js development company,2025-12-29 18:22:19,"AI Overview,Thumbnail,People also ask,Sitelinks,Bottom ads",1900,2100,2800,2018-01-30,"Informational,Commercial,Branded,Non-local",English,"187, 181, 250, 300, 280, 333, 250, 301, 331, 402, 460, 380, 526, 1042, 1297, 1289, 1087, 1307, 639, 627, 1790, 504, 407, 775","745, 845, 822, 871, 863, 793, 829, 844, 1022, 838, 811, 800, 768"
42,insurance software development services,us,2,900,9.00,,insurance software development,2026-01-06 20:57:45,"Sitelinks,AI Overview,Thumbnail,Video preview",1800,2100,2400,2020-07-03,"Informational,Commercial,Non-branded,Non-local",English,"78, 54, 58, 105, 176, 167, 83, 105, 230, 292, 290, 410, 552, 1086, 1693, 1396, 807, 355, 417, 429, 2324, 504, 466, 992","1033, 1095, 1161, 1137, 1097, 1082, 1091, 1102, 1236, 1135, 1174, 1204, 1234"
43,business development services,us,1,900,1.00,0.7,business development service,2025-12-30 01:54:09,"AI Overview,Thumbnail,Local pack,People also ask,Video preview",2400,400,600,2015-11-16,"Informational,Non-branded,Non-local",English,"323, 250, 306, 253, 256, 359, 261, 428, 321, 415, 335, 1522, 1526, 2653, 969, 628, 515, 512, 570, 767, 949, 392, 315, 627","637, 762, 607, 588, 621, 654, 603, 623, 590, 587, 619, 720, 717"
44,python software development services,us,4,900,8.00,,python development services,2026-01-02 15:23:17,"Sitelinks,AI Overview,Thumbnail,People also ask,Top stories,Bottom ads",1600,2200,2400,2020-01-08,"Informational,Commercial,Non-branded,Non-local",English,"131, 133, 177, 263, 210, 639, 653, 313, 320, 369, 438, 1234, 850, 1168, 1214, 1474, 1231, 421, 450, 474, 1857, 403, 391, 964","760, 760, 791, 749, 725, 869, 670, 687, 1023, 830, 861, 1080, 850"
45,banking software development,us,3,900,1.10,,banking software development services,2026-01-13 15:19:02,"AI Overview,Thumbnail,People also ask,Sitelinks,Top stories,Video preview",1800,1200,1300,2016-11-30,"Informational,Non-branded,Non-local",English,"342, 273, 279, 274, 395, 331, 329, 397, 421, 455, 627, 748, 877, 725, 1082, 1314, 1629, 696, 496, 522, 1398, 535, 324, 874","938, 904, 934, 987, 1021, 901, 901, 910, 1006, 952, 1034, 1013, 1078"
46,automotive software development,us,2,900,3.00,,automotive software development,2026-01-02 08:10:18,"AI Overview,Thumbnail,Sitelinks,People also ask,Top stories,Video preview",1900,700,900,2017-06-15,"Informational,Non-branded,Non-local",English,"226, 262, 232, 320, 494, 325, 227, 268, 293, 387, 397, 542, 872, 703, 1044, 1072, 1237, 782, 392, 439, 2765, 540, 485, 915","1064, 944, 1031, 1037, 1225, 1166, 1061, 995, 1631, 1055, 1174, 1138, 1319"
47,nodejs development services,us,6,900,10.00,,node js development services,2025-12-29 18:56:04,"AI Overview,Thumbnail,Sitelinks,Bottom ads,Video preview",1600,3100,3500,2020-01-06,"Informational,Commercial,Branded,Non-local",English,"181, 167, 192, 238, 230, 264, 313, 260, 418, 370, 436, 604, 807, 1101, 1142, 1426, 1723, 829, 458, 380, 1755, 432, 377, 847","874, 891, 909, 940, 934, 881, 846, 849, 955, 873, 903, 905, 926"
48,software development team,us,9,900,5.00,0.93,software development team,2026-01-21 22:53:05,"AI Overview,Thumbnail,Sitelinks,People also ask,Video preview",2000,350,400,2015-10-14,"Informational,Non-branded,Non-local",English,"462, 460, 453, 538, 441, 433, 374, 548, 674, 575, 565, 578, 804, 673, 1180, 1361, 1432, 775, 549, 539, 1234, 489, 697, 721","764, 763, 841, 847, 812, 726, 698, 706, 794, 760, 772, 730, 773"
49,cross platform mobile app development services,us,4,900,3.50,,cross platform app development services,2026-01-20 02:07:42,"AI Overview,Thumbnail,People also ask,Video preview",1800,1500,1500,2020-01-10,"Informational,Non-branded,Non-local",English,"145, 186, 191, 227, 229, 427, 787, 984, 708, 473, 869, 1257, 1229, 1201, 1104, 1284, 1103, 576, 351, 389, 1614, 438, 468, 766","727, 719, 693, 703, 683, 650, 639, 647, 661, 549, 595, 626, 613"
50,real estate software development company,us,6,900,8.00,,real estate software development services,2026-01-20 04:11:09,Video preview,1500,1800,2000,2020-01-06,"Informational,Commercial,Non-branded,Non-local",English,"188, 187, 275, 271, 215, 267, 187, 329, 312, 293, 466, 563, 530, 856, 1268, 1277, 1095, 394, 344, 520, 2869, 429, 425, 1061","941, 1087, 1426, 1215, 1131, 1088, 1015, 1197, 1999, 1111, 1424, 1483, 1303"
51,.net software development company,us,5,800,10.00,,.net software development company,2025-12-31 03:19:27,"Local pack,Sitelinks,People also ask,Top stories,Thumbnail,Bottom ads,Video preview",1200,2900,3100,2020-01-11,"Informational,Commercial,Non-branded,Non-local",English,"114, 158, 180, 142, 207, 262, 209, 211, 287, 243, 297, 1120, 498, 609, 915, 939, 781, 439, 375, 378, 2505, 325, 194, 1214","845, 729, 742, 717, 782, 784, 632, 661, 1298, 771, 803, 1353, 941"
52,mvp software development company,us,8,800,25.00,,bespoke mvp development company,2026-01-19 04:20:01,"AI Overview,Thumbnail,Sitelinks,People also ask,Knowledge panel,Video preview",1600,1400,1400,2020-10-18,"Informational,Commercial,Non-branded,Non-local",English,"80, 99, 117, 196, 194, 132, 113, 140, 188, 260, 218, 336, 401, 946, 1491, 1227, 864, 436, 305, 386, 2492, 281, 302, 1017","1048, 1127, 1220, 1223, 1232, 1258, 1290, 1302, 1529, 1374, 1477, 1519, 1550"
53,custom crm software development,us,7,800,8.00,,custom crm,2026-01-02 01:21:48,"AI Overview,Thumbnail,Sitelinks,Video preview",1500,3400,3700,2020-01-10,"Informational,Non-branded,Non-local",English,"219, 171, 175, 263, 271, 331, 184, 339, 284, 315, 522, 458, 622, 735, 1105, 1126, 1659, 977, 645, 480, 1013, 309, 284, 468","625, 533, 709, 684, 791, 679, 673, 681, 740, 727, 832, 798, 852"
54,outsourced software development,us,7,800,30.00,,software development outsourcing,2026-01-19 01:27:21,"Sitelinks,People also ask",1800,4200,6100,2016-02-19,"Informational,Non-branded,Non-local",English,"269, 263, 388, 447, 331, 231, 237, 280, 242, 270, 765, 2720, 2302, 1308, 956, 698, 549, 403, 472, 487, 1105, 334, 350, 541","524, 433, 481, 385, 409, 318, 249, 229, 271, 209, 185, 388, 372"
55,python software development company,us,3,800,1.90,,python software development company,2025-12-30 05:10:02,"AI Overview,Thumbnail,Top ads,People also ask,Sitelinks,Top stories,Local pack,Bottom ads,Paid sitelinks",1400,700,800,2020-01-07,"Informational,Commercial,Non-branded,Non-local",English,"62, 87, 132, 140, 226, 174, 134, 186, 166, 283, 393, 1159, 638, 1081, 1135, 1382, 810, 394, 469, 443, 1718, 459, 373, 885","843, 873, 878, 890, 841, 790, 835, 814, 943, 831, 863, 941, 899"
56,custom insurance software development,us,2,800,8.00,,insurance software development,2026-01-09 22:43:19,"AI Overview,Thumbnail,Sitelinks",1500,2200,2500,2020-10-21,"Informational,Commercial,Non-branded,Non-local",English,"62, 59, 81, 129, 183, 220, 88, 136, 178, 224, 356, 329, 385, 753, 1165, 1161, 677, 297, 227, 346, 2386, 359, 314, 949","991, 1047, 1160, 1200, 1178, 1227, 1213, 1300, 1507, 1367, 1459, 1505, 1547"
57,mvp software development services,us,3,800,20.00,,mvp software development services,2026-01-18 14:48:48,"AI Overview,Thumbnail,Sitelinks,Top stories,Video preview",1800,600,600,2020-10-23,"Informational,Commercial,Non-branded,Non-local",English,"147, 118, 174, 229, 171, 133, 167, 350, 390, 363, 296, 356, 465, 789, 1036, 1049, 1074, 742, 463, 399, 2230, 372, 255, 995","1078, 1135, 1194, 1243, 1259, 1262, 1306, 1384, 1536, 1474, 1489, 1516, 1598"
58,best custom software development companies,us,5,800,25.00,,custom software development services,2026-01-19 19:23:51,"AI Overview,Thumbnail,People also ask,Sitelinks,Discussions",1400,5300,6400,2018-06-20,"Informational,Commercial,Non-branded,Non-local",English,"183, 176, 181, 170, 368, 249, 139, 174, 198, 242, 298, 424, 482, 384, 593, 1053, 1085, 1139, 1048, 615, 1256, 500, 495, 822","828, 786, 824, 892, 891, 846, 851, 873, 896, 839, 875, 911, 918"
59,custom logistics software development,us,3,800,8.00,,logistics software development company,2026-01-18 12:28:30,"Sitelinks,Video preview",1500,3500,4000,2020-01-09,"Informational,Commercial,Non-branded,Non-local",English,"176, 109, 175, 109, 129, 132, 176, 215, 132, 217, 310, 257, 511, 870, 1108, 1108, 779, 381, 308, 346, 2954, 377, 328, 1000","1101, 1155, 1239, 1298, 1341, 1409, 1471, 1532, 1739, 1570, 1678, 1736, 1837"
60,custom retail software development,us,2,800,30.00,,retail software development services,2025-12-29 05:26:22,"Sitelinks,Video preview",1300,2300,2500,2019-04-10,"Informational,Commercial,Non-branded,Non-local",English,"49, 29, 84, 66, 102, 210, 105, 178, 186, 200, 271, 265, 309, 885, 1130, 1142, 787, 233, 268, 389, 2526, 427, 368, 948","1000, 1104, 1179, 1212, 1247, 1294, 1301, 1408, 1576, 1448, 1553, 1556, 1608"
61,custom financial software development,us,5,800,15.00,,financial software development company,2025-12-22 12:01:17,"Sitelinks,Video preview",1600,4300,5200,2020-01-08,"Informational,Commercial,Non-branded,Non-local",English,"120, 121, 150, 194, 199, 195, 207, 373, 187, 360, 584, 1189, 561, 640, 1195, 1217, 1025, 419, 366, 571, 2278, 571, 246, 1080","831, 736, 792, 871, 769, 1464, 915, 957, 1416, 974, 1101, 1239, 952"
62,frontend development services,us,4,700,5.00,,front end development services,2026-01-09 01:12:47,"AI Overview,Thumbnail,Sitelinks,Video preview",1400,600,600,2020-01-06,"Informational,Commercial,Non-branded,Non-local",English,"155, 197, 200, 264, 259, 258, 191, 224, 213, 262, 261, 299, 389, 537, 794, 811, 855, 853, 475, 540, 1550, 548, 372, 843","859, 867, 894, 919, 954, 918, 897, 916, 1000, 914, 966, 970, 986"
63,javascript development services,us,0,700,11.00,,javascript development services,2026-01-18 10:15:47,"AI Overview,Thumbnail",1200,150,200,2019-04-24,"Informational,Commercial,Non-branded,Non-local",English,"126, 147, 116, 178, 143, 136, 144, 177, 292, 253, 311, 305, 462, 766, 960, 1411, 991, 472, 371, 419, 1678, 341, 262, 775","787, 798, 875, 933, 888, 889, 824, 863, 996, 910, 936, 937, 950"
64,python web development services,us,6,700,1.10,,python web development services,2026-01-20 03:33:46,"AI Overview,Thumbnail,Sitelinks,Bottom ads,Video preview",1200,450,500,2017-12-26,"Informational,Commercial,Non-branded,Non-local",English,"57, 79, 57, 76, 128, 100, 123, 96, 173, 311, 209, 288, 489, 997, 1051, 1042, 727, 343, 250, 501, 1587, 331, 258, 645","622, 660, 634, 604, 568, 552, 521, 522, 572, 493, 494, 497, 497"
65,crm software development services,us,9,700,13.00,,crm system development services,2026-01-15 01:56:05,"AI Overview,Thumbnail,Sitelinks,Video preview",1500,1200,1500,2020-01-09,"Informational,Commercial,Non-branded,Non-local",English,"60, 58, 80, 96, 100, 148, 94, 116, 138, 202, 245, 378, 403, 641, 673, 1145, 1418, 1195, 471, 630, 1009, 451, 341, 467","471, 495, 456, 485, 485, 537, 507, 539, 567, 529, 518, 519, 523"
66,custom enterprise software development services,us,3,700,10.00,,enterprise software development services,2025-12-30 11:42:13,Sitelinks,1200,3200,4000,2020-01-12,"Informational,Commercial,Non-branded,Non-local",English,"71, 70, 101, 115, 108, 142, 83, 105, 126, 154, 224, 218, 294, 405, 651, 651, 1679, 951, 276, 420, 1443, 277, 229, 733","756, 793, 794, 798, 918, 851, 866, 871, 939, 857, 922, 916, 939"
67,web3 development services,us,1,700,12.00,,web3 development services,2026-01-17 14:18:12,"People also ask,Video preview",1500,900,1200,2022-05-11,"Informational,Commercial,Non-branded,Non-local",English,"121, 141, 116, 139, 148, 115, 144, 147, 245, 272, 288, 349, 528, 727, 912, 915, 943, 786, 619, 542, 1419, 349, 357, 874","1034, 1187, 1290, 1173, 1129, 919, 752, 742, 1665, 420, 1081, 1137, 1297"
68,land development services,us,5,700,2.50,,land development services,2025-12-30 13:40:49,"Sitelinks,Local pack,Video preview",1300,10,20,2016-06-07,"Informational,Non-branded,Non-local",English,"270, 264, 217, 247, 225, 235, 335, 293, 269, 325, 287, 310, 548, 362, 453, 637, 664, 538, 672, 908, 1172, 943, 674, 869","988, 880, 840, 898, 921, 945, 927, 1004, 967, 965, 1005, 949, 1077"
69,telemedicine app development services,us,9,700,30.00,,telemedicine software development company,2026-01-17 13:57:48,"Top ads,Paid sitelinks,Sitelinks,Bottom ads,Video preview",1400,2000,2200,2020-05-01,"Informational,Commercial,Non-branded,Non-local",English,"219, 144, 112, 139, 164, 164, 121, 151, 247, 228, 209, 216, 297, 548, 581, 724, 525, 527, 468, 712, 1473, 578, 939, 859","887, 919, 958, 994, 997, 1024, 1031, 1068, 1167, 1123, 1151, 1178, 1206"
70,real estate software development services,us,6,700,9.00,,real estate software development services,2026-01-20 04:13:59,"Sitelinks,AI Overview,Top stories,Thumbnail,People also ask,Local pack,Video preview",1100,1800,2000,2020-01-08,"Informational,Commercial,Non-branded,Non-local",English,"92, 115, 120, 114, 117, 92, 91, 141, 174, 198, 255, 255, 378, 778, 1187, 1191, 692, 282, 266, 296, 2243, 291, 351, 880","968, 1011, 1093, 1139, 1158, 1203, 1199, 1298, 1445, 1320, 1437, 1452, 1541"
71,telemedicine software development company,us,9,700,30.00,,telemedicine software development company,2026-01-22 10:39:21,"Sitelinks,Bottom ads,Paid sitelinks",1000,2200,2400,2020-04-29,"Informational,Commercial,Non-branded,Non-local",English,"227, 73, 73, 38, 84, 49, 35, 45, 75, 88, 152, 151, 286, 404, 619, 752, 646, 316, 944, 817, 1676, 541, 700, 953","1002, 1024, 1081, 1130, 1144, 1151, 1215, 1227, 1321, 1256, 1332, 1326, 1376"
72,rpa development services,us,7,700,25.00,,rpa development services,2026-01-14 08:10:13,"AI Overview,Thumbnail,Video preview,People also ask,Sitelinks,Bottom ads",1200,150,150,2020-01-08,"Informational,Commercial,Non-branded,Non-local",English,"68, 81, 81, 108, 96, 94, 178, 386, 208, 162, 155, 179, 194, 398, 625, 517, 364, 921, 271, 479, 1940, 757, 821, 682","704, 810, 903, 812, 822, 777, 768, 1016, 1268, 2039, 858, 947, 969"
73,manufacturing software development company,us,0,700,6.00,,manufacturing software development,2026-01-01 13:35:29,"Sitelinks,Video preview",1100,800,900,2020-11-01,"Informational,Commercial,Non-branded,Non-local",English,"52, 43, 83, 109, 49, 112, 168, 144, 214, 166, 140, 215, 267, 804, 690, 843, 573, 326, 258, 342, 2476, 380, 318, 856","891, 972, 1031, 1090, 1106, 1167, 1167, 1265, 1456, 1318, 1369, 1447, 1482"
74,django development services,us,3,700,11.00,,django development company,2026-01-19 14:56:04,"AI Overview,Thumbnail,Sitelinks,Bottom ads,Video preview",1100,700,800,2020-01-07,"Informational,Commercial,Non-branded,Non-local",English,"42, 34, 52, 70, 67, 82, 70, 71, 119, 199, 153, 168, 325, 771, 1164, 1703, 967, 377, 249, 274, 1459, 242, 249, 574","572, 620, 658, 711, 636, 583, 552, 560, 676, 627, 620, 610, 608"
75,food delivery app development services,us,6,700,4.00,,food delivery app development,2026-01-07 22:24:04,"AI Overview,Thumbnail,Sitelinks,People also ask,Top stories,Local pack,Video preview",1300,2800,3400,2020-01-11,"Informational,Commercial,Non-branded,Non-local",English,"70, 151, 98, 144, 308, 313, 469, 272, 241, 229, 369, 365, 579, 464, 690, 705, 1512, 1028, 855, 945, 770, 450, 444, 482","539, 515, 537, 548, 635, 643, 702, 638, 652, 637, 625, 598, 651"
76,automotive software development services,us,4,700,4.50,,automotive software development services,2026-01-18 04:15:52,"Sitelinks,Local teaser pack,Video preview",1300,1000,1100,2020-01-29,"Informational,Commercial,Non-branded,Non-local",English,"140, 119, 122, 188, 174, 229, 1608, 224, 217, 331, 242, 444, 608, 705, 875, 885, 647, 455, 465, 408, 2230, 372, 248, 978","1019, 1058, 1107, 1158, 1195, 1231, 1392, 1300, 1494, 1404, 1469, 1571, 1612"
77,custom chatbot development services,us,3,700,10.00,,custom chatbot development services,2026-01-18 14:48:26,Sitelinks,1000,1600,1800,2020-01-19,"Informational,Commercial,Non-branded,Non-local",English,"62, 58, 120, 185, 151, 117, 184, 183, 160, 176, 202, 263, 315, 245, 568, 1042, 740, 360, 314, 262, 2884, 346, 402, 865","924, 977, 1069, 1175, 1205, 1246, 1267, 1316, 1599, 1437, 1514, 1574, 1634"
78,medical device software development,us,8,700,11.00,,medical device software development services,2026-01-08 21:31:09,"AI Overview,Thumbnail,People also ask,Sitelinks,Video preview",1400,400,400,2016-10-09,"Informational,Non-branded,Non-local",English,"197, 193, 205, 978, 1522, 329, 1518, 1240, 209, 320, 308, 365, 439, 894, 764, 924, 830, 397, 455, 555, 1757, 378, 364, 547","634, 735, 632, 1024, 1275, 691, 1042, 789, 928, 626, 699, 601, 693"
79,pwa development services,us,2,600,9.00,,progressive web app development services,2026-01-02 16:42:43,"AI Overview,Thumbnail,Sitelinks,Video preview",1100,1200,1700,2020-01-08,"Informational,Commercial,Non-branded,Non-local",English,"123, 119, 74, 91, 106, 65, 69, 84, 222, 292, 347, 215, 337, 402, 628, 517, 381, 383, 195, 305, 1680, 834, 600, 674","752, 774, 817, 715, 799, 806, 684, 685, 1439, 1128, 1051, 923, 1020"
80,sharepoint development services,us,5,600,13.00,,sharepoint development services,2026-01-11 08:10:43,"AI Overview,Thumbnail,Sitelinks,People also ask",1500,300,450,2018-01-21,"Informational,Commercial,Branded,Non-local",English,"129, 226, 173, 267, 165, 221, 232, 230, 283, 291, 293, 351, 337, 579, 616, 726, 920, 1104, 453, 360, 629, 278, 262, 389","362, 391, 369, 392, 415, 431, 379, 370, 378, 366, 332, 378, 352"
81,webflow development services,us,3,600,5.00,,webflow development services,2026-01-09 13:56:21,"AI Overview,Thumbnail,Sitelinks,Video preview",1500,200,200,2020-12-24,"Informational,Commercial,Transactional,Branded,Non-local",English,"172, 83, 127, 216, 169, 80, 139, 236, 275, 326, 273, 257, 408, 467, 578, 567, 412, 505, 540, 393, 846, 724, 785, 624","705, 699, 740, 739, 663, 693, 735, 710, 950, 887, 804, 787, 868"
82,offshore software development center,us,6,600,1.00,,offshore development center,2026-01-18 23:34:33,"People also ask,Sitelinks,Local pack,Video preview",1400,800,2000,2020-01-07,"Informational,Non-branded,Non-local",English,"207, 198, 202, 149, 178, 151, 197, 313, 324, 833, 404, 342, 400, 557, 830, 688, 587, 333, 238, 228, 1842, 342, 497, 448","439, 459, 517, 510, 517, 455, 460, 477, 658, 621, 527, 541, 532"
83,custom software development for iot,us,8,600,6.00,,iot development services,2026-01-20 05:26:09,"Sitelinks,Video preview",900,4800,5300,2020-06-03,"Informational,Commercial,Non-branded,Non-local",English,"35, 50, 88, 44, 67, 65, 98, 93, 115, 100, 118, 135, 271, 668, 699, 839, 405, 270, 125, 245, 2109, 236, 180, 686","750, 803, 841, 889, 913, 973, 986, 994, 1188, 1062, 1125, 1171, 1236"
84,software development for automotive industry,us,1,600,6.00,,automotive software development services,2026-01-21 21:19:52,"Sitelinks,Video preview",900,1000,1100,2020-01-22,"Informational,Non-branded,Non-local",English,"59, 56, 50, 55, 62, 63, 52, 116, 130, 170, 190, 264, 262, 599, 755, 759, 639, 428, 115, 148, 2337, 293, 177, 787","835, 896, 935, 973, 1024, 1072, 1112, 1123, 1342, 1203, 1285, 1350, 1399"
85,java software development company,us,9,600,4.00,,java development services,2026-01-01 09:07:43,"AI Overview,Thumbnail,Sitelinks,People also ask,Video preview",1300,1700,2200,2019-09-11,"Informational,Commercial,Non-branded,Non-local",English,"117, 103, 124, 152, 180, 143, 182, 143, 242, 265, 219, 257, 349, 397, 620, 621, 763, 504, 962, 500, 1148, 341, 300, 633","648, 650, 612, 643, 704, 590, 643, 591, 680, 660, 631, 648, 663"
86,asp.net development services,us,3,600,1.80,,asp.net core,2025-12-30 09:41:22,"AI Overview,Thumbnail,People also ask,Sitelinks",1200,4600,21000,2020-01-07,"Informational,Commercial,Branded,Non-local",English,"126, 149, 149, 194, 234, 200, 176, 206, 216, 353, 413, 673, 780, 761, 957, 944, 700, 360, 310, 305, 1418, 242, 258, 563","550, 511, 595, 554, 508, 436, 403, 425, 640, 561, 510, 551, 538"
87,supply chain software development,us,8,600,5.00,,software supply chain,2026-01-21 07:43:43,"AI Overview,Thumbnail,Sitelinks,People also ask,Video preview",900,1100,1400,2016-01-31,"Informational,Non-branded,Non-local",English,"110, 104, 101, 160, 168, 157, 118, 151, 185, 190, 189, 259, 364, 697, 1083, 897, 411, 194, 187, 201, 1836, 270, 210, 474","616, 691, 781, 679, 629, 523, 488, 654, 1048, 630, 944, 591, 758"
88,full stack development services,us,2,600,1.20,,full stack development services,2026-01-17 20:41:58,"AI Overview,Thumbnail,People also ask,Sitelinks,Video preview",1600,500,700,2018-06-18,"Informational,Commercial,Non-branded,Non-local",English,"238, 174, 313, 253, 302, 258, 225, 652, 316, 559, 393, 400, 477, 552, 987, 588, 591, 440, 493, 453, 1113, 342, 376, 485","489, 485, 564, 507, 508, 549, 529, 642, 602, 531, 492, 485, 489"
89,telecom software development,us,6,600,5.00,,telecom software development,2026-01-21 18:29:11,"AI Overview,Thumbnail,Sitelinks,People also ask,Video preview",1400,900,1000,2016-07-20,"Informational,Non-branded,Non-local",English,"65, 77, 81, 70, 110, 90, 141, 150, 184, 229, 225, 225, 395, 463, 892, 632, 394, 217, 202, 218, 1562, 1049, 223, 771","871, 786, 984, 783, 793, 732, 713, 817, 1555, 1039, 974, 1006, 1130"
90,e commerce software development services,us,6,600,6.00,,ecommerce software development,2026-01-19 11:59:32,"AI Overview,Thumbnail,Sitelinks,Video preview",800,1900,2200,2020-05-25,"Informational,Commercial,Non-branded,Non-local",English,"58, 93, 137, 107, 135, 89, 93, 109, 140, 165, 184, 249, 329, 548, 683, 830, 713, 416, 222, 269, 1533, 242, 176, 666","684, 720, 748, 786, 783, 797, 789, 809, 946, 849, 901, 931, 948"
91,ehr software development company,us,6,600,6.00,,ehr software development,2026-01-18 10:34:34,"AI Overview,Thumbnail,Sitelinks,People also ask",1100,1300,1300,2020-01-09,"Informational,Commercial,Non-branded,Non-local",English,"48, 46, 44, 44, 84, 44, 64, 102, 80, 272, 329, 564, 444, 511, 790, 962, 682, 340, 498, 505, 1508, 295, 286, 792","791, 840, 890, 933, 928, 927, 944, 971, 1082, 1039, 1060, 1113, 1112"
92,dedicated software development,us,6,600,20.00,,hire dedicated development team,2025-12-30 17:31:41,"Sitelinks,Top stories,Thumbnail,Video preview",1200,5600,6500,2018-03-14,"Informational,Non-branded,Non-local",English,"174, 133, 199, 245, 194, 186, 184, 140, 175, 240, 186, 301, 372, 614, 787, 1171, 567, 274, 244, 242, 1780, 286, 206, 657","638, 680, 694, 751, 709, 692, 726, 681, 832, 738, 746, 782, 762"
93,software development for healthcare,us,9,600,30.00,,healthcare software development,2026-01-18 06:01:16,"AI Overview,Thumbnail,Sitelinks,People also ask,Bottom ads,Video preview",1000,1700,2200,2019-08-29,"Informational,Non-branded,Non-local",English,"123, 55, 76, 100, 87, 84, 84, 85, 152, 173, 202, 249, 267, 386, 626, 754, 548, 419, 365, 406, 1638, 434, 249, 579","626, 644, 664, 701, 600, 541, 513, 473, 875, 683, 598, 580, 626"
94,ecommerce software development services,us,6,600,6.00,,retail software development services,2026-01-17 11:10:50,"AI Overview,Thumbnail,Video preview,Sitelinks,People also ask,Bottom ads",1000,2500,2600,2020-01-12,"Informational,Commercial,Non-branded,Non-local",English,"72, 110, 154, 122, 150, 98, 102, 121, 162, 208, 231, 300, 365, 593, 765, 926, 780, 456, 284, 363, 1720, 301, 210, 793","838, 875, 923, 962, 962, 975, 995, 1018, 1177, 1078, 1138, 1179, 1224"
95,software development for financial services,us,6,600,10.00,,financial software development company,2025-12-30 17:31:25,"Sitelinks,Top stories,Thumbnail,Video preview",1100,4200,5200,2020-06-16,"Informational,Non-branded,Non-local",English,"87, 83, 119, 143, 121, 113, 117, 118, 190, 238, 266, 339, 414, 633, 859, 875, 625, 275, 267, 292, 1940, 347, 270, 488","470, 438, 430, 422, 373, 393, 335, 291, 762, 745, 583, 492, 474"
96,telemedicine software development,us,6,600,2.00,,telemedicine software development company,2026-01-01 00:14:59,"Sitelinks,Video preview",1300,1900,2200,2019-12-06,"Informational,Commercial,Non-branded,Non-local",English,"166, 81, 152, 113, 77, 139, 116, 75, 111, 126, 245, 227, 504, 488, 754, 919, 801, 796, 308, 402, 1172, 457, 546, 523","418, 423, 493, 426, 316, 280, 229, 203, 221, 186, 227, 177, 174"
97,custom manufacturing software development,us,0,600,1.00,,custom manufacturing software,2025-12-30 04:24:08,"Local pack,Sitelinks,Video preview",1000,1000,1100,2018-10-16,"Informational,Commercial,Non-branded,Non-local",English,"37, 40, 39, 38, 51, 38, 67, 64, 159, 149, 125, 182, 220, 766, 963, 968, 451, 211, 174, 232, 2445, 309, 167, 808","843, 955, 1014, 1058, 1066, 1104, 1159, 1186, 1409, 1248, 1326, 1380, 1414"
98,retail software development company,us,4,600,14.00,,retail software development services,2025-12-25 20:32:24,"People also ask,Sitelinks",1000,2300,2500,2020-01-10,"Informational,Commercial,Non-branded,Non-local",English,"59, 51, 62, 71, 95, 176, 93, 139, 120, 152, 198, 245, 350, 584, 743, 739, 626, 223, 319, 343, 2014, 418, 413, 698","786, 784, 725, 690, 653, 736, 545, 636, 1373, 995, 1006, 907, 1015"
99,custom software product development,us,6,600,19.00,,custom software product development,2026-01-02 14:05:33,"AI Overview,Thumbnail,Video preview,Sitelinks",1300,250,400,2020-01-09,"Informational,Non-branded,Non-local",English,"130, 151, 122, 121, 148, 196, 142, 119, 182, 262, 355, 501, 604, 479, 1658, 763, 797, 460, 307, 372, 666, 138, 172, 359","383, 359, 468, 377, 383, 368, 349, 354, 361, 350, 361, 369, 391"
100,magento ecommerce development services,us,7,600,13.00,,magento development services,2026-01-18 09:25:25,"AI Overview,Thumbnail,People also ask,Sitelinks",1600,5800,8200,2018-04-24,"Informational,Commercial,Branded,Non-local",English,"153, 177, 211, 243, 161, 232, 229, 207, 149, 332, 260, 248, 364, 478, 774, 637, 1101, 938, 510, 487, 842, 321, 275, 388","388, 401, 458, 475, 0, 140, 539, 558, 137, 1071, 398, 391, 385"
101,custom ecommerce development services,us,13,600,15.00,,custom ecommerce development company,2025-12-31 09:13:50,"AI Overview,Thumbnail,Sitelinks,People also ask,Video preview",1300,2600,2700,2020-01-09,"Informational,Commercial,Non-branded,Non-local",English,"109, 135, 168, 159, 193, 239, 199, 196, 162, 357, 298, 302, 548, 631, 657, 790, 1168, 804, 264, 372, 1244, 204, 172, 669","690, 629, 615, 964, 807, 762, 668, 616, 804, 747, 648, 845, 868"
102,custom python development services,us,1,600,18.00,,python development services,2026-01-18 05:17:18,"AI Overview,Thumbnail,Sitelinks,Bottom ads",800,800,900,2020-01-07,"Informational,Commercial,Non-branded,Non-local",English,"45, 42, 64, 67, 65, 139, 140, 66, 95, 158, 164, 247, 474, 816, 846, 851, 711, 270, 282, 377, 1097, 281, 259, 482","462, 501, 482, 472, 437, 405, 401, 384, 419, 352, 358, 361, 370"
103,metaverse development services,us,6,600,6.00,,metaverse development services,2026-01-18 16:00:09,"People also ask,Video preview",1400,600,900,2021-12-16,"Informational,Commercial,Non-branded,Non-local",English,"140, 142, 137, 131, 261, 1181, 663, 309, 284, 264, 263, 364, 383, 634, 682, 814, 840, 497, 322, 490, 1263, 436, 230, 593","558, 559, 544, 534, 516, 624, 534, 487, 490, 429, 413, 429, 414"
104,fintech mobile app development services,us,5,600,19.00,,fintech mobile app development services,2025-12-30 17:50:41,"AI Overview,Thumbnail,People also ask,Sitelinks,Video preview",900,2900,3800,2020-01-12,"Informational,Commercial,Non-branded,Non-local",English,"51, 47, 48, 82, 88, 81, 80, 208, 162, 200, 274, 330, 415, 828, 853, 861, 582, 277, 242, 205, 1920, 333, 241, 800","853, 903, 939, 942, 974, 976, 989, 1077, 1210, 1106, 1168, 1223, 1275"
105,custom software development chicago,us,9,600,14.00,,custom software development chicago,2026-01-11 12:29:54,"Local pack,Sitelinks",900,400,450,2016-12-17,"Informational,Commercial,Non-branded,Local",English,"173, 96, 169, 473, 381, 257, 260, 314, 267, 239, 208, 222, 297, 592, 745, 635, 388, 219, 199, 324, 2424, 350, 281, 381","392, 473, 482, 565, 488, 464, 459, 422, 1196, 403, 472, 424, 437"
106,software development degree,us,10,600,4.50,0.67,wgu software engineering,2025-12-30 17:05:17,"AI Overview,Thumbnail,Video preview,Sitelinks,People also ask,Top stories",1200,7300,7700,2015-09-11,"Informational,Non-branded,Non-local",English,"700, 684, 618, 704, 708, 524, 1058, 894, 694, 651, 638, 657, 669, 552, 918, 741, 587, 570, 955, 605, 521, 456, 395, 547","595, 571, 613, 600, 638, 557, 648, 606, 559, 562, 524, 529, 576"
107,software development services for startups,us,8,600,14.00,,software development for startups,2026-01-19 01:56:07,"Sitelinks,AI Overview,Thumbnail",1200,1000,1200,2020-01-07,"Informational,Commercial,Non-branded,Non-local",English,"193, 154, 150, 146, 261, 303, 208, 209, 243, 327, 256, 243, 327, 575, 860, 1020, 1044, 265, 264, 284, 1065, 236, 217, 493","506, 490, 572, 534, 514, 460, 438, 453, 481, 429, 454, 447, 465"
108,cross platform development services,us,4,600,19.00,,cross platform app development services,2025-12-29 20:50:57,"Featured snippet,People also ask,Top stories,Thumbnail",1100,400,450,2020-03-11,"Informational,Commercial,Non-branded,Non-local",English,"39, 76, 58, 126, 102, 98, 74, 99, 119, 168, 196, 190, 250, 535, 852, 857, 514, 224, 203, 265, 1835, 295, 382, 705","756, 801, 867, 904, 900, 946, 948, 1009, 1158, 1067, 1117, 1163, 1214"
109,odoo erp development services,us,4,600,9.00,,odoo,2026-01-18 23:18:55,"AI Overview,Thumbnail,Sitelinks,Video preview",900,34000,273000,2020-06-02,"Informational,Commercial,Branded,Non-local",English,"60, 34, 65, 51, 35, 41, 45, 38, 64, 48, 70, 93, 109, 272, 289, 427, 446, 561, 460, 519, 1524, 661, 764, 871","896, 935, 955, 989, 1022, 1049, 1078, 1104, 1201, 1142, 1185, 1201, 1226"
110,dot net development services,us,10,600,11.00,,net,2026-01-19 13:32:01,"AI Overview,Thumbnail,Sitelinks,People also ask,Video preview",1200,14000,50000,2020-01-08,"Informational,Commercial,Branded,Non-local",English,"68, 95, 104, 147, 123, 149, 122, 128, 181, 199, 223, 358, 402, 637, 791, 788, 583, 365, 309, 315, 1746, 305, 213, 526","527, 541, 579, 557, 516, 504, 420, 485, 864, 719, 552, 548, 549"
111,supply chain software development services,us,2,600,25.00,,supply chain software development services,2026-01-06 12:00:46,"Sitelinks,AI Overview,Thumbnail,Video preview",900,350,350,2020-01-15,"Informational,Commercial,Non-branded,Non-local",English,"50, 49, 95, 45, 81, 120, 73, 118, 127, 209, 205, 432, 315, 636, 804, 657, 380, 202, 230, 173, 2203, 309, 209, 726","774, 806, 884, 922, 930, 1014, 1018, 1097, 1254, 1142, 1217, 1261, 1310"
112,energy software development,us,3,600,100.00,,energy software development,2026-01-18 01:28:24,"AI Overview,Thumbnail,People also ask,Video preview",800,600,600,2020-01-16,"Informational,Non-branded,Non-local",English,"53, 46, 48, 50, 46, 46, 46, 43, 72, 120, 120, 105, 165, 422, 791, 792, 444, 160, 149, 210, 2457, 238, 193, 679","740, 795, 877, 915, 953, 999, 1048, 1046, 1283, 1164, 1228, 1253, 1315"
113,erp development services,us,8,600,13.00,,erp software development services,2026-01-22 12:35:31,"AI Overview,Thumbnail,Sitelinks,People also ask,Video preview",1400,1000,1300,2019-01-30,"Informational,Commercial,Non-branded,Non-local",English,"90, 83, 107, 102, 103, 103, 44, 85, 236, 144, 163, 217, 285, 456, 577, 701, 874, 602, 440, 412, 1900, 321, 225, 837","868, 922, 950, 1015, 1055, 1049, 1073, 1125, 1280, 1192, 1254, 1273, 1304"
114,custom software development for logistics,us,6,600,7.00,,logistics software development company,2026-01-09 14:56:10,"AI Overview,Thumbnail,Sitelinks,Video preview",1000,3700,4200,2020-01-09,"Informational,Commercial,Non-branded,Non-local",English,"57, 59, 54, 73, 75, 70, 52, 71, 130, 171, 188, 233, 342, 696, 1071, 875, 617, 280, 207, 375, 1972, 256, 211, 802","847, 914, 983, 998, 991, 1024, 1028, 1083, 1255, 1135, 1204, 1245, 1289"
115,custom real estate software development,us,5,500,9.00,,real estate software development services,2026-01-20 04:14:09,"Sitelinks,Video preview",800,1800,2000,2020-08-20,"Informational,Commercial,Non-branded,Non-local",English,"77, 59, 64, 78, 80, 106, 84, 127, 147, 167, 145, 167, 274, 476, 743, 748, 637, 254, 181, 237, 1702, 214, 210, 658","683, 706, 785, 813, 819, 829, 840, 915, 1030, 927, 999, 1028, 1053"
116,dapp development services,us,8,500,25.00,,dapp development company,2026-01-10 08:11:48,"AI Overview,Thumbnail,Video preview",1400,700,1000,2020-01-12,"Informational,Commercial,Non-branded,Non-local",English,"104, 65, 102, 105, 137, 103, 145, 175, 242, 215, 305, 231, 297, 384, 603, 724, 1516, 515, 288, 295, 616, 179, 302, 329","270, 269, 308, 334, 358, 359, 310, 286, 261, 253, 258, 223, 190"
117,automotive software development company,us,5,500,10.00,,automotive software development services,2026-01-22 00:40:12,"Sitelinks,People also ask,Video preview",800,1000,1100,2020-01-10,"Informational,Non-branded,Non-local",English,"153, 142, 261, 138, 143, 164, 368, 135, 179, 233, 186, 315, 381, 216, 399, 341, 520, 301, 410, 573, 1327, 308, 292, 629","652, 665, 714, 724, 767, 764, 819, 838, 934, 868, 915, 970, 992"
118,health insurance software development,us,0,500,7.00,,insurance software development,2026-01-22 07:17:34,"Sitelinks,Video preview",1000,2100,2400,2020-01-09,"Informational,Non-branded,Non-local",English,"47, 66, 71, 110, 107, 141, 87, 107, 141, 251, 341, 412, 430, 592, 745, 756, 774, 136, 267, 243, 1150, 205, 196, 559","577, 596, 618, 623, 635, 639, 650, 623, 712, 655, 710, 723, 741"
119,custom insurance software,us,1,500,1.70,,insurance software development,2026-01-18 06:21:28,"AI Overview,Thumbnail,People also ask,Sitelinks",900,2300,2500,2020-02-05,"Informational,Commercial,Non-branded,Non-local",English,"86, 58, 57, 102, 81, 55, 59, 59, 239, 146, 166, 194, 190, 552, 854, 715, 409, 158, 146, 176, 1923, 205, 171, 622","667, 737, 800, 820, 844, 860, 887, 961, 1120, 986, 1064, 1085, 1131"
120,laravel application development services,us,9,500,1.20,,laravel development services,2025-12-29 22:09:15,"AI Overview,Thumbnail,Video preview,Sitelinks,Bottom ads",900,1800,2400,2020-01-07,"Informational,Commercial,Branded,Non-local",English,"86, 69, 79, 42, 43, 88, 123, 187, 200, 363, 262, 383, 525, 618, 625, 626, 1117, 641, 187, 292, 790, 189, 109, 342","336, 358, 342, 304, 305, 333, 248, 238, 231, 262, 215, 214, 247"
121,cloud software development services,us,8,500,12.00,,cloud,2026-01-04 22:35:05,"AI Overview,Thumbnail,Video preview,Sitelinks",800,77000,211000,2020-01-09,"Informational,Non-branded,Non-local",English,"30, 28, 26, 46, 66, 26, 26, 45, 70, 107, 99, 103, 259, 557, 703, 698, 417, 146, 161, 210, 1909, 343, 181, 637","708, 750, 806, 832, 868, 915, 938, 949, 1111, 1008, 1071, 1090, 1162"
122,software development project management,us,9,500,5.00,1.16,software development project management,2026-01-10 18:51:42,"AI Overview,Thumbnail,Sitelinks,Top stories,People also ask,Video preview",1100,1100,1400,2015-09-15,"Informational,Non-branded,Non-local",English,"322, 263, 255, 219, 263, 262, 217, 258, 446, 349, 244, 244, 386, 442, 515, 784, 534, 665, 700, 449, 823, 336, 257, 502","536, 506, 519, 588, 488, 556, 524, 597, 578, 513, 472, 503, 536"
123,web portal development services,us,2,500,1.50,,web portal development services,2026-01-17 07:20:41,"AI Overview,Thumbnail,Sitelinks,People also ask,Video preview",1000,600,600,2020-01-07,"Informational,Commercial,Non-branded,Non-local",English,"84, 115, 118, 84, 144, 165, 85, 138, 110, 211, 207, 290, 236, 260, 328, 487, 737, 735, 363, 488, 936, 294, 573, 597","605, 621, 625, 650, 663, 689, 671, 711, 750, 742, 755, 784, 792"
124,python app development services,us,5,500,50.00,,python development services,2025-12-21 18:24:11,"AI Overview,Thumbnail,Sitelinks,People also ask,Bottom ads,Paid sitelinks",1000,2400,2700,2020-01-10,"Informational,Commercial,Non-branded,Non-local",English,"55, 49, 50, 62, 86, 65, 90, 92, 148, 147, 192, 210, 293, 583, 758, 905, 770, 258, 228, 248, 917, 234, 162, 382","348, 380, 378, 384, 344, 296, 294, 286, 323, 258, 265, 255, 254"
125,financial software development companies,us,8,500,9.00,,financial software development company,2026-01-08 05:11:41,"Sitelinks,People also ask,Thumbnail",700,4200,5200,2017-12-12,"Informational,Commercial,Non-branded,Non-local",English,"202, 114, 114, 110, 112, 112, 139, 139, 127, 177, 231, 231, 315, 406, 538, 665, 694, 592, 322, 290, 1258, 212, 173, 608","631, 658, 678, 710, 736, 743, 738, 774, 844, 772, 838, 846, 869"
126,manufacturing software development services,us,0,500,6.00,,custom manufacturing software,2026-01-14 03:23:31,"AI Overview,Thumbnail,Sitelinks,Local pack,Video preview",900,1100,1200,2020-10-11,"Informational,Commercial,Non-branded,Non-local",English,"20, 19, 21, 20, 20, 19, 93, 165, 122, 100, 128, 156, 171, 590, 627, 755, 530, 183, 199, 218, 1692, 209, 184, 635","663, 734, 776, 804, 815, 831, 891, 917, 1047, 944, 1004, 1050, 1078"
127,odoo development services,us,5,500,8.00,,odoo development services,2026-01-12 07:27:23,"Sitelinks,Bottom ads,Paid sitelinks",1300,600,1300,2020-01-11,"Informational,Commercial,Branded,Non-local",English,"135, 102, 79, 60, 47, 42, 42, 257, 172, 267, 232, 279, 470, 385, 393, 480, 602, 348, 457, 521, 1055, 330, 282, 605","630, 697, 650, 677, 710, 695, 713, 759, 809, 782, 808, 821, 846"
128,custom elearning development services,us,5,500,15.00,,custom elearning development services,2026-01-18 15:31:34,"Sitelinks,Video preview",900,2100,2200,2020-01-13,"Informational,Commercial,Non-branded,Non-local",English,"242, 150, 99, 128, 195, 143, 201, 128, 87, 121, 173, 226, 266, 456, 566, 571, 587, 326, 390, 205, 1871, 344, 284, 684","742, 782, 822, 862, 896, 928, 949, 945, 1122, 1016, 1068, 1108, 1166"
129,swift app development services,us,1,500,7.00,,swift app development services,2026-01-18 20:52:48,"AI Overview,Thumbnail,People also ask,Video preview",800,600,700,2020-01-10,"Informational,Commercial,Non-branded,Non-local",English,"69, 80, 107, 163, 162, 162, 367, 212, 270, 340, 251, 288, 322, 535, 659, 658, 552, 231, 233, 232, 1495, 303, 179, 629","671, 702, 755, 762, 774, 753, 794, 804, 944, 883, 902, 938, 980"
130,telecom software development services,us,9,500,6.00,,telecom software development,2026-01-19 03:50:35,"AI Overview,Thumbnail,Sitelinks,Video preview",1100,900,900,2020-01-09,"Informational,Non-branded,Non-local",English,"71, 88, 64, 84, 105, 86, 87, 69, 143, 150, 154, 203, 370, 537, 708, 699, 414, 218, 229, 271, 1522, 214, 148, 608","650, 686, 735, 758, 749, 790, 772, 815, 938, 834, 901, 926, 969"
131,custom software development new york,us,5,500,9.00,,custom software development new york,2025-12-31 04:57:35,"Local pack,Sitelinks",800,100,150,2020-01-12,"Informational,Commercial,Non-branded,Local",English,"218, 142, 172, 117, 145, 133, 134, 108, 150, 226, 165, 185, 275, 650, 823, 563, 479, 192, 369, 291, 1260, 187, 269, 471","474, 618, 599, 484, 562, 557, 453, 445, 805, 606, 582, 586, 589"
132,crm system development services,us,5,500,11.00,,crm software development company,2025-12-24 01:59:08,"AI Overview,Thumbnail,Video preview,Sitelinks",600,1100,1300,2020-01-07,"Informational,Commercial,Non-branded,Non-local",English,"27, 36, 37, 35, 53, 63, 64, 81, 85, 75, 118, 135, 203, 408, 419, 502, 422, 965, 359, 325, 1160, 201, 176, 611","635, 667, 668, 691, 717, 752, 766, 788, 859, 800, 849, 873, 898"
133,custom mvp software development,us,0,500,11.00,,mvp software design,2025-12-30 13:19:47,"AI Overview,Thumbnail,Sitelinks,Video preview",1200,0,0,2020-11-07,"Informational,Commercial,Non-branded,Non-local",English,"66, 64, 69, 151, 99, 64, 63, 34, 154, 207, 200, 296, 375, 750, 798, 656, 464, 208, 212, 208, 1427, 242, 183, 632","658, 722, 750, 750, 772, 755, 794, 811, 942, 862, 921, 950, 976"
134,custom crm software development company,us,5,500,7.00,,custom crm solutions,2026-01-08 12:59:31,"Sitelinks,Video preview",900,600,700,2020-03-01,"Informational,Commercial,Non-branded,Non-local",English,"49, 60, 43, 59, 42, 60, 61, 77, 109, 164, 206, 221, 345, 482, 609, 750, 916, 550, 293, 520, 841, 221, 218, 348","287, 331, 310, 330, 287, 263, 225, 216, 219, 185, 167, 155, 167"
135,minimum viable product development services,us,7,500,16.00,,mvp development services,2026-01-20 06:05:04,"AI Overview,Thumbnail,People also ask,Sitelinks,Video preview",1100,600,600,2020-01-10,"Informational,Commercial,Non-branded,Non-local",English,"96, 89, 119, 98, 95, 115, 115, 88, 98, 168, 190, 249, 271, 538, 841, 705, 413, 349, 469, 229, 1534, 233, 199, 705","713, 754, 804, 822, 832, 873, 898, 882, 1023, 947, 1044, 1070, 1078"
136,white label web development services,us,3,500,5.00,,white label web development services,2025-12-23 22:16:16,"Sitelinks,Top stories,Thumbnail,Video preview",1100,800,900,2015-11-05,"Informational,Commercial,Non-branded,Non-local",English,"120, 112, 176, 131, 137, 126, 133, 171, 205, 216, 164, 176, 288, 598, 751, 906, 365, 270, 231, 229, 824, 609, 587, 551","505, 540, 527, 520, 456, 433, 387, 379, 358, 330, 300, 292, 291"
137,top custom software development companies,us,5,500,11.00,,software development companies,2026-01-13 17:44:50,"AI Overview,Thumbnail,Sitelinks,Discussions,People also ask,Video preview",1000,2400,2400,2019-05-01,"Informational,Commercial,Non-branded,Non-local",English,"310, 246, 259, 174, 257, 210, 243, 205, 223, 197, 177, 214, 379, 433, 580, 678, 417, 269, 275, 653, 1267, 320, 359, 493","360, 313, 351, 345, 357, 219, 257, 304, 320, 230, 292, 326, 331"
138,custom erp software development,us,5,500,7.00,,custom erp solutions,2026-01-22 08:29:59,"Sitelinks,Bottom ads,Paid sitelinks,Video preview",1300,1300,1500,2016-10-10,"Informational,Non-branded,Non-local",English,"114, 216, 180, 108, 131, 175, 112, 762, 503, 187, 202, 175, 374, 494, 635, 770, 690, 421, 324, 344, 1411, 273, 244, 565","590, 734, 713, 742, 797, 776, 697, 1381, 1111, 948, 1072, 854, 880"
139,telemedicine software development services,us,10,500,25.00,,telemedicine software development company,2026-01-03 11:53:58,"Sitelinks,Bottom ads,Video preview",800,2100,2300,2020-05-12,"Informational,Commercial,Non-branded,Non-local",English,"314, 24, 39, 64, 52, 63, 39, 40, 70, 97, 109, 144, 224, 305, 485, 593, 508, 353, 533, 569, 1167, 560, 468, 734","739, 719, 710, 715, 738, 725, 727, 716, 771, 728, 736, 761, 761"
140,vue js development services,us,3,500,7.00,,vue js development services,2026-01-18 22:03:39,"AI Overview,Thumbnail,Sitelinks,People also ask",1200,1300,1500,2020-01-07,"Informational,Commercial,Branded,Non-local",English,"101, 81, 95, 140, 165, 153, 140, 242, 315, 324, 233, 276, 378, 650, 815, 805, 836, 400, 192, 267, 1225, 245, 209, 509","537, 554, 566, 577, 572, 478, 403, 502, 754, 583, 580, 618, 651"
141,healthcare software product development,us,2,500,25.00,,healthcare software product development,2025-12-26 05:46:28,"Sitelinks,People also ask,Video preview",800,150,150,2020-01-06,"Informational,Non-branded,Non-local",English,"64, 60, 102, 97, 92, 106, 91, 110, 205, 187, 193, 261, 356, 507, 648, 652, 804, 398, 333, 486, 729, 255, 164, 397","384, 395, 415, 399, 392, 361, 353, 398, 375, 337, 346, 341, 339"
142,.net application development services,us,8,450,19.00,,dotnet,2025-12-28 22:04:55,"AI Overview,Thumbnail,Sitelinks,People also ask,Video preview",800,8100,55000,2020-01-08,"Informational,Commercial,Branded,Non-local",English,"45, 70, 86, 69, 106, 113, 121, 97, 134, 173, 199, 187, 307, 438, 538, 549, 466, 325, 235, 356, 1228, 210, 157, 421","449, 497, 471, 489, 601, 533, 474, 440, 717, 492, 490, 501, 533"
143,custom software design,us,5,450,11.00,,custom software design,2025-12-27 13:20:44,"AI Overview,Thumbnail,Local pack,Discussions,Sitelinks,People also ask,Video preview",1400,700,3000,2016-02-19,"Informational,Non-branded,Non-local",English,"290, 191, 199, 219, 186, 182, 186, 154, 203, 299, 258, 349, 454, 370, 685, 564, 479, 580, 305, 277, 452, 161, 636, 323","347, 340, 415, 387, 342, 333, 321, 357, 309, 298, 442, 323, 347"
144,software development company new york,us,8,450,5.00,,new york software development company,2025-12-25 09:11:49,"Local pack,Sitelinks",700,1600,1800,2018-03-28,"Informational,Commercial,Non-branded,Local",English,"152, 107, 178, 197, 136, 181, 90, 155, 191, 240, 178, 191, 234, 331, 386, 402, 508, 186, 246, 261, 1615, 372, 385, 377","400, 413, 511, 420, 443, 450, 417, 523, 1009, 482, 485, 483, 507"
145,transportation software development company,us,10,450,18.00,,transportation software development,2025-12-29 01:27:04,"Sitelinks,Video preview",800,500,500,2020-01-07,"Informational,Commercial,Non-branded,Non-local",English,"93, 92, 110, 126, 259, 120, 121, 176, 240, 302, 259, 315, 418, 480, 751, 744, 522, 155, 183, 271, 1137, 192, 190, 521","568, 550, 613, 627, 627, 606, 591, 615, 712, 660, 687, 703, 750"
146,software development for automotive,us,1,450,3.00,,automotive software development,2026-01-17 02:22:25,"AI Overview,Thumbnail,Sitelinks,Video preview",800,700,900,2020-01-06,"Informational,Non-branded,Non-local",English,"106, 129, 114, 158, 213, 158, 113, 119, 158, 238, 227, 291, 413, 318, 489, 489, 575, 348, 188, 220, 1384, 285, 242, 501","518, 504, 531, 519, 543, 521, 500, 519, 901, 603, 652, 642, 660"
147,fixed price software development,us,0,450,4.00,,fixed price software development,2025-12-30 20:16:57,"AI Overview,Thumbnail,Sitelinks,People also ask,Top stories,Video preview",800,80,80,2020-01-12,"Informational,Non-branded,Non-local",English,"49, 49, 56, 41, 54, 42, 41, 56, 101, 116, 120, 103, 173, 624, 772, 772, 351, 63, 97, 99, 1411, 202, 114, 516","553, 619, 663, 675, 666, 669, 680, 718, 857, 766, 815, 835, 872"
148,vuejs development services,us,3,450,7.00,,vue js development services,2026-01-17 13:55:40,"AI Overview,Thumbnail,People also ask",900,1300,1500,2020-01-08,"Informational,Commercial,Branded,Non-local",English,"104, 86, 95, 135, 156, 154, 127, 217, 269, 274, 199, 226, 324, 550, 676, 679, 709, 341, 208, 255, 1045, 178, 147, 455","486, 498, 526, 540, 520, 429, 374, 464, 629, 525, 513, 554, 590"
149,salesforce application development services,us,6,450,11.00,,salesforce platform,2025-12-27 07:30:23,"AI Overview,Thumbnail,People also ask,Sitelinks,Bottom ads,Video preview",700,900,1200,2020-01-10,"Informational,Commercial,Branded,Non-local",English,"148, 89, 89, 120, 151, 116, 140, 139, 106, 184, 180, 253, 305, 405, 505, 595, 735, 350, 350, 318, 641, 186, 498, 318","328, 330, 340, 343, 361, 330, 334, 333, 352, 338, 304, 310, 322"
150,asp net development services,us,4,450,1.80,,asp.net core,2025-12-22 15:34:32,"AI Overview,Thumbnail,Video preview,People also ask,Top stories,Sitelinks,Bottom ads",900,4100,24000,2020-01-07,"Informational,Commercial,Branded,Non-local",English,"93, 102, 113, 150, 178, 153, 131, 153, 176, 256, 295, 495, 573, 565, 723, 708, 510, 279, 211, 219, 1045, 148, 150, 404","403, 369, 429, 399, 378, 326, 293, 313, 488, 401, 368, 406, 404"
151,custom cms development services,us,4,450,14.00,,custom cms development services,2026-01-20 06:26:20,People also ask,1000,600,600,2020-01-09,"Informational,Commercial,Non-branded,Non-local",English,"80, 124, 75, 98, 97, 147, 151, 306, 217, 337, 232, 235, 330, 396, 508, 617, 627, 440, 298, 260, 1097, 158, 135, 399","396, 462, 492, 486, 510, 513, 463, 540, 653, 528, 525, 487, 482"
152,mobile game development services,us,9,450,15.00,,mobile game development company,2026-01-18 09:39:09,"AI Overview,Thumbnail,Sitelinks,People also ask,Video preview",1100,1600,2000,2017-09-28,"Informational,Commercial,Non-branded,Non-local",English,"131, 168, 199, 223, 220, 253, 180, 215, 965, 969, 549, 322, 322, 542, 473, 384, 404, 347, 755, 281, 628, 347, 485, 356","345, 364, 350, 332, 325, 316, 304, 296, 381, 370, 313, 271, 270"
153,software development as a service,us,0,450,4.50,,software development as a service,2025-12-19 04:59:45,"AI Overview,Thumbnail,Top ads,Sitelinks,Top stories,People also ask,Bottom ads,Paid sitelinks,Video preview",1000,300,350,2016-12-31,"Informational,Non-branded,Non-local",English,"307, 169, 177, 269, 318, 182, 176, 231, 287, 402, 354, 350, 287, 400, 1108, 614, 455, 230, 203, 248, 736, 273, 200, 406","415, 405, 474, 426, 411, 388, 386, 405, 411, 405, 395, 408, 417"
154,custom edtech software,us,1,450,7.00,,edtech services,2025-12-29 21:55:17,"Sitelinks,Video preview",600,0,0,2021-07-03,"Informational,Commercial,Non-branded,Non-local",English,"22, 18, 20, 18, 18, 18, 18, 35, 58, 95, 91, 111, 201, 426, 439, 533, 661, 266, 186, 291, 1475, 192, 151, 594","617, 671, 700, 721, 743, 765, 798, 791, 936, 853, 901, 933, 956"
155,mvp development services in usa,us,1,450,8.00,,bespoke mvp development company,2026-01-18 14:48:46,"AI Overview,Thumbnail,Sitelinks,Top stories,Video preview",1000,1100,1200,2022-02-01,"Informational,Commercial,Non-branded,Non-local",English,"155, 109, 151, 111, 142, 140, 97, 203, 194, 168, 193, 207, 373, 654, 569, 567, 466, 243, 295, 212, 1268, 121, 144, 550","566, 639, 660, 676, 698, 716, 728, 758, 872, 815, 854, 894, 910"
156,healthcare development services,us,9,450,9.00,,healthcare development services,2026-01-13 11:03:59,"AI Overview,Thumbnail,Sitelinks,People also ask,Local pack,Video preview",1000,90,100,2020-01-09,"Informational,Commercial,Non-branded,Non-local",English,"94, 68, 74, 141, 117, 111, 89, 93, 125, 116, 166, 191, 270, 458, 713, 862, 592, 333, 161, 217, 1296, 223, 136, 427","422, 469, 505, 473, 419, 360, 304, 345, 604, 521, 427, 433, 428"
157,startup software development,us,3,450,12.00,,software development for startups,2026-01-16 09:22:04,"AI Overview,Thumbnail,Sitelinks,Video preview",1000,900,1000,2016-12-21,"Informational,Non-branded,Non-local",English,"126, 101, 144, 140, 164, 162, 166, 166, 186, 207, 209, 253, 325, 413, 673, 673, 685, 442, 236, 316, 845, 275, 220, 485","515, 615, 688, 658, 646, 611, 606, 661, 651, 587, 612, 641, 677"
158,transportation software development,us,9,450,6.00,,logistics software development services,2025-12-31 02:59:35,"Sitelinks,Video preview",800,4000,4500,2020-01-07,"Informational,Non-branded,Non-local",English,"81, 121, 102, 119, 122, 154, 158, 210, 186, 243, 204, 293, 481, 389, 607, 734, 513, 186, 162, 251, 1337, 175, 216, 566","598, 618, 647, 682, 684, 696, 683, 713, 823, 753, 788, 830, 862"
159,dating app development services,us,3,450,7.00,,dating app development services,2026-01-03 13:48:55,"AI Overview,Thumbnail,Discussions,Top stories,Local pack",700,350,350,2020-01-06,"Informational,Commercial,Non-branded,Non-local",English,"28, 24, 28, 34, 40, 68, 58, 73, 88, 119, 147, 152, 248, 283, 515, 526, 643, 649, 703, 498, 349, 397, 445, 390","398, 402, 421, 417, 422, 422, 424, 412, 414, 426, 421, 420, 428"
160,talent development software,us,8,450,11.00,,talent management platform,2026-01-20 23:11:36,"AI Overview,Thumbnail,Sitelinks,People also ask,Discussions,Video preview",900,1800,3800,2017-01-31,"Informational,Commercial,Non-branded,Non-local",English,"274, 127, 224, 128, 130, 220, 155, 157, 157, 109, 315, 119, 223, 131, 296, 360, 1179, 561, 320, 240, 847, 300, 359, 495","502, 487, 524, 524, 540, 573, 538, 556, 607, 555, 639, 596, 603"
161,sitecore development services,us,10,450,25.00,,sitecore development,2026-01-12 07:38:26,Sitelinks,900,150,150,2020-01-07,"Informational,Commercial,Branded,Non-local",English,"121, 130, 153, 264, 153, 220, 155, 186, 278, 292, 337, 287, 287, 493, 622, 615, 445, 449, 273, 280, 1145, 180, 176, 447","465, 468, 483, 560, 484, 473, 435, 459, 629, 468, 525, 501, 521"
162,agile software development company,us,1,450,1.50,,agile software development company,2025-12-26 04:15:47,"AI Overview,Thumbnail,People also ask,Sitelinks,Video preview",1200,50,80,2019-03-17,"Informational,Commercial,Non-branded,Non-local",English,"221, 212, 261, 361, 292, 350, 294, 361, 359, 306, 258, 323, 454, 530, 685, 691, 627, 519, 309, 308, 436, 214, 226, 244","278, 266, 289, 295, 296, 263, 244, 268, 258, 247, 237, 243, 278"
163,vue.js development services,us,3,450,7.00,,vue js development services,2026-01-10 03:05:35,"AI Overview,Thumbnail,People also ask,Sitelinks",700,1200,1400,2020-01-07,"Informational,Commercial,Branded,Non-local",English,"94, 74, 87, 123, 144, 136, 119, 214, 257, 264, 190, 210, 296, 521, 650, 645, 661, 309, 173, 207, 973, 175, 146, 415","448, 477, 497, 491, 498, 418, 357, 450, 603, 467, 486, 510, 548"
164,lending software development,us,3,450,3.00,,lending software development,2025-12-22 03:22:44,"AI Overview,Thumbnail,Video preview,Top ads,Paid sitelinks,People also ask,Bottom ads",700,70,70,2020-01-17,"Informational,Commercial,Non-branded,Non-local",English,"88, 38, 40, 95, 71, 64, 66, 66, 105, 112, 160, 161, 312, 380, 571, 468, 404, 276, 206, 351, 1319, 288, 205, 566","592, 610, 653, 667, 682, 689, 720, 722, 841, 778, 809, 833, 859"
165,logistic software development company,us,6,450,1.20,,logistics software development services,2025-12-24 18:04:08,Local pack,800,3500,4000,2020-01-13,"Informational,Commercial,Non-branded,Non-local",English,"125, 67, 81, 93, 165, 79, 134, 116, 154, 199, 180, 226, 322, 361, 463, 518, 395, 205, 296, 267, 1231, 315, 230, 497","645, 509, 559, 557, 549, 501, 498, 464, 839, 646, 628, 638, 824"
166,custom lms software development,us,3,450,5.00,,custom lms software development,2026-01-06 15:40:20,"Sitelinks,People also ask,Video preview",800,450,450,2021-03-01,"Informational,Non-branded,Non-local",English,"27, 25, 23, 26, 29, 28, 52, 52, 68, 106, 113, 207, 285, 609, 622, 625, 433, 254, 235, 244, 1171, 289, 310, 536","567, 611, 629, 638, 645, 652, 661, 652, 756, 687, 721, 734, 766"
167,software development in healthcare,us,9,400,9.00,,healthcare software development,2026-01-07 17:48:09,"Featured snippet,Thumbnail,People also ask,Top stories,Sitelinks,Video preview",900,900,1000,2015-10-14,"Informational,Non-branded,Non-local",English,"146, 90, 89, 96, 117, 89, 78, 73, 114, 177, 171, 211, 228, 244, 275, 390, 656, 772, 696, 251, 484, 213, 163, 301","252, 249, 274, 332, 150, 123, 106, 79, 79, 68, 72, 99, 116"
168,software development collaboration tools,us,4,400,4.00,,productivity and collaboration tools,2025-12-21 17:40:55,"Top ads,AI Overview,Thumbnail,People also ask,Sitelinks,Bottom ads,Paid sitelinks,Video preview",600,150,150,2016-01-08,"Informational,Non-branded,Non-local",English,"77, 93, 116, 95, 97, 74, 98, 101, 163, 220, 235, 212, 317, 370, 512, 495, 361, 186, 183, 214, 782, 608, 558, 504","544, 532, 567, 477, 437, 357, 424, 419, 678, 479, 472, 409, 496"
169,nearshore software development in mexico,us,3,400,90.00,,nearshore software development in mexico,2025-12-31 11:29:51,"Sitelinks,Video preview",600,50,60,2022-02-26,"Informational,Non-branded,Local",English,"145, 538, 201, 113, 328, 352, 243, 165, 183, 151, 175, 350, 505, 276, 211, 295, 316, 365, 502, 597, 664, 239, 199, 743","238, 272, 179, 195, 125, 100, 21, 8, 0, 135, 225, 475, 31"
170,small business website development services,us,6,400,9.00,,small business web design services,2025-12-28 01:14:24,"People also ask,AI Overview,Sitelinks,Top stories,Thumbnail,Video preview",500,3400,3400,2020-01-12,"Informational,Commercial,Transactional,Non-branded,Non-local",English,"83, 84, 145, 121, 98, 95, 61, 101, 96, 96, 123, 144, 254, 445, 531, 631, 391, 287, 205, 205, 773, 444, 123, 407","544, 497, 512, 455, 397, 490, 385, 404, 600, 472, 443, 414, 553"
171,golang development services,us,3,400,12.00,,golang development services,2026-01-20 11:28:18,"AI Overview,Thumbnail,Sitelinks,Top stories",700,400,450,2020-01-06,"Informational,Commercial,Branded,Non-local",English,"55, 31, 50, 53, 54, 72, 51, 50, 88, 122, 137, 170, 196, 421, 529, 534, 538, 456, 239, 298, 996, 222, 193, 390","718, 621, 598, 624, 572, 529, 487, 565, 700, 522, 507, 501, 917"
172,custom php development services,us,2,400,10.00,,custom php development services,2025-12-22 01:39:29,"Top ads,Paid sitelinks,Bottom ads",700,600,600,2020-01-08,"Informational,Commercial,Non-branded,Non-local",English,"65, 61, 89, 80, 59, 71, 53, 72, 104, 122, 187, 226, 624, 887, 611, 510, 431, 358, 166, 177, 782, 144, 157, 235","175, 240, 176, 152, 118, 108, 88, 80, 96, 80, 64, 47, 98"
173,software development company for startups,us,2,400,8.00,,software development for startups,2026-01-16 21:52:45,"Sitelinks,AI Overview,Thumbnail,Video preview",800,900,1000,2020-01-07,"Informational,Commercial,Non-branded,Non-local",English,"77, 87, 99, 140, 171, 164, 136, 168, 204, 239, 225, 506, 287, 479, 601, 604, 628, 318, 205, 266, 664, 226, 201, 401","381, 388, 400, 398, 408, 371, 358, 369, 389, 363, 377, 415, 393"
174,codeigniter development services,us,0,400,1.40,,codeigniter development company,2025-12-21 08:45:52,"AI Overview,Thumbnail,Sitelinks,People also ask",900,450,700,2020-01-07,"Informational,Commercial,Branded,Non-local",English,"59, 105, 133, 267, 320, 322, 226, 490, 423, 422, 491, 588, 717, 705, 588, 580, 497, 299, 201, 249, 267, 142, 114, 181","185, 189, 188, 198, 183, 171, 154, 188, 162, 152, 166, 170, 176"
175,agile software development services,us,6,400,8.00,,agile software development services,2026-01-03 09:57:36,"AI Overview,Thumbnail,People also ask,Video preview",1200,100,150,2020-01-06,"Informational,Commercial,Non-branded,Non-local",English,"176, 230, 289, 276, 270, 219, 279, 290, 301, 429, 250, 273, 358, 508, 530, 535, 475, 537, 250, 320, 671, 237, 178, 364","376, 392, 396, 401, 391, 385, 378, 386, 402, 388, 375, 365, 376"
176,b2b ecommerce development services,us,3,400,6.00,,b2b ecommerce development agency,2026-01-08 07:19:11,"Sitelinks,Video preview",800,200,200,2020-05-23,"Informational,Commercial,Non-branded,Non-local",English,"69, 67, 68, 91, 90, 63, 48, 106, 111, 122, 142, 127, 219, 568, 484, 595, 355, 187, 175, 163, 1348, 189, 174, 512","549, 586, 605, 649, 645, 647, 673, 691, 826, 754, 795, 829, 867"
177,oil and gas software development company,us,4,400,13.00,,oil and gas software development company,2025-12-25 09:02:38,"AI Overview,Thumbnail,Video preview,Sitelinks,Local pack",600,100,100,2020-10-30,"Informational,Non-branded,Non-local",English,"30, 28, 33, 31, 30, 32, 56, 53, 44, 55, 59, 74, 114, 363, 380, 571, 255, 75, 129, 160, 1941, 214, 127, 502","539, 590, 627, 678, 697, 744, 777, 818, 977, 850, 905, 948, 984"
178,net application development services,us,8,400,19.00,,net,2025-12-26 01:34:59,"AI Overview,Thumbnail,Sitelinks,People also ask,Video preview",600,14000,58000,2020-01-08,"Informational,Commercial,Non-branded,Non-local",English,"38, 59, 65, 57, 92, 90, 90, 66, 115, 160, 175, 181, 270, 385, 479, 474, 404, 268, 181, 299, 1092, 199, 156, 328","373, 391, 370, 377, 477, 414, 351, 314, 548, 367, 358, 331, 376"
179,prototype development services,us,7,400,12.00,,prototype development services,2026-01-18 17:09:05,"Sitelinks,Local pack,People also ask,Video preview",900,150,150,2017-11-03,"Informational,Commercial,Non-branded,Non-local",English,"68, 64, 66, 65, 112, 89, 91, 67, 159, 106, 176, 137, 216, 585, 268, 362, 1170, 422, 152, 220, 474, 356, 264, 237","289, 398, 132, 289, 511, 0, 122, 72, 300, 76, 180, 85, 195"
180,angular js development services,us,4,400,35.00,,angular js development company,2025-12-28 11:31:34,"AI Overview,Thumbnail,Sitelinks,People also ask",800,2100,2800,2020-01-07,"Informational,Commercial,Branded,Non-local",English,"66, 67, 87, 105, 103, 122, 89, 104, 144, 182, 207, 186, 222, 415, 510, 518, 461, 551, 307, 297, 736, 250, 241, 352","338, 356, 347, 375, 367, 338, 366, 364, 432, 380, 358, 352, 338"
181,pharmacy management software development,us,1,400,25.00,,pharmacy management software development,2025-12-20 10:29:26,"Sitelinks,Video preview",700,50,50,2020-07-23,"Informational,Non-branded,Non-local",English,"52, 48, 68, 149, 111, 153, 80, 158, 131, 139, 184, 259, 311, 362, 556, 459, 462, 178, 162, 196, 1253, 299, 183, 535","565, 577, 625, 639, 646, 656, 665, 691, 812, 738, 793, 823, 852"
182,custom medical software,us,9,400,13.00,,custom healthcare software development company,2025-12-22 19:07:12,"AI Overview,Thumbnail,Video preview,People also ask",600,9300,11000,2015-09-21,"Informational,Commercial,Non-branded,Non-local",English,"35, 54, 34, 52, 32, 48, 29, 28, 88, 78, 112, 204, 267, 458, 573, 578, 490, 261, 283, 172, 1312, 138, 86, 400","425, 425, 368, 337, 322, 277, 226, 259, 578, 371, 376, 399, 425"
183,payment gateway software development,us,4,400,25.00,,payment gateway software development,2026-01-18 16:28:39,"AI Overview,Thumbnail,Sitelinks,People also ask,Video preview",600,400,400,2020-01-07,"Informational,Non-branded,Non-local",English,"25, 28, 24, 22, 24, 23, 25, 23, 59, 67, 109, 134, 195, 277, 418, 415, 300, 235, 210, 257, 1436, 210, 151, 411","411, 488, 508, 416, 370, 345, 333, 350, 784, 449, 501, 461, 462"
184,chicago software development,us,5,400,6.00,,chicago software development,2025-12-30 21:56:28,"Local pack,Thumbnail,People also ask,Video preview",700,1000,1000,2016-12-28,"Informational,Non-branded,Local",English,"61, 68, 84, 104, 102, 101, 86, 188, 374, 208, 153, 181, 183, 440, 561, 471, 278, 163, 169, 225, 1527, 291, 288, 378","348, 394, 476, 367, 339, 367, 362, 405, 893, 380, 432, 425, 392"
185,enterprise software development agency,us,2,400,25.00,,epam,2025-12-26 16:23:43,"AI Overview,Thumbnail,Sitelinks,People also ask,Video preview",700,11000,49000,2020-01-30,"Informational,Non-branded,Non-local",English,"33, 32, 29, 30, 31, 30, 35, 47, 96, 132, 101, 127, 211, 514, 529, 432, 254, 82, 137, 208, 1766, 189, 190, 516","574, 619, 656, 670, 707, 737, 751, 773, 952, 857, 915, 928, 986"
186,best custom software development company,us,5,400,25.00,,custom software development companies,2025-12-19 23:11:53,"AI Overview,Thumbnail,Top ads,Paid sitelinks,Discussions,Sitelinks,People also ask,Local pack,Bottom ads,Video preview",700,4900,5900,2018-02-19,"Informational,Commercial,Non-branded,Non-local",English,"93, 89, 94, 88, 187, 135, 73, 94, 96, 121, 148, 218, 253, 203, 316, 536, 568, 559, 518, 290, 608, 244, 281, 392","399, 368, 378, 414, 415, 406, 389, 391, 398, 367, 386, 398, 405"
187,web development consulting services,us,2,400,6.00,,web development consulting services,2025-12-24 01:40:02,"Sitelinks,Local pack",800,700,900,2016-03-21,"Informational,Commercial,Non-branded,Non-local",English,"103, 94, 98, 95, 128, 74, 120, 157, 135, 169, 162, 202, 210, 249, 461, 307, 1198, 671, 231, 253, 517, 171, 220, 296","273, 269, 292, 251, 309, 243, 212, 210, 224, 201, 196, 191, 183"
188,top software development company,us,4,400,6.00,,software development companies,2025-12-29 06:57:16,"AI Overview,Thumbnail,Sitelinks,Top stories,People also ask,Video preview",1000,4000,4500,2017-12-14,"Informational,Commercial,Non-branded,Non-local",English,"219, 248, 251, 235, 240, 237, 342, 343, 212, 224, 253, 317, 298, 285, 381, 358, 317, 388, 378, 392, 789, 259, 434, 448","439, 357, 389, 357, 334, 364, 348, 347, 338, 324, 424, 427, 426"
189,nft game development services,us,10,400,3.00,,nft game development company,2025-12-23 23:14:24,"Thumbnail,Video preview",700,800,800,2021-08-30,"Informational,Commercial,Non-branded,Non-local",English,"132, 170, 127, 244, 206, 307, 242, 245, 325, 352, 249, 250, 254, 522, 543, 448, 384, 231, 205, 286, 839, 206, 170, 444","457, 484, 484, 513, 504, 508, 515, 535, 603, 565, 582, 594, 607"
190,custom fintech software development services,us,9,400,30.00,,fintech software development services,2025-12-29 02:03:27,"AI Overview,Thumbnail,Sitelinks,Video preview",600,3200,4000,2021-03-19,"Informational,Commercial,Non-branded,Non-local",English,"31, 31, 30, 56, 54, 75, 30, 33, 67, 131, 200, 153, 221, 308, 712, 588, 411, 148, 168, 207, 1341, 173, 201, 518","562, 571, 657, 667, 686, 696, 696, 720, 855, 785, 837, 851, 894"
191,software development team augmentation,us,1,400,50.00,,software development staff augmentation,2025-12-22 21:29:54,"AI Overview,Thumbnail,Sitelinks,Top stories,Bottom ads,Paid sitelinks,Video preview",1000,500,600,2020-02-10,"Informational,Non-branded,Non-local",English,"145, 61, 62, 101, 101, 103, 97, 89, 132, 147, 202, 196, 181, 222, 493, 622, 519, 276, 220, 314, 941, 142, 145, 489","493, 509, 554, 589, 581, 597, 618, 620, 701, 642, 684, 724, 728"
192,custom supply chain software,us,3,400,14.00,,supply chain management platform,2025-12-30 12:46:09,"AI Overview,Thumbnail,Video preview,People also ask",500,100,100,2023-01-12,"Informational,Commercial,Non-branded,Non-local",English,"51, 51, 52, 49, 54, 84, 44, 74, 102, 126, 95, 131, 182, 610, 630, 622, 339, 76, 105, 93, 1162, 135, 107, 460","484, 550, 575, 591, 613, 627, 619, 673, 768, 695, 741, 777, 800"
193,software development consulting company,us,9,400,8.00,,software development consulting services,2025-12-29 02:44:32,"Sitelinks,Local pack,Top stories,Thumbnail",800,2800,3800,2019-01-30,"Informational,Non-branded,Non-local",English,"107, 110, 96, 129, 132, 119, 117, 117, 130, 140, 171, 193, 237, 225, 341, 337, 696, 679, 165, 256, 1017, 279, 212, 517","559, 567, 624, 601, 625, 657, 620, 671, 732, 686, 720, 736, 778"
194,finance software development,us,5,400,8.00,,financial software development company,2026-01-03 10:47:43,"People also ask,Video preview",700,4400,5300,2017-11-13,"Informational,Non-branded,Non-local",English,"88, 80, 96, 111, 110, 185, 130, 112, 132, 199, 169, 215, 284, 312, 412, 509, 444, 226, 682, 302, 804, 217, 198, 440","471, 413, 428, 451, 405, 425, 435, 377, 464, 421, 597, 446, 477"
195,logistic software development services,us,8,400,9.00,,logistics software development company,2026-01-21 21:46:31,"AI Overview,Thumbnail,Sitelinks,Video preview",700,3500,4000,2020-01-07,"Informational,Commercial,Non-branded,Non-local",English,"47, 65, 36, 36, 82, 67, 63, 71, 90, 141, 152, 196, 362, 501, 576, 511, 359, 158, 255, 199, 1084, 210, 167, 493","525, 559, 569, 586, 592, 595, 610, 622, 715, 654, 697, 717, 750"
196,outsourcing software development for startups,us,0,400,30.00,,outsourcing software,2025-12-23 22:40:19,"Sitelinks,AI Overview,Thumbnail,People also ask,Top stories,Video preview",800,1800,1900,2020-01-23,"Informational,Non-branded,Non-local",English,"94, 70, 88, 102, 82, 95, 128, 157, 176, 220, 256, 255, 519, 619, 629, 775, 792, 265, 131, 133, 649, 160, 136, 265","262, 258, 241, 256, 227, 203, 183, 180, 207, 162, 166, 164, 196"
197,offshore software development vietnam,us,0,400,12.00,,vietnam offshore software,2026-01-07 09:46:11,"AI Overview,Thumbnail,Sitelinks,Video preview",1100,20,60,2020-01-08,"Informational,Commercial,Non-branded,Local",English,"146, 88, 139, 79, 78, 79, 92, 93, 95, 527, 158, 171, 424, 636, 805, 517, 274, 260, 93, 258, 631, 141, 258, 211","194, 233, 258, 206, 188, 163, 156, 146, 166, 242, 143, 148, 182"
198,travel software development,us,7,400,3.50,,travel software development,2025-12-25 14:59:28,"Top stories,Thumbnail,Video preview",700,600,1000,2020-01-07,"Informational,Non-branded,Non-local",English,"55, 48, 91, 70, 69, 69, 72, 69, 100, 110, 117, 173, 652, 645, 445, 366, 318, 134, 167, 128, 1008, 196, 115, 331","627, 441, 387, 378, 314, 318, 285, 278, 595, 408, 405, 391, 738"
199,agile offshore software development company,us,2,400,9.00,,offshore development company,2025-12-31 00:51:40,"Sitelinks,Video preview",1000,1100,1100,2020-08-11,"Informational,Non-branded,Non-local",English,"179, 102, 100, 163, 93, 102, 105, 179, 111, 180, 192, 265, 408, 679, 855, 550, 560, 266, 129, 200, 559, 139, 166, 218","250, 266, 288, 244, 253, 223, 227, 237, 233, 203, 219, 223, 252"
200,javascript web development services,us,12,400,15.00,,javascript web development services,2026-01-22 10:39:10,"AI Overview,Thumbnail,Sitelinks,Video preview",600,900,900,2020-03-03,"Informational,Commercial,Non-branded,Non-local",English,"31, 32, 30, 54, 72, 27, 28, 53, 83, 97, 101, 140, 235, 387, 600, 593, 412, 278, 141, 208, 1138, 212, 171, 496","523, 528, 561, 582, 583, 591, 571, 606, 704, 652, 697, 701, 728"
201,software development models,us,5,400,1.10,0.82,software development models,2026-01-10 23:38:15,"AI Overview,Thumbnail,People also ask,Sitelinks,Top stories,Video preview",1900,700,4800,2015-09-15,"Informational,Non-branded,Non-local",English,"259, 254, 251, 247, 241, 239, 202, 302, 375, 1605, 257, 254, 303, 293, 439, 503, 555, 370, 317, 326, 525, 342, 305, 332","373, 375, 392, 389, 370, 339, 329, 368, 424, 516, 349, 342, 382"
202,.net software development services,us,6,400,11.00,,.net software development company,2025-12-16 16:38:02,"AI Overview,Thumbnail,Sitelinks,People also ask,Video preview",700,2000,2100,2020-01-13,"Informational,Commercial,Branded,Non-local",English,"54, 61, 69, 100, 84, 92, 84, 85, 115, 132, 150, 234, 256, 439, 521, 514, 388, 240, 194, 231, 1194, 242, 186, 441","437, 478, 468, 459, 449, 439, 378, 394, 719, 732, 551, 554, 547"
203,custom software development cost,us,4,350,6.00,,custom software development cost,2026-01-19 19:32:47,"AI Overview,Thumbnail,Video preview,People also ask,Sitelinks",900,400,450,2015-09-26,"Informational,Non-branded,Non-local",English,"183, 178, 209, 214, 259, 141, 99, 123, 174, 227, 290, 351, 566, 387, 560, 471, 427, 295, 204, 263, 515, 190, 174, 311","343, 333, 364, 332, 339, 327, 299, 316, 339, 301, 326, 338, 370"
204,inventory management software development,us,3,350,7.00,,inventory management software development company,2026-01-10 17:20:25,"People also ask,Sitelinks,Video preview",600,450,450,2020-01-07,"Informational,Non-branded,Non-local",English,"46, 42, 40, 77, 125, 92, 98, 132, 165, 169, 250, 248, 292, 284, 359, 359, 446, 217, 148, 198, 1006, 123, 109, 363","367, 409, 380, 364, 413, 419, 518, 393, 626, 447, 500, 480, 482"
205,custom software development services company,us,9,350,30.00,,custom software development services,2025-12-21 17:54:17,"Local pack,Sitelinks,Video preview",700,15000,20000,2020-11-02,"Informational,Commercial,Non-branded,Non-local",English,"32, 36, 38, 20, 22, 39, 21, 35, 30, 36, 56, 104, 124, 152, 356, 285, 936, 630, 148, 135, 790, 114, 113, 335","327, 326, 342, 325, 366, 336, 294, 296, 337, 283, 297, 295, 292"
206,developing custom software,us,3,350,1.00,,custom software development,2026-01-18 17:15:03,"AI Overview,Thumbnail,People also ask,Sitelinks,Video preview",800,1100,2800,2020-01-10,"Informational,Non-branded,Non-local",English,"133, 110, 129, 120, 329, 136, 136, 223, 189, 220, 260, 603, 419, 331, 373, 380, 627, 308, 264, 255, 518, 231, 207, 364","347, 339, 355, 339, 349, 314, 312, 343, 354, 333, 351, 389, 372"
207,healthcare software solutions development,us,9,350,55.00,,healthcare software development,2026-01-01 22:23:25,"AI Overview,Thumbnail,Sitelinks",500,1600,2100,2020-01-26,"Informational,Non-branded,Non-local",English,"35, 34, 61, 56, 53, 103, 54, 79, 98, 93, 135, 138, 235, 336, 520, 529, 545, 250, 139, 268, 838, 192, 133, 422","445, 452, 500, 515, 499, 510, 521, 523, 589, 539, 574, 578, 601"
208,software development companies in new york,us,4,350,5.00,,software companies,2025-11-28 13:10:03,"Top ads,Paid sitelinks,Local pack,Bottom ads",500,1600,1800,2016-04-19,"Informational,Commercial,Non-branded,Local",English,"105, 73, 129, 158, 129, 166, 88, 143, 175, 222, 165, 168, 204, 267, 322, 314, 400, 135, 191, 200, 1310, 293, 298, 246","282, 353, 421, 370, 340, 316, 326, 382, 764, 338, 332, 323, 369"
209,custom shopify development services,us,10,350,15.00,,shopify experts,2025-12-21 19:35:51,"Sitelinks,Bottom ads,Paid sitelinks,Video preview",600,29000,36000,2020-12-06,"Informational,Commercial,Non-branded,Non-local",English,"27, 27, 45, 24, 48, 70, 49, 91, 60, 47, 72, 106, 161, 429, 540, 532, 371, 136, 116, 164, 1206, 170, 135, 450","472, 518, 551, 565, 582, 616, 618, 654, 736, 671, 704, 736, 758"
210,shopify plus development services,us,7,350,3.50,,shopify plus development services,2025-12-03 21:24:15,"Sitelinks,People also ask,Video preview",900,600,600,2020-04-03,"Informational,Commercial,Branded,Non-local",English,"32, 35, 35, 59, 124, 101, 83, 83, 114, 95, 142, 152, 193, 226, 421, 352, 293, 245, 277, 299, 952, 207, 219, 443","460, 495, 521, 535, 550, 557, 583, 605, 682, 627, 668, 682, 700"
211,software development company chicago,us,5,350,7.00,,software companies in chicago,2025-12-29 00:33:30,Local pack,450,400,450,2020-01-11,"Informational,Commercial,Non-branded,Local",English,"57, 53, 78, 78, 77, 78, 77, 62, 90, 126, 103, 105, 109, 261, 336, 288, 174, 94, 224, 262, 1366, 284, 261, 279","264, 334, 352, 337, 302, 267, 301, 269, 820, 352, 348, 321, 302"
212,trading software development,us,3,350,10.00,,trading software development company,2026-01-20 08:07:34,"People also ask,Video preview",800,700,700,2016-11-29,"Informational,Commercial,Non-branded,Non-local",English,"77, 52, 74, 51, 49, 46, 88, 66, 122, 148, 206, 164, 176, 299, 380, 382, 470, 184, 185, 183, 744, 317, 307, 431","427, 445, 468, 460, 489, 475, 486, 496, 557, 531, 550, 576, 572"
213,lms development services,us,5,350,30.00,,lms development services,2025-12-22 14:41:52,"People also ask,Sitelinks,Video preview",700,200,200,2020-09-30,"Informational,Commercial,Non-branded,Non-local",English,"99, 94, 121, 124, 145, 91, 128, 129, 116, 132, 154, 153, 195, 264, 405, 586, 413, 333, 172, 179, 754, 189, 177, 356","359, 381, 393, 413, 370, 393, 361, 349, 407, 361, 368, 379, 380"
214,wordpress cms development services,us,5,350,14.00,,wordpress cms development services,2026-01-06 16:34:26,"AI Overview,Thumbnail",800,50,100,2019-01-07,"Informational,Commercial,Branded,Non-local",English,"100, 113, 130, 144, 126, 148, 147, 200, 167, 233, 165, 239, 340, 273, 578, 412, 427, 482, 339, 388, 463, 135, 166, 269","281, 270, 298, 278, 285, 288, 294, 283, 287, 271, 277, 282, 292"
215,react js software development company,us,7,350,25.00,,react js development company in usa,2026-01-11 00:24:04,"AI Overview,Thumbnail,Sitelinks,Local pack",500,1100,1100,2020-01-12,"Informational,Commercial,Branded,Non-local",English,"20, 39, 37, 37, 26, 37, 89, 25, 200, 152, 153, 274, 176, 294, 307, 359, 1176, 648, 157, 177, 572, 101, 99, 226","159, 177, 152, 143, 188, 124, 95, 85, 124, 69, 76, 78, 57"
216,hardware development services,us,2,350,7.00,,hardware development services,2026-01-17 03:24:14,"People also ask,Sitelinks,Thumbnail,Video preview",500,200,200,2020-02-04,"Informational,Commercial,Non-branded,Non-local",English,"30, 50, 49, 69, 73, 60, 44, 60, 63, 82, 109, 137, 163, 350, 427, 432, 252, 96, 85, 106, 1340, 157, 103, 417","435, 465, 488, 518, 550, 577, 605, 614, 733, 672, 704, 759, 777"
217,software development cost estimation,us,2,350,7.00,,software development cost estimation,2026-01-21 23:32:14,"AI Overview,Thumbnail,Sitelinks,People also ask,Video preview",800,700,800,2015-11-28,"Informational,Non-branded,Non-local",English,"44, 38, 39, 60, 44, 34, 38, 61, 77, 145, 163, 168, 209, 292, 446, 542, 450, 331, 159, 188, 966, 174, 136, 374","342, 333, 338, 337, 284, 252, 224, 265, 447, 417, 435, 387, 354"
218,custom developed software,us,6,350,1.00,,custom developed software,2025-12-30 17:56:58,"AI Overview,Thumbnail,People also ask,Top stories,Video preview",800,50,80,2015-11-21,"Informational,Non-branded,Non-local",English,"114, 99, 115, 100, 267, 110, 103, 177, 160, 176, 211, 491, 339, 277, 303, 313, 542, 291, 570, 214, 431, 194, 211, 347","322, 313, 328, 310, 320, 296, 310, 284, 313, 293, 316, 346, 321"
219,cross platform mobile development services,us,9,350,3.50,,cross platform app development services,2026-01-20 05:03:00,"AI Overview,Thumbnail,Sitelinks,Top stories,People also ask,Video preview",600,1500,1500,2020-01-08,"Informational,Non-branded,Non-local",English,"56, 75, 73, 86, 82, 159, 293, 370, 269, 183, 341, 506, 476, 463, 407, 481, 409, 197, 154, 158, 639, 196, 228, 287","337, 275, 281, 266, 349, 295, 304, 279, 355, 264, 263, 284, 334"
220,digital product development services,us,0,350,12.00,,digital product development services,2025-12-27 15:50:18,"Sitelinks,Video preview",900,80,100,2019-03-31,"Informational,Commercial,Non-branded,Non-local",English,"123, 116, 117, 164, 134, 103, 110, 122, 656, 3092, 264, 243, 237, 257, 413, 422, 366, 421, 283, 174, 718, 169, 178, 275","280, 428, 391, 399, 335, 330, 322, 329, 536, 2283, 360, 358, 363"
221,oil and gas software development,us,2,350,6.00,,oil and gas software development,2025-12-21 14:06:59,"AI Overview,Thumbnail,Top ads,Sitelinks,People also ask,Bottom ads,Paid sitelinks,Video preview",600,60,60,2020-01-06,"Informational,Non-branded,Non-local",English,"33, 31, 52, 34, 54, 32, 102, 126, 180, 238, 194, 171, 186, 437, 457, 460, 272, 137, 127, 148, 1529, 202, 177, 268","308, 360, 304, 278, 239, 227, 250, 245, 756, 334, 303, 270, 311"
222,retail software development companies,us,8,350,14.00,,retail software development services,2025-12-22 23:46:19,"Sitelinks,Video preview",450,2300,2400,2020-01-12,"Informational,Commercial,Non-branded,Non-local",English,"37, 29, 33, 39, 52, 99, 52, 78, 65, 90, 121, 150, 202, 338, 426, 431, 349, 111, 143, 151, 1154, 223, 211, 351","383, 355, 333, 313, 296, 336, 255, 267, 705, 491, 488, 428, 466"
223,software development degrees,us,5,350,4.50,,software engineering major,2025-12-17 18:49:20,"Top ads,Paid sitelinks,AI Overview,Thumbnail,Video preview,Sitelinks,People also ask,Bottom ads",600,800,900,2015-10-11,"Informational,Non-branded,Non-local",English,"337, 327, 314, 352, 348, 261, 531, 446, 318, 318, 326, 329, 326, 277, 502, 414, 348, 339, 559, 387, 335, 268, 204, 340","364, 360, 387, 380, 375, 344, 384, 385, 372, 375, 369, 360, 384"
224,custom trading software development,us,4,350,8.00,,trading platform software development,2025-12-24 14:41:50,Sitelinks,700,400,400,2020-01-10,"Informational,Commercial,Non-branded,Non-local",English,"51, 28, 30, 28, 52, 48, 27, 49, 114, 122, 140, 158, 181, 320, 492, 498, 511, 296, 164, 184, 957, 143, 149, 349","363, 359, 350, 292, 284, 249, 218, 231, 439, 292, 272, 360, 374"
225,software development for manufacturing,us,4,350,6.00,,manufacturing software development,2025-12-21 07:56:20,"Top ads,AI Overview,Thumbnail,Video preview,Sitelinks,People also ask,Top stories,Bottom ads,Paid sitelinks",450,800,800,2020-01-30,"Informational,Commercial,Non-branded,Non-local",English,"18, 16, 17, 47, 17, 32, 19, 18, 42, 65, 77, 87, 139, 391, 409, 407, 407, 154, 79, 109, 1372, 207, 108, 454","475, 530, 548, 584, 604, 610, 650, 657, 791, 718, 751, 783, 804"
226,custom software for manufacturing,us,0,350,1.20,,custom manufacturing software,2025-12-23 00:39:14,"AI Overview,Thumbnail,People also ask,Video preview",500,1000,1100,2020-03-02,"Informational,Commercial,Non-branded,Non-local",English,"17, 17, 17, 17, 19, 18, 16, 17, 51, 75, 93, 105, 183, 427, 361, 441, 369, 254, 103, 121, 1207, 180, 96, 448","485, 508, 517, 552, 561, 582, 591, 583, 711, 636, 687, 697, 735"
227,software development agreement,us,0,350,2.00,1.42,software development contract,2025-12-28 08:46:04,Video preview,1000,0,0,2015-09-11,"Informational,Non-branded,Non-local",English,"188, 159, 178, 176, 183, 207, 214, 147, 245, 261, 440, 212, 257, 393, 575, 577, 353, 156, 184, 179, 1035, 207, 166, 381","369, 413, 453, 450, 422, 406, 415, 395, 684, 506, 567, 494, 476"
228,software development strategy,us,0,350,3.50,,software development strategy,2025-12-23 17:43:13,"AI Overview,Thumbnail,Sitelinks,People also ask,Top stories,Video preview",600,40,60,2017-03-05,"Informational,Non-branded,Non-local",English,"81, 91, 84, 101, 53, 66, 53, 72, 72, 107, 114, 154, 145, 196, 204, 234, 333, 245, 298, 723, 596, 497, 124, 525","491, 558, 519, 522, 525, 493, 431, 590, 490, 498, 501, 534, 498"
229,software development companies for startups,us,5,350,8.00,,software development for startups,2025-12-30 12:00:19,"AI Overview,Thumbnail,Video preview,Sitelinks,Top stories",700,1000,1100,2018-08-27,"Informational,Commercial,Non-branded,Non-local",English,"79, 89, 101, 137, 172, 163, 137, 161, 185, 199, 170, 425, 238, 430, 550, 550, 557, 282, 173, 202, 567, 156, 119, 319","299, 308, 317, 315, 321, 288, 274, 280, 296, 270, 280, 313, 294"
230,emr software development company,us,9,350,2.00,,ehr software development,2025-12-19 23:38:45,"AI Overview,Thumbnail,Top ads,People also ask,Sitelinks,Bottom ads,Paid sitelinks,Video preview",700,1100,1100,2020-01-09,"Informational,Commercial,Non-branded,Non-local",English,"28, 27, 74, 169, 26, 26, 3, 27, 71, 57, 59, 163, 193, 278, 450, 540, 312, 107, 182, 223, 1247, 238, 149, 491","509, 530, 573, 613, 619, 646, 648, 674, 791, 717, 759, 818, 837"
231,chicago custom software development,us,10,350,14.00,,custom software development chicago,2026-01-13 21:31:29,"Local pack,Sitelinks",500,400,450,2017-03-01,"Informational,Commercial,Non-branded,Local",English,"80, 39, 75, 240, 197, 134, 136, 161, 161, 167, 153, 171, 184, 320, 412, 352, 207, 124, 144, 219, 1312, 225, 195, 283","300, 335, 365, 456, 384, 330, 314, 336, 811, 372, 422, 388, 408"
232,custom erp software development services,us,5,350,8.00,,erp software development services,2025-12-25 15:41:56,"Local pack,Sitelinks,People also ask,Video preview",600,700,900,2021-11-06,"Informational,Commercial,Non-branded,Non-local",English,"21, 18, 21, 20, 20, 38, 22, 41, 25, 28, 30, 30, 48, 200, 317, 205, 863, 865, 147, 128, 970, 130, 110, 465","479, 510, 530, 532, 615, 635, 580, 594, 681, 663, 669, 685, 699"
233,telecommunications software development,us,5,350,5.00,,telecommunications software development,2025-12-19 22:26:50,"AI Overview,Thumbnail,Sitelinks,People also ask,Video preview",800,400,450,2020-01-06,"Informational,Non-branded,Non-local",English,"35, 42, 43, 39, 60, 48, 76, 77, 100, 141, 133, 162, 243, 277, 522, 373, 216, 126, 132, 136, 889, 605, 128, 468","533, 481, 574, 480, 495, 405, 431, 516, 892, 645, 613, 633, 716"
234,offshore software development company in india,us,5,350,6.00,,offshore software development companies in india,2025-12-25 23:27:08,"Local pack,Sitelinks",700,90,150,2018-12-31,"Informational,Commercial,Non-branded,Local",English,"51, 60, 45, 102, 117, 55, 101, 103, 89, 115, 89, 55, 88, 77, 115, 130, 164, 2630, 221, 171, 147, 112, 106, 96","110, 101, 135, 124, 126, 1566, 145, 133, 143, 151, 112, 114, 129"
235,healthtech software development,us,6,350,11.00,,healthtech software development,2025-12-30 12:00:42,"Sitelinks,Bottom ads,Paid sitelinks,Video preview",600,10,20,2020-01-21,"Informational,Non-branded,Non-local",English,"55, 53, 56, 82, 58, 80, 486, 74, 73, 104, 127, 98, 151, 388, 595, 489, 212, 51, 116, 125, 1131, 210, 113, 391","432, 471, 509, 519, 522, 535, 602, 586, 703, 644, 677, 697, 739"
236,python development services company,us,4,350,30.00,,python development services,2026-01-13 21:30:47,"Sitelinks,AI Overview,Thumbnail,Local pack,Bottom ads",700,2100,2300,2020-09-27,"Informational,Commercial,Non-branded,Non-local",English,"28, 30, 29, 30, 48, 49, 27, 27, 82, 122, 121, 162, 236, 578, 727, 599, 410, 138, 102, 235, 781, 170, 176, 256","168, 228, 205, 172, 138, 111, 102, 94, 118, 65, 65, 63, 62"
237,salesforce crm development services,us,9,350,11.00,,salesforce development services,2026-01-18 06:00:21,"AI Overview,Thumbnail,Sitelinks",600,1900,2800,2019-01-30,"Informational,Commercial,Branded,Non-local",English,"27, 24, 48, 62, 42, 129, 46, 78, 132, 139, 137, 174, 135, 208, 321, 314, 272, 328, 269, 273, 1057, 324, 241, 498","513, 543, 566, 587, 602, 632, 635, 669, 751, 698, 743, 756, 772"
238,full cycle software development company,us,1,350,9.00,,full cycle software development company,2025-12-26 16:22:01,Sitelinks,400,40,40,2020-01-08,"Informational,Commercial,Non-branded,Non-local",English,"29, 40, 41, 39, 33, 41, 50, 87, 101, 121, 88, 92, 280, 393, 489, 399, 338, 196, 263, 88, 910, 116, 102, 366","385, 406, 432, 428, 439, 458, 454, 446, 528, 485, 493, 509, 527"
239,startup development services,us,0,350,3.00,,startup development services,2025-12-19 01:51:31,"AI Overview,Thumbnail,Video preview,Top stories,Sitelinks,Bottom ads,Paid sitelinks",800,150,150,2020-01-07,"Informational,Commercial,Non-branded,Non-local",English,"32, 22, 20, 30, 40, 29, 30, 938, 78, 121, 82, 105, 539, 1391, 266, 318, 197, 224, 95, 89, 477, 87, 110, 181","219, 303, 173, 173, 163, 158, 148, 237, 146, 128, 121, 118, 160"
240,custom software design and development,us,6,350,30.00,,custom software,2025-12-29 11:03:16,"People also ask,Sitelinks",900,2500,2500,2020-01-09,"Informational,Non-branded,Non-local",English,"106, 90, 92, 128, 167, 165, 91, 132, 220, 202, 338, 270, 413, 502, 755, 583, 500, 248, 160, 117, 483, 102, 111, 203","193, 211, 232, 216, 187, 179, 184, 188, 236, 206, 215, 219, 209"
241,medical imaging software development,us,1,300,4.00,,medical imaging software development,2025-12-22 16:56:14,"AI Overview,Thumbnail,People also ask,Sitelinks",450,60,60,2019-04-19,"Informational,Non-branded,Non-local",English,"56, 52, 58, 103, 55, 56, 83, 84, 62, 114, 95, 186, 168, 247, 383, 390, 340, 235, 200, 252, 646, 251, 135, 372","381, 404, 430, 450, 444, 427, 456, 477, 499, 476, 488, 505, 513"
242,shopify theme development services,us,2,300,6.00,,shopify theme customization services,2025-12-31 08:20:36,"Sitelinks,Video preview",600,300,300,2020-01-21,"Informational,Commercial,Branded,Non-local",English,"42, 43, 42, 24, 22, 23, 42, 101, 85, 74, 111, 142, 160, 271, 409, 414, 240, 229, 127, 188, 754, 229, 134, 370","375, 398, 420, 427, 426, 435, 427, 461, 512, 478, 504, 514, 519"
243,custom banking software development,us,2,300,11.00,,financial software development company,2026-01-02 20:14:16,"Sitelinks,Video preview",400,4200,5200,2021-03-09,"Informational,Commercial,Non-branded,Non-local",English,"29, 27, 28, 27, 29, 278, 146, 30, 36, 95, 58, 78, 101, 227, 431, 433, 242, 90, 145, 171, 1196, 167, 125, 371","410, 445, 483, 492, 517, 554, 570, 606, 704, 640, 671, 711, 751"
244,web3 game development services,us,1,300,10.00,,web3 game development services,2026-01-13 16:43:35,"Thumbnail,Video preview",800,200,300,2022-09-15,"Informational,Commercial,Non-branded,Non-local",English,"48, 74, 48, 43, 74, 70, 44, 73, 76, 120, 180, 189, 164, 319, 630, 434, 233, 127, 134, 172, 656, 190, 191, 286","253, 266, 284, 246, 226, 211, 199, 192, 208, 176, 180, 189, 173"
245,cms web development services,us,6,300,3.00,,cms website development company,2025-12-26 00:12:42,"AI Overview,Thumbnail,Sitelinks,People also ask",700,1000,1200,2020-01-08,"Informational,Non-branded,Non-local",English,"144, 110, 121, 173, 211, 142, 142, 117, 178, 459, 385, 272, 319, 369, 462, 564, 357, 178, 205, 186, 414, 174, 120, 231","235, 222, 236, 243, 227, 199, 194, 214, 188, 215, 203, 189, 199"
246,custom api development services,us,2,300,30.00,,custom api development,2026-01-16 16:31:58,"AI Overview,Thumbnail,Video preview",700,150,150,2020-08-25,"Informational,Commercial,Non-branded,Non-local",English,"75, 75, 69, 68, 75, 68, 49, 109, 129, 181, 136, 130, 205, 231, 367, 367, 389, 388, 307, 380, 367, 127, 174, 174","180, 184, 207, 211, 211, 198, 180, 198, 190, 170, 186, 194, 201"
247,chatgpt development services,us,4,300,5.00,,chatgpt development services,2026-01-18 13:09:01,"AI Overview,Thumbnail",600,150,150,2023-03-01,"Informational,Commercial,Branded,Non-local",English,"35, 37, 60, 107, 134, 130, 115, 175, 292, 317, 281, 276, 627, 412, 512, 620, 516, 206, 163, 142, 200, 69, 85, 78","218, 46, 142, 180, 108, 0, 33, 82, 181, 84, 57, 72, 331"
248,augmented reality app development services,us,8,300,6.00,,augmented reality app development company,2025-12-28 12:41:13,"Sitelinks,People also ask,Video preview",500,700,800,2020-01-06,"Informational,Commercial,Non-branded,Non-local",English,"72, 99, 96, 118, 177, 176, 119, 177, 181, 230, 162, 168, 293, 207, 384, 429, 927, 516, 251, 179, 144, 114, 145, 101","108, 107, 119, 119, 153, 114, 94, 113, 109, 123, 107, 100, 108"
249,offshore software development companies,us,5,300,10.00,,offshore software development company,2026-01-17 23:49:52,"AI Overview,Thumbnail,Sitelinks,People also ask,Bottom ads,Paid sitelinks,Video preview",900,1700,1900,2020-01-07,"Informational,Commercial,Non-branded,Non-local",English,"1812, 281, 372, 143, 126, 139, 98, 269, 465, 479, 301, 302, 224, 210, 285, 382, 396, 416, 294, 292, 393, 252, 263, 219","407, 232, 260, 244, 264, 277, 563, 407, 310, 252, 234, 231, 419"
250,node development services,us,7,300,10.00,,node js web development services,2025-12-26 03:28:29,"AI Overview,Thumbnail,Sitelinks,People also ask,Bottom ads,Paid sitelinks,Video preview",450,500,500,2020-01-07,"Informational,Commercial,Non-branded,Non-local",English,"41, 39, 51, 61, 62, 70, 87, 72, 115, 112, 130, 174, 233, 318, 333, 416, 514, 240, 144, 132, 531, 163, 162, 269","273, 272, 283, 289, 280, 274, 258, 255, 295, 276, 281, 271, 275"
251,fintech solutions software development company,us,8,300,9.00,,fintech software development,2026-01-20 04:06:22,"Sitelinks,Bottom ads",500,1200,1400,2020-01-14,"Informational,Commercial,Non-branded,Non-local",English,"37, 37, 39, 37, 37, 81, 87, 36, 111, 95, 116, 123, 248, 360, 449, 444, 376, 439, 170, 167, 577, 167, 104, 235","273, 274, 268, 204, 151, 195, 9, 118, 327, 0, 122, 109, 150"
252,sales development services,us,6,300,9.00,,sales development service,2025-12-22 22:05:32,"AI Overview,Thumbnail,Video preview,People also ask,Sitelinks,Local pack",500,30,30,2019-01-10,"Informational,Non-branded,Non-local",English,"161, 163, 100, 119, 116, 88, 90, 70, 77, 161, 211, 215, 301, 249, 393, 367, 213, 168, 147, 198, 566, 265, 244, 318","348, 335, 352, 348, 334, 329, 334, 331, 347, 354, 361, 348, 377"
253,agile development services,us,6,300,1.20,,servicenow agile,2025-12-27 01:52:35,"AI Overview,Thumbnail,Video preview,People also ask,Sitelinks,Local pack",700,300,300,2020-01-07,"Informational,Commercial,Non-branded,Non-local",English,"170, 168, 203, 136, 264, 134, 134, 100, 208, 287, 267, 281, 352, 418, 436, 531, 377, 220, 150, 175, 316, 99, 149, 133","152, 146, 160, 155, 153, 141, 144, 138, 159, 154, 159, 156, 167"
254,aviation software development,us,5,300,4.00,,aviation software development,2025-12-18 11:45:34,"Top ads,AI Overview,Thumbnail,People also ask,Bottom ads,Paid sitelinks,Video preview",450,40,50,2017-08-27,"Informational,Non-branded,Non-local",English,"25, 15, 23, 28, 22, 17, 38, 61, 61, 58, 58, 33, 33, 39, 55, 52, 1691, 927, 540, 51, 65, 49, 60, 75","68, 71, 75, 72, 1157, 571, 294, 98, 94, 96, 96, 109, 97"
255,software development companies in chicago,us,6,300,7.00,,chicago software development,2025-12-17 18:29:16,"Local pack,People also ask,Bottom ads,Paid sitelinks",400,1000,1100,2016-07-14,"Informational,Commercial,Non-branded,Local",English,"83, 77, 103, 88, 86, 86, 86, 74, 96, 127, 105, 110, 119, 271, 348, 282, 164, 86, 116, 216, 1367, 218, 195, 239","221, 307, 324, 288, 247, 243, 258, 235, 791, 260, 275, 286, 261"
256,custom software development company chicago,us,5,300,12.00,,custom software development chicago,2025-12-26 19:39:15,Local pack,450,200,200,2020-01-11,"Informational,Commercial,Non-branded,Local",English,"24, 30, 29, 47, 28, 21, 21, 46, 70, 36, 42, 60, 80, 354, 445, 312, 159, 48, 108, 174, 1470, 223, 127, 169","156, 358, 332, 364, 214, 272, 278, 192, 650, 202, 187, 173, 159"
257,enterprise mobile app development services,us,5,300,9.00,,enterprise mobile app development services,2025-12-21 01:05:40,"AI Overview,Thumbnail,Top ads,Sitelinks,People also ask,Bottom ads,Paid sitelinks",500,80,100,2020-01-12,"Informational,Commercial,Non-branded,Non-local",English,"68, 99, 166, 163, 162, 117, 164, 406, 157, 185, 159, 266, 236, 581, 405, 332, 241, 248, 166, 152, 524, 152, 247, 283","288, 316, 315, 292, 286, 288, 286, 310, 321, 291, 306, 313, 317"
258,software development template,us,7,300,2.50,,software development templates,2025-12-19 14:02:45,"Thumbnail,Sitelinks,Video preview",500,150,150,2016-06-04,"Informational,Non-branded,Non-local",English,"87, 68, 69, 57, 89, 72, 62, 58, 102, 159, 129, 107, 137, 324, 397, 396, 227, 129, 121, 96, 1119, 198, 155, 225","245, 291, 269, 235, 259, 240, 219, 273, 557, 330, 288, 241, 262"
259,supply chain software development company,us,6,300,6.00,,supply chain software development services,2025-12-29 04:15:30,"AI Overview,Thumbnail,Sitelinks,People also ask,Video preview",600,250,300,2020-01-09,"Informational,Non-branded,Non-local",English,"43, 107, 82, 127, 58, 103, 89, 105, 118, 103, 102, 127, 188, 267, 347, 229, 194, 238, 146, 120, 1164, 196, 190, 366","388, 418, 445, 460, 471, 498, 509, 537, 640, 575, 627, 640, 661"
260,hipaa compliant software development,us,5,300,15.00,,hipaa compliant software development,2025-12-29 21:31:35,"AI Overview,Thumbnail,Sitelinks,People also ask,Video preview",450,500,500,2016-10-01,"Informational,Non-branded,Non-local",English,"42, 54, 50, 64, 66, 52, 52, 53, 67, 140, 208, 68, 99, 118, 259, 320, 401, 292, 198, 237, 900, 196, 147, 395","411, 483, 449, 466, 491, 486, 501, 506, 584, 554, 570, 584, 601"
261,php web application development services,us,3,300,20.00,,php web development services,2026-01-19 07:55:25,"AI Overview,Thumbnail,Sitelinks",600,1100,1100,2020-01-09,"Informational,Commercial,Non-branded,Non-local",English,"65, 62, 57, 73, 72, 67, 48, 110, 127, 137, 129, 176, 251, 359, 567, 441, 383, 206, 149, 160, 713, 177, 131, 305","312, 322, 342, 319, 309, 291, 280, 293, 324, 327, 324, 299, 306"
262,custom software development for real estate industry,us,2,300,9.00,,real estate software development services,2026-01-20 05:31:23,"Sitelinks,Video preview",300,1800,2000,2020-02-14,"Informational,Commercial,Non-branded,Non-local",English,"29, 24, 22, 45, 64, 44, 26, 26, 36, 69, 70, 87, 154, 233, 309, 366, 255, 129, 78, 133, 1265, 160, 143, 377","407, 421, 450, 472, 493, 510, 542, 554, 657, 595, 614, 643, 673"
263,software development company nyc,us,8,300,5.00,,new york software development company,2025-12-14 21:25:31,"Local pack,Sitelinks",450,1700,1900,2017-12-11,"Informational,Commercial,Non-branded,Local",English,"108, 81, 128, 137, 119, 151, 81, 121, 161, 208, 164, 161, 178, 226, 270, 272, 334, 120, 173, 183, 1114, 269, 275, 307","350, 330, 423, 316, 325, 353, 327, 432, 773, 403, 445, 449, 506"
264,brand identity development services,us,2,300,2.50,,brand development services,2025-12-17 08:56:48,"AI Overview,Thumbnail,Sitelinks,Bottom ads,Video preview",500,350,350,2020-06-30,"Informational,Commercial,Non-branded,Non-local",English,"28, 28, 86, 69, 452, 551, 109, 54, 60, 92, 65, 80, 204, 277, 347, 280, 230, 252, 292, 288, 407, 315, 290, 233","184, 182, 159, 137, 147, 145, 91, 75, 62, 50, 38, 33, 35"
265,medical device software development services,us,3,300,25.00,,medical device software development services,2025-12-26 14:39:28,"AI Overview,Thumbnail,Sitelinks,Video preview",450,350,350,2020-01-16,"Informational,Commercial,Non-branded,Non-local",English,"22, 22, 22, 23, 24, 22, 21, 21, 27, 49, 71, 93, 106, 206, 266, 322, 342, 233, 216, 280, 946, 188, 180, 413","426, 459, 477, 493, 516, 528, 545, 563, 628, 594, 611, 621, 634"
266,telecommunication software development,us,3,300,5.00,,telecommunications software development,2026-01-01 00:53:02,"AI Overview,Thumbnail,Video preview,Sitelinks,People also ask",800,400,450,2020-01-28,"Informational,Non-branded,Non-local",English,"27, 37, 37, 35, 54, 43, 66, 67, 93, 117, 122, 126, 204, 235, 467, 325, 199, 113, 101, 114, 797, 530, 117, 401","427, 386, 485, 383, 375, 299, 299, 358, 713, 465, 454, 459, 488"
267,offshore custom software development,us,9,300,1.40,,offshore software development,2026-01-02 06:56:24,"AI Overview,Thumbnail,Video preview,Sitelinks",600,1500,2300,2016-11-17,"Informational,Non-branded,Non-local",English,"129, 79, 123, 158, 96, 196, 156, 79, 95, 276, 118, 839, 325, 255, 234, 388, 398, 217, 188, 147, 507, 190, 116, 366","316, 300, 315, 342, 343, 333, 327, 325, 340, 372, 351, 428, 377"
268,software development best practices,us,8,300,4.00,1.49,software development best practices,2025-12-19 12:45:05,"AI Overview,Thumbnail,Top ads,Sitelinks,People also ask,Top stories,Bottom ads,Paid sitelinks,Video preview",1100,800,1900,2016-01-11,"Informational,Non-branded,Non-local",English,"285, 287, 289, 409, 574, 474, 480, 485, 656, 842, 347, 249, 290, 252, 401, 451, 337, 329, 253, 248, 313, 348, 364, 272","302, 301, 305, 334, 338, 310, 288, 302, 320, 348, 292, 277, 307"
269,c++ development services,us,2,300,55.00,,c++ development services,2026-01-18 01:54:37,"AI Overview,Thumbnail,Discussions,Video preview",450,150,150,2020-01-13,"Informational,Commercial,Non-branded,Non-local",English,"28, 42, 43, 58, 41, 56, 42, 61, 90, 119, 158, 170, 225, 310, 400, 483, 343, 157, 124, 176, 757, 163, 143, 283","334, 285, 287, 287, 309, 256, 261, 232, 380, 285, 307, 285, 336"
270,next js development services,us,1,300,8.00,,next.js,2025-12-28 05:57:23,"AI Overview,Thumbnail,Sitelinks",600,54000,510000,2022-03-13,"Informational,Commercial,Branded,Non-local",English,"40, 24, 60, 75, 50, 52, 105, 128, 157, 229, 183, 194, 185, 175, 237, 334, 430, 310, 229, 225, 612, 416, 262, 431","434, 444, 472, 487, 508, 514, 529, 547, 582, 580, 591, 607, 611"
271,software development engineer amazon salary,us,4,300,2.50,0.6,amazon software engineer salary,2025-12-23 21:12:43,"AI Overview,Thumbnail,Sitelinks,People also ask,Video preview,Top stories",700,3600,4400,2015-09-16,"Informational,Branded,Non-local",English,"365, 365, 360, 360, 305, 305, 359, 371, 376, 374, 361, 367, 373, 309, 374, 303, 367, 433, 375, 313, 252, 199, 200, 224","233, 227, 228, 207, 224, 220, 236, 238, 243, 229, 222, 213, 224"
272,telehealth software development,us,5,300,10.00,,telemedicine software development company,2025-12-23 03:18:28,Sitelinks,400,2000,2200,2020-04-02,"Informational,Commercial,Non-branded,Non-local",English,"44, 26, 59, 41, 125, 192, 60, 44, 140, 108, 141, 206, 169, 197, 308, 387, 288, 161, 159, 255, 756, 141, 111, 366","370, 391, 408, 431, 441, 454, 455, 472, 545, 517, 534, 563, 566"
273,database development services,us,4,300,1.70,,custom database development company,2026-01-20 20:11:37,"Sitelinks,People also ask,Local pack,Bottom ads,Video preview",800,400,450,2016-01-30,"Informational,Commercial,Non-branded,Non-local",English,"130, 236, 255, 255, 307, 437, 3075, 1709, 2555, 445, 150, 219, 259, 308, 385, 322, 337, 249, 246, 301, 459, 182, 158, 193","212, 224, 224, 218, 238, 238, 518, 396, 481, 279, 264, 275, 294"
274,software development financial services,us,8,300,10.00,,financial software development company,2026-01-19 01:56:02,Video preview,500,4400,5300,2019-03-19,"Informational,Non-branded,Non-local",English,"43, 44, 63, 77, 62, 59, 60, 61, 82, 100, 114, 160, 214, 340, 452, 451, 330, 151, 138, 165, 1027, 186, 114, 303","370, 335, 338, 318, 277, 310, 248, 221, 503, 465, 351, 329, 401"
275,top software outsourcing companies,us,0,300,7.00,,outsourcing software development company,2026-01-21 02:49:17,"AI Overview,Thumbnail,Discussions,Bottom ads,Video preview",600,3900,4600,2016-03-12,"Informational,Commercial,Non-branded,Non-local",English,"48, 32, 33, 47, 46, 45, 46, 47, 62, 195, 184, 152, 211, 215, 287, 417, 616, 518, 143, 325, 425, 115, 113, 166","125, 114, 117, 138, 122, 103, 67, 71, 86, 80, 70, 55, 57"
276,top software development companies in usa,us,2,300,6.00,,software development company,2026-01-02 15:08:43,"AI Overview,Thumbnail,Sitelinks,Bottom ads,Video preview",600,3500,4100,2017-10-12,"Informational,Commercial,Non-branded,Non-local",English,"118, 121, 144, 79, 143, 89, 111, 167, 148, 108, 97, 79, 147, 148, 216, 565, 836, 490, 325, 237, 372, 179, 195, 162","191, 181, 166, 201, 224, 177, 182, 204, 184, 194, 160, 161, 191"
277,cms website development services,us,3,300,10.00,,cms development company,2025-12-24 16:54:16,"AI Overview,Thumbnail,People also ask,Sitelinks",600,600,800,2016-11-12,"Informational,Commercial,Non-branded,Non-local",English,"140, 111, 106, 156, 198, 122, 127, 96, 157, 420, 351, 248, 284, 347, 451, 531, 322, 185, 211, 195, 394, 185, 161, 254","263, 268, 281, 290, 279, 247, 246, 271, 264, 280, 268, 268, 278"
278,real estate development management software,us,0,300,20.00,,northspyre,2026-01-20 04:15:16,"AI Overview,Thumbnail,Sitelinks",400,2400,2500,2017-01-19,"Informational,Commercial,Non-branded,Non-local",English,"15, 168, 24, 12, 14, 13, 42, 13, 13, 21, 22, 26, 42, 102, 236, 414, 237, 471, 1561, 238, 143, 183, 33, 228","168, 220, 180, 228, 176, 162, 207, 206, 134, 111, 88, 88, 47"
279,software development templates,us,6,300,2.50,,software development template,2025-12-17 03:27:32,"Thumbnail,Sitelinks,Top stories,Video preview",400,40,40,2016-01-30,"Informational,Non-branded,Non-local",English,"73, 58, 58, 48, 77, 64, 50, 49, 85, 135, 114, 111, 137, 299, 372, 368, 220, 135, 142, 135, 1046, 219, 184, 242","251, 335, 315, 283, 306, 253, 229, 272, 571, 369, 299, 281, 290"
280,application development services companies,us,9,300,1.30,,mobile app development company,2025-12-23 23:05:53,"AI Overview,Thumbnail,Sitelinks,Local pack,Video preview",400,9200,9400,2017-12-12,"Informational,Commercial,Non-branded,Non-local",English,"56, 53, 53, 62, 84, 106, 85, 84, 171, 183, 76, 126, 205, 247, 306, 307, 252, 138, 97, 142, 1151, 119, 222, 232","264, 233, 220, 203, 208, 200, 187, 206, 570, 229, 246, 237, 270"
281,software development company in new york,us,5,300,5.00,,new york software development company,2025-12-26 19:33:23,"Local pack,People also ask,Sitelinks",500,1600,1800,2020-01-10,"Informational,Commercial,Non-branded,Local",English,"117, 87, 131, 134, 98, 128, 66, 106, 139, 174, 135, 130, 162, 218, 257, 255, 326, 114, 150, 171, 1106, 297, 319, 248","270, 281, 357, 287, 300, 319, 309, 404, 772, 348, 358, 364, 391"
282,power bi development services,us,8,300,25.00,,power bi development company,2025-12-28 07:42:17,"Sitelinks,People also ask,Video preview",600,300,450,2020-03-16,"Informational,Commercial,Branded,Non-local",English,"90, 81, 79, 202, 131, 109, 81, 120, 125, 160, 123, 158, 153, 341, 304, 357, 448, 369, 190, 306, 680, 234, 208, 295","293, 323, 324, 350, 535, 364, 346, 369, 419, 398, 399, 394, 392"
283,custom telehealth software solutions,us,9,300,30.00,,custom telehealth software solutions,2026-01-05 01:08:03,Sitelinks,500,150,150,2020-08-14,"Informational,Commercial,Non-branded,Non-local",English,"33, 28, 25, 25, 49, 26, 51, 30, 36, 37, 80, 78, 153, 147, 240, 246, 258, 107, 103, 203, 1560, 139, 180, 398","450, 462, 497, 533, 550, 583, 619, 614, 768, 684, 717, 739, 791"
284,nearshore software development teams,us,6,300,35.00,,nearshore software development company,2025-12-29 23:49:03,"AI Overview,Thumbnail,Sitelinks,Top stories,Bottom ads,Paid sitelinks,Video preview",600,1700,1900,2020-03-27,"Informational,Commercial,Non-branded,Non-local",English,"32, 30, 27, 24, 25, 42, 28, 48, 56, 79, 92, 119, 201, 695, 415, 412, 344, 104, 84, 117, 612, 161, 106, 193","183, 230, 188, 176, 155, 147, 221, 127, 125, 106, 99, 94, 96"
285,real estate app development services,us,2,300,20.00,,real estate app development company,2026-01-20 04:11:09,"AI Overview,Thumbnail,Video preview",700,500,500,2020-12-15,"Informational,Commercial,Non-branded,Non-local",English,"74, 38, 39, 71, 72, 73, 93, 61, 116, 146, 100, 153, 218, 207, 392, 397, 403, 395, 240, 348, 419, 234, 221, 251","236, 228, 267, 198, 202, 173, 102, 201, 161, 81, 129, 119, 110"
286,iot mobile app development services,us,10,300,25.00,,iot mobile app development,2026-01-04 19:36:17,,450,10,10,2020-01-24,"Informational,Commercial,Non-branded,Non-local",English,"31, 29, 51, 49, 65, 66, 37, 57, 60, 181, 114, 248, 359, 229, 442, 434, 308, 200, 88, 154, 826, 134, 122, 379","405, 412, 445, 458, 455, 467, 452, 480, 553, 513, 541, 560, 586"
287,software development contract,us,0,300,2.00,1.58,software development contract,2026-01-18 04:04:10,"Sitelinks,AI Overview,Thumbnail,Video preview",800,500,700,2015-09-06,"Informational,Non-branded,Non-local",English,"138, 116, 136, 140, 144, 165, 164, 117, 193, 206, 327, 153, 191, 302, 454, 464, 283, 111, 153, 142, 815, 170, 139, 262","268, 267, 297, 279, 261, 260, 254, 243, 408, 255, 284, 264, 270"
288,offshore outsourcing software development company,us,10,300,70.00,,offshore software development company,2025-12-28 13:43:30,"AI Overview,Thumbnail,People also ask,Video preview",900,1200,1400,2020-01-07,"Informational,Commercial,Non-branded,Non-local",English,"121, 117, 81, 109, 83, 154, 130, 348, 518, 364, 299, 936, 764, 438, 338, 264, 331, 556, 155, 168, 287, 162, 137, 246","215, 176, 168, 162, 161, 190, 161, 266, 228, 198, 191, 252, 221"
289,software development bachelor degree,us,8,300,7.00,,degree in software development,2026-01-01 19:24:03,"AI Overview,Thumbnail,Video preview,Sitelinks,People also ask",500,350,400,2016-01-14,"Informational,Non-branded,Non-local",English,"235, 188, 232, 231, 233, 192, 198, 198, 205, 192, 198, 240, 237, 278, 380, 373, 532, 444, 282, 343, 316, 212, 176, 234","247, 233, 264, 240, 256, 188, 172, 190, 172, 140, 148, 164, 180"
290,progressive web application development services,us,3,300,19.00,,pwa development services,2026-01-22 00:30:40,"AI Overview,People also ask,Sitelinks",500,1000,1300,2020-03-31,"Informational,Commercial,Non-branded,Non-local",English,"463, 51, 53, 61, 59, 53, 59, 57, 80, 104, 99, 101, 173, 285, 429, 356, 257, 154, 159, 176, 793, 269, 210, 346","402, 374, 408, 415, 430, 424, 435, 448, 520, 494, 505, 518, 573"
291,banking software development companies,us,9,300,6.00,,banking software development services,2025-12-24 11:41:17,"Sitelinks,Local pack,Thumbnail,Video preview",600,900,1000,2020-01-10,"Informational,Commercial,Non-branded,Non-local",English,"72, 58, 71, 57, 85, 151, 108, 103, 286, 191, 490, 369, 242, 282, 366, 365, 273, 176, 153, 185, 825, 158, 149, 374","377, 392, 400, 406, 413, 407, 411, 423, 499, 443, 492, 486, 489"
292,custom financial services software,us,5,300,10.00,,financial software development company,2026-01-18 02:46:32,"Sitelinks,Video preview",350,4400,5300,2019-03-18,"Informational,Commercial,Non-branded,Non-local",English,"17, 17, 16, 1, 17, 17, 16, 17, 39, 59, 57, 62, 87, 345, 444, 364, 203, 132, 76, 81, 1026, 123, 87, 349","363, 407, 435, 434, 455, 456, 479, 475, 580, 516, 546, 574, 589"
293,application software development,us,6,300,1.90,,application development,2025-12-18 21:33:09,"AI Overview,Thumbnail,People also ask,Sitelinks,Top stories,Bottom ads,Paid sitelinks,Knowledge panel,Video preview",600,1700,1700,2016-02-10,"Informational,Non-branded,Non-local",English,"147, 117, 187, 192, 199, 160, 188, 189, 481, 515, 306, 318, 311, 286, 445, 375, 248, 179, 275, 231, 404, 174, 138, 241","249, 248, 273, 251, 232, 218, 221, 237, 276, 259, 244, 241, 249"
294,software development projects,us,8,250,3.00,0.95,software development projects,2025-12-29 13:25:42,"AI Overview,Thumbnail,Sitelinks,Video preview,People also ask,Discussions",1000,60,100,2015-09-05,"Informational,Non-branded,Non-local",English,"223, 216, 184, 186, 192, 155, 190, 191, 226, 188, 165, 196, 225, 306, 328, 328, 295, 238, 234, 203, 459, 178, 162, 252","289, 303, 301, 287, 272, 268, 264, 281, 298, 278, 262, 269, 304"
295,mvp software development agency,us,6,250,7.00,,mvp development services for startups,2025-12-31 02:10:20,"AI Overview,Thumbnail,Sitelinks,Top stories,People also ask,Video preview",700,600,800,2022-05-03,"Informational,Commercial,Non-branded,Non-local",English,"47, 28, 65, 61, 63, 62, 42, 57, 545, 104, 127, 157, 180, 268, 415, 346, 365, 148, 117, 139, 760, 151, 104, 285","236, 359, 425, 345, 383, 155, 185, 193, 379, 310, 302, 308, 312"
296,project management for software development,us,4,250,5.00,,software development project management,2026-01-07 21:03:09,"AI Overview,Thumbnail,Sitelinks,People also ask,Top stories,Video preview",500,1100,1400,2015-11-25,"Informational,Non-branded,Non-local",English,"161, 129, 126, 101, 128, 125, 109, 122, 221, 169, 123, 130, 188, 213, 262, 382, 248, 304, 354, 232, 417, 170, 139, 247","251, 235, 244, 268, 233, 240, 229, 256, 296, 252, 240, 247, 251"
297,land development software,us,1,250,6.00,,land development software,2026-01-07 12:33:16,"Sitelinks,People also ask,Bottom ads,Video preview",450,100,150,2015-10-11,"Informational,Commercial,Non-branded,Non-local",English,"118, 118, 120, 117, 110, 128, 402, 331, 104, 190, 154, 130, 276, 240, 296, 520, 624, 106, 192, 116, 198, 138, 220, 199","244, 224, 235, 249, 255, 205, 244, 226, 217, 215, 214, 209, 254"
298,proptech software development,us,0,250,20.00,,proptech software development,2026-01-02 05:29:36,"AI Overview,Thumbnail,Video preview,People also ask,Sitelinks",700,30,30,2020-04-30,"Informational,Non-branded,Non-local",English,"71, 69, 70, 90, 90, 86, 110, 109, 71, 138, 180, 182, 248, 301, 327, 269, 273, 148, 137, 139, 392, 168, 150, 231","237, 242, 245, 243, 242, 236, 250, 243, 263, 250, 261, 261, 266"
299,software development plan,us,0,250,3.50,1.26,di-ipsc-81427b,2026-01-20 14:44:12,"Sitelinks,People also ask,Thumbnail,Video preview",600,0,0,2015-09-07,"Informational,Non-branded,Non-local",English,"216, 255, 251, 253, 259, 206, 174, 209, 245, 249, 182, 179, 243, 353, 359, 372, 260, 160, 173, 160, 449, 182, 154, 242","239, 274, 289, 289, 264, 231, 233, 246, 278, 263, 251, 242, 240"
300,software development degree programs,us,7,250,9.00,,software engineer degree,2025-12-19 13:42:59,"Top ads,Paid sitelinks,AI Overview,Thumbnail,Sitelinks,People also ask,Bottom ads,Video preview",300,9700,10000,2016-04-18,"Informational,Non-branded,Non-local",English,"140, 71, 108, 141, 174, 110, 489, 327, 159, 175, 174, 217, 346, 279, 349, 274, 284, 175, 139, 322, 445, 244, 160, 277","311, 272, 286, 292, 345, 296, 315, 317, 325, 320, 315, 347, 381"
301,hire dedicated software development teams,us,9,250,11.00,,hire dedicated development team,2026-01-15 14:03:06,"Top ads,AI Overview,Thumbnail,Sitelinks,Bottom ads",600,5700,6600,2021-01-25,"Informational,Commercial,Transactional,Non-branded,Non-local",English,"27, 39, 35, 67, 68, 67, 38, 58, 77, 69, 96, 118, 200, 280, 415, 414, 242, 125, 162, 145, 727, 153, 111, 317","337, 352, 371, 381, 380, 392, 383, 408, 454, 417, 433, 445, 465"
302,headless commerce development services,us,7,250,2.50,,headless commerce development services,2025-12-08 17:29:49,Video preview,500,100,100,2022-05-14,"Informational,Commercial,Non-branded,Non-local",English,"35, 33, 89, 34, 33, 58, 67, 97, 104, 55, 84, 111, 101, 261, 331, 330, 276, 121, 105, 132, 782, 195, 155, 324","333, 366, 386, 398, 412, 426, 436, 459, 526, 486, 505, 532, 541"
303,benefits of outsourcing software development,us,0,250,5.00,,pros and cons of outsourcing software development,2025-12-22 10:22:43,"AI Overview,Thumbnail,Video preview,Sitelinks",500,250,250,2017-12-18,"Informational,Non-branded,Non-local",English,"68, 78, 110, 105, 103, 101, 113, 111, 256, 138, 128, 192, 305, 357, 543, 447, 268, 157, 207, 168, 143, 99, 118, 112","123, 133, 152, 134, 129, 108, 111, 114, 125, 105, 107, 112, 122"
304,amazon software development engineer salary,us,2,250,5.00,0.71,amazon software engineer salary,2026-01-17 19:43:24,"AI Overview,Thumbnail,Sitelinks,People also ask,Video preview",500,3600,4400,2015-09-03,"Informational,Branded,Non-local",English,"268, 260, 262, 255, 257, 250, 256, 258, 257, 259, 207, 253, 256, 208, 268, 263, 276, 272, 273, 225, 210, 178, 140, 171","183, 185, 197, 199, 194, 182, 196, 203, 207, 200, 173, 171, 183"
305,media software development,us,3,250,2.50,,media software development,2025-12-21 10:34:37,"AI Overview,Thumbnail,People also ask,Bottom ads,Video preview",400,100,150,2018-03-26,"Informational,Non-branded,Non-local",English,"26, 41, 113, 81, 215, 79, 113, 81, 119, 97, 95, 94, 118, 222, 225, 235, 206, 140, 159, 123, 446, 223, 538, 196","209, 236, 327, 260, 332, 248, 233, 221, 319, 302, 255, 227, 241"
306,hospital software development,us,7,250,10.00,,custom healthcare software development company,2025-12-26 14:55:29,"AI Overview,Thumbnail,Video preview,Sitelinks,People also ask",350,9500,11000,2020-01-09,"Informational,Non-branded,Non-local",English,"45, 74, 54, 39, 36, 33, 37, 39, 65, 90, 85, 105, 131, 236, 352, 361, 361, 140, 160, 196, 483, 103, 80, 223","206, 219, 218, 203, 200, 185, 188, 177, 190, 170, 191, 180, 172"
307,custom erp development services,us,8,250,3.50,,custom erp solutions,2025-12-20 11:59:52,"Sitelinks,People also ask,Bottom ads,Paid sitelinks,Video preview",450,1100,1300,2021-01-18,"Informational,Commercial,Non-branded,Non-local",English,"19, 16, 17, 15, 16, 18, 20, 18, 37, 39, 52, 261, 252, 201, 259, 321, 225, 120, 103, 151, 910, 166, 120, 361","381, 397, 416, 426, 446, 461, 460, 482, 556, 506, 539, 567, 588"
308,financial software custom development,us,5,250,8.00,,financial software development company,2025-12-17 17:16:43,"Top ads,AI Overview,Thumbnail,People also ask,Sitelinks,Bottom ads,Paid sitelinks,Video preview",400,4300,5200,2020-01-23,"Informational,Commercial,Non-branded,Non-local",English,"29, 29, 8, 30, 30, 30, 31, 31, 40, 76, 52, 74, 132, 263, 409, 407, 195, 125, 78, 102, 941, 190, 91, 340","371, 386, 418, 434, 438, 458, 457, 489, 558, 508, 531, 545, 576"
309,patient portal software development,us,0,250,15.00,,patient portal software development,2026-01-02 00:49:14,"Sitelinks,Video preview",300,100,100,2020-03-27,"Informational,Non-branded,Non-local",English,"26, 22, 26, 27, 28, 28, 23, 24, 33, 47, 64, 47, 128, 223, 280, 344, 164, 69, 95, 101, 975, 118, 66, 296","327, 351, 372, 398, 407, 428, 431, 451, 541, 482, 513, 533, 564"
310,social media app development services,us,2,250,4.50,,social media app developers,2026-01-11 23:16:46,"AI Overview,Thumbnail,People also ask,Video preview",450,80,80,2020-01-09,"Informational,Commercial,Non-branded,Non-local",English,"25, 18, 18, 24, 40, 45, 52, 26, 93, 149, 152, 103, 515, 239, 291, 246, 301, 203, 202, 234, 391, 160, 212, 267","310, 287, 281, 300, 309, 313, 314, 318, 338, 342, 349, 347, 390"
311,agriculture software development,us,1,250,2.00,,agriculture software development services,2026-01-11 15:32:03,"AI Overview,Thumbnail,Sitelinks,Video preview",600,150,150,2020-01-09,"Informational,Non-branded,Non-local",English,"76, 124, 128, 178, 96, 143, 150, 156, 215, 149, 147, 142, 161, 199, 299, 255, 215, 154, 152, 145, 766, 235, 125, 311","319, 326, 345, 347, 346, 346, 338, 360, 410, 362, 366, 372, 380"
312,healthcare software development companies in usa,us,8,250,8.00,,custom healthcare software development company,2025-12-22 21:46:26,"Sitelinks,AI Overview,Thumbnail,Local pack",350,9300,11000,2022-06-14,"Informational,Non-branded,Local",English,"21, 26, 83, 111, 25, 40, 23, 22, 36, 44, 46, 59, 174, 130, 144, 172, 117, 62, 113, 98, 1306, 164, 106, 318","356, 372, 403, 418, 432, 453, 479, 478, 613, 521, 556, 584, 623"
313,custom retail software,us,6,250,3.00,,retail software development services,2025-12-20 03:46:50,"AI Overview,Thumbnail,Video preview,People also ask,Bottom ads,Paid sitelinks",350,2300,2400,2019-03-18,"Informational,Commercial,Non-branded,Non-local",English,"19, 19, 22, 21, 21, 71, 16, 30, 49, 240, 819, 469, 173, 341, 434, 361, 165, 29, 82, 92, 676, 116, 95, 216","139, 153, 149, 126, 101, 90, 76, 71, 95, 74, 136, 92, 52"
314,software development roadmap,us,2,250,3.00,,roadmap,2025-12-24 14:05:38,"AI Overview,Thumbnail,Sitelinks,People also ask,Video preview",1000,10000,134000,2015-09-22,"Informational,Non-branded,Non-local",English,"147, 144, 146, 119, 177, 142, 125, 146, 180, 186, 149, 124, 173, 172, 176, 942, 158, 153, 169, 142, 207, 148, 133, 177","204, 193, 191, 272, 207, 206, 217, 228, 230, 222, 201, 191, 218"
315,full stack web development services,us,4,250,11.00,,full stack development services,2026-01-02 15:58:38,"People also ask,Sitelinks,Top stories,Thumbnail,Video preview",450,250,350,2020-01-06,"Informational,Commercial,Non-branded,Non-local",English,"39, 56, 72, 115, 117, 116, 76, 119, 149, 132, 130, 157, 180, 210, 271, 325, 353, 159, 270, 279, 317, 124, 138, 189","188, 191, 204, 207, 215, 193, 195, 203, 202, 197, 196, 190, 188"
316,custom software integration,us,1,250,14.00,,custom software integration,2025-12-23 16:30:41,"AI Overview,Thumbnail,People also ask,Sitelinks,Video preview",700,20,20,2020-01-09,"Informational,Non-branded,Non-local",English,"53, 51, 48, 48, 53, 55, 227, 183, 56, 63, 61, 78, 127, 126, 864, 242, 452, 328, 246, 238, 237, 103, 85, 214","215, 216, 295, 230, 240, 237, 267, 250, 239, 232, 228, 232, 233"
317,xamarin app development services,us,4,250,12.00,,xamarin app development services,2026-01-13 10:36:05,"Sitelinks,People also ask,Bottom ads,Paid sitelinks,Video preview",600,500,600,2020-01-07,"Informational,Commercial,Branded,Non-local",English,"102, 154, 154, 150, 219, 220, 153, 179, 235, 208, 231, 283, 328, 318, 594, 406, 345, 305, 193, 218, 103, 124, 108, 144","155, 164, 187, 174, 186, 166, 143, 153, 134, 129, 138, 143, 155"
318,software development for finance,us,8,250,8.00,,financial software development company,2026-01-18 20:44:01,"Sitelinks,Video preview",400,4400,5300,2016-10-06,"Informational,Non-branded,Non-local",English,"76, 75, 78, 81, 81, 120, 86, 70, 113, 190, 165, 211, 202, 187, 265, 319, 264, 145, 424, 199, 516, 156, 134, 341","351, 349, 371, 380, 384, 377, 405, 394, 440, 427, 460, 469, 478"
319,mobile banking software development,us,6,250,9.00,,mobile banking software development,2026-01-18 12:28:23,"Sitelinks,Video preview",400,250,350,2020-12-03,"Informational,Non-branded,Non-local",English,"29, 35, 35, 39, 87, 88, 68, 66, 91, 76, 105, 158, 198, 238, 300, 298, 265, 214, 127, 145, 562, 82, 108, 286","301, 309, 320, 328, 341, 343, 338, 342, 392, 358, 384, 401, 417"
320,enterprise blockchain development services,us,1,250,8.00,,enterprise blockchain development company,2026-01-19 22:05:41,"AI Overview,Thumbnail,Sitelinks",600,300,350,2020-01-19,"Informational,Commercial,Non-branded,Non-local",English,"37, 90, 47, 47, 66, 66, 69, 102, 156, 122, 120, 235, 354, 229, 307, 308, 317, 226, 113, 159, 574, 138, 136, 271","290, 282, 293, 294, 308, 299, 286, 302, 338, 293, 303, 314, 333"
321,is software development a good career,us,1,250,3.00,,is software development a good career,2025-12-20 00:06:40,"AI Overview,Thumbnail,Sitelinks,People also ask,Video preview,Top stories",500,200,250,2015-11-02,"Informational,Non-branded,Non-local",English,"605, 494, 494, 487, 489, 583, 575, 326, 218, 210, 250, 237, 290, 196, 280, 294, 367, 237, 255, 252, 233, 207, 161, 211","243, 210, 220, 213, 213, 212, 229, 210, 192, 190, 192, 189, 224"
322,business intelligence development services,us,4,250,11.00,,business intelligence development services,2025-12-23 20:26:07,"AI Overview,Thumbnail,People also ask,Video preview",400,200,200,2020-01-14,"Informational,Commercial,Non-branded,Non-local",English,"20, 38, 21, 20, 37, 19, 37, 56, 63, 61, 57, 92, 102, 207, 280, 333, 184, 112, 112, 124, 1069, 104, 112, 323","348, 374, 389, 424, 434, 449, 474, 493, 584, 516, 550, 571, 597"
323,software development workflow,us,3,250,1.10,,software development workflow,2026-01-18 18:39:49,"AI Overview,Thumbnail,Sitelinks,People also ask,Video preview",450,200,250,2015-09-08,"Informational,Non-branded,Non-local",English,"137, 151, 157, 155, 160, 156, 159, 165, 167, 139, 135, 134, 187, 224, 339, 287, 312, 260, 262, 206, 241, 138, 164, 152","167, 165, 184, 174, 167, 164, 167, 184, 166, 171, 161, 154, 169"
324,custom telehealth software development,us,9,250,30.00,,telemedicine software development company,2026-01-19 15:47:28,"AI Overview,Thumbnail,Sitelinks,Video preview",400,2000,2200,2021-04-10,"Informational,Commercial,Non-branded,Non-local",English,"23, 22, 23, 21, 22, 22, 22, 23, 34, 45, 69, 65, 120, 285, 432, 357, 208, 65, 118, 126, 822, 256, 89, 350","369, 402, 428, 438, 443, 447, 472, 478, 547, 506, 533, 545, 564"
325,startup software development company,us,7,250,8.00,,software development startup company,2026-01-20 16:01:40,"AI Overview,Thumbnail,Video preview,Sitelinks",600,800,800,2020-01-09,"Informational,Non-branded,Non-local",English,"53, 57, 66, 99, 120, 114, 95, 118, 153, 177, 180, 375, 207, 336, 422, 419, 423, 208, 136, 158, 446, 136, 121, 261","243, 248, 255, 254, 260, 233, 225, 233, 247, 229, 239, 266, 248"
326,custom software development for small business,us,2,250,7.00,,custom business software development,2026-01-18 11:05:59,"AI Overview,Thumbnail,Video preview,Sitelinks,People also ask",500,1400,1500,2020-01-06,"Informational,Non-branded,Non-local",English,"190, 101, 98, 98, 183, 99, 264, 327, 96, 150, 155, 492, 276, 195, 235, 234, 219, 254, 230, 252, 311, 210, 165, 320","316, 253, 237, 241, 274, 226, 254, 467, 253, 238, 224, 344, 340"
327,software development supply chain,us,6,250,5.00,,software supply chain,2025-12-26 21:20:23,"AI Overview,Thumbnail,Sitelinks,People also ask,Video preview",300,900,1200,2020-02-25,"Informational,Non-branded,Non-local",English,"36, 38, 34, 58, 59, 62, 48, 60, 67, 61, 57, 94, 139, 274, 428, 355, 182, 91, 87, 100, 716, 129, 94, 207","272, 313, 358, 328, 293, 244, 260, 278, 484, 333, 518, 295, 384"
328,laravel website development services,us,1,250,5.00,,laravel development services,2026-01-13 15:56:01,"AI Overview,Thumbnail,People also ask,Sitelinks",800,800,900,2020-01-06,"Informational,Commercial,Branded,Non-local",English,"802, 1263, 798, 166, 171, 111, 91, 126, 162, 312, 614, 267, 363, 338, 367, 431, 369, 252, 194, 158, 376, 109, 122, 84","155, 202, 161, 123, 108, 69, 58, 64, 82, 92, 118, 67, 139"
329,real estate development services,us,5,250,2.00,,real estate development services,2026-01-02 20:40:31,"AI Overview,Thumbnail,Sitelinks,People also ask,Local pack,Video preview",700,100,100,2015-10-31,"Informational,Non-branded,Non-local",English,"73, 67, 67, 66, 101, 56, 86, 75, 199, 89, 85, 101, 116, 139, 264, 259, 316, 507, 346, 376, 290, 234, 165, 254","259, 257, 271, 265, 274, 280, 274, 277, 287, 272, 278, 275, 282"
330,custom salesforce development services,us,2,250,14.00,,salesforce development services,2026-01-02 10:28:37,"AI Overview,Thumbnail,Sitelinks,Bottom ads,Video preview",350,300,300,2020-04-09,"Informational,Commercial,Branded,Non-local",English,"41, 38, 37, 44, 66, 44, 45, 46, 46, 41, 69, 118, 110, 124, 274, 274, 275, 147, 172, 124, 953, 152, 184, 339","348, 378, 401, 420, 440, 445, 473, 482, 562, 506, 542, 567, 576"
331,supply chain management software development,us,10,250,30.00,,supply chain management software development,2026-01-22 10:13:30,"AI Overview,Thumbnail,Sitelinks,People also ask,Video preview",450,500,700,2020-01-13,"Informational,Non-branded,Non-local",English,"33, 53, 30, 54, 74, 50, 34, 32, 62, 69, 90, 93, 133, 167, 341, 335, 134, 176, 86, 121, 1091, 126, 113, 336","360, 381, 409, 433, 433, 465, 461, 500, 594, 523, 559, 588, 612"
332,custom software development process,us,0,250,6.00,,custom software development,2025-12-17 20:54:35,"AI Overview,Thumbnail,Top ads,People also ask,Sitelinks,Bottom ads,Video preview",600,800,1900,2017-03-22,"Informational,Non-branded,Non-local",English,"78, 77, 59, 59, 96, 73, 22, 60, 91, 123, 118, 169, 213, 289, 451, 372, 226, 153, 116, 119, 688, 154, 132, 259","294, 322, 472, 319, 292, 250, 249, 305, 458, 351, 347, 339, 382"
333,net software development company,us,5,250,10.00,,.net software development company,2025-12-21 07:47:52,"AI Overview,Thumbnail,Top ads,Paid sitelinks,Sitelinks,People also ask,Top stories,Local pack,Bottom ads,Video preview",400,2200,2300,2020-01-10,"Informational,Commercial,Non-branded,Non-local",English,"18, 35, 37, 38, 59, 71, 57, 58, 89, 87, 94, 319, 147, 165, 257, 257, 220, 127, 136, 144, 724, 131, 114, 334","287, 249, 240, 239, 270, 254, 199, 200, 379, 236, 237, 348, 298"
334,software development team structure,us,4,250,2.50,,development team structure,2025-12-22 10:12:30,"AI Overview,Thumbnail,Sitelinks,People also ask,Video preview",800,300,400,2016-10-30,"Informational,Non-branded,Non-local",English,"366, 245, 204, 195, 282, 225, 236, 195, 177, 218, 256, 250, 284, 227, 374, 375, 330, 262, 205, 169, 391, 184, 147, 260","287, 262, 271, 266, 254, 233, 242, 244, 257, 271, 265, 267, 294"
335,sharepoint application development services,us,4,250,11.00,,sharepoint development company,2025-12-23 02:55:06,"Sitelinks,Local pack,Video preview",450,500,800,2020-01-13,"Informational,Commercial,Branded,Non-local",English,"27, 25, 24, 23, 22, 34, 40, 38, 62, 56, 70, 70, 118, 305, 379, 316, 168, 67, 75, 81, 1038, 117, 93, 172","177, 283, 275, 224, 185, 189, 173, 172, 605, 209, 212, 208, 213"
336,custom software development for enterprise,us,1,250,25.00,,enterprise software development services,2026-01-13 02:57:45,Sitelinks,600,3400,4100,2020-01-09,"Informational,Commercial,Non-branded,Non-local",English,"18, 21, 33, 32, 16, 17, 34, 18, 72, 74, 118, 98, 265, 218, 242, 431, 530, 247, 92, 109, 538, 90, 79, 269","289, 290, 302, 322, 315, 322, 316, 307, 360, 324, 345, 351, 371"
337,software development budget,us,1,250,4.00,,software development budget,2025-12-27 02:50:35,"AI Overview,Thumbnail,Video preview,Sitelinks,People also ask",450,100,100,2016-03-21,"Informational,Non-branded,Non-local",English,"24, 25, 15, 25, 23, 12, 24, 38, 44, 74, 59, 60, 90, 408, 422, 425, 201, 51, 101, 89, 791, 166, 81, 160","160, 351, 249, 248, 195, 162, 176, 176, 407, 257, 213, 162, 162"
338,python software outsourcing,us,2,250,45.00,,python development outsourcing,2026-01-18 16:32:24,"AI Overview,Thumbnail,Sitelinks,People also ask",500,80,100,2020-09-11,"Informational,Commercial,Non-branded,Non-local",English,"46, 47, 46, 42, 42, 114, 122, 193, 207, 107, 110, 212, 201, 328, 517, 337, 269, 164, 117, 192, 277, 129, 95, 153","110, 140, 135, 106, 96, 91, 84, 98, 100, 53, 63, 72, 63"
339,offshore development center services,us,4,250,25.00,,offshore software development center,2026-01-02 18:34:10,"AI Overview,Thumbnail,Sitelinks,People also ask,Bottom ads,Video preview",450,350,450,2020-02-06,"Informational,Commercial,Non-branded,Non-local",English,"44, 72, 92, 124, 128, 134, 79, 161, 166, 92, 91, 151, 153, 126, 238, 326, 281, 204, 190, 130, 554, 131, 311, 231","229, 249, 289, 314, 337, 347, 309, 359, 435, 290, 295, 317, 312"
340,azure application development services,us,4,250,25.00,,azure application development services,2025-12-27 08:56:50,"AI Overview,Thumbnail,Video preview,People also ask",400,500,500,2020-01-09,"Informational,Branded,Non-local",English,"17, 16, 17, 16, 28, 71, 75, 126, 163, 203, 138, 88, 168, 152, 254, 304, 178, 106, 118, 111, 876, 161, 109, 306","331, 344, 372, 386, 389, 408, 434, 447, 531, 484, 500, 514, 539"
341,medical device development services,us,2,250,30.00,,medical device development services,2026-01-20 16:41:16,"Local pack,Video preview",450,350,350,2018-11-15,"Informational,Commercial,Non-branded,Non-local",English,"90, 86, 71, 103, 48, 45, 102, 85, 118, 90, 100, 103, 161, 205, 435, 303, 242, 201, 188, 198, 493, 192, 120, 292","276, 260, 334, 259, 323, 315, 273, 281, 323, 272, 273, 318, 301"
342,salesforce app development services,us,10,250,11.00,,salesforce application development services,2026-01-02 15:46:37,"AI Overview,Thumbnail,Sitelinks,People also ask",600,900,1200,2020-01-16,"Informational,Commercial,Branded,Non-local",English,"109, 64, 61, 85, 109, 80, 102, 102, 80, 127, 130, 179, 197, 265, 354, 382, 495, 239, 232, 187, 380, 87, 258, 135","243, 183, 269, 239, 296, 258, 279, 265, 295, 300, 307, 321, 365"
343,loan origination software development,us,3,250,14.00,,loan origination software development,2026-01-15 18:29:30,"AI Overview,Thumbnail,Video preview,Sitelinks,People also ask",300,1100,1600,2020-01-23,"Informational,Non-branded,Non-local",English,"30, 26, 30, 30, 31, 29, 29, 27, 33, 39, 40, 58, 67, 136, 142, 280, 506, 288, 59, 147, 637, 80, 92, 293","305, 310, 333, 357, 375, 369, 383, 388, 442, 414, 426, 448, 460"
344,windows application development services,us,1,250,55.00,,desktop application development services,2025-12-22 07:27:14,"AI Overview,Thumbnail,Video preview,People also ask",400,100,100,2020-01-10,"Informational,Commercial,Non-branded,Non-local",English,"111, 162, 47, 33, 33, 42, 28, 33, 66, 87, 82, 82, 101, 136, 215, 253, 215, 118, 95, 102, 481, 380, 306, 380","366, 394, 314, 327, 302, 281, 274, 294, 452, 335, 323, 331, 346"
345,clinical development services,us,8,250,4.50,,clinical development services,2025-12-30 01:52:09,"Sitelinks,Local pack,People also ask,Video preview",450,100,100,2019-02-01,"Informational,Non-branded,Non-local",English,"116, 138, 168, 167, 164, 136, 160, 164, 147, 223, 186, 179, 260, 373, 462, 309, 275, 192, 165, 192, 293, 183, 166, 195","209, 229, 239, 216, 213, 191, 193, 203, 210, 211, 211, 206, 221"
346,telehealth software development company,us,8,250,30.00,,telemedicine software development company,2025-12-27 09:00:56,"Sitelinks,People also ask,Video preview",350,1900,2100,2020-05-11,"Informational,Commercial,Non-branded,Non-local",English,"25, 25, 23, 25, 26, 23, 23, 22, 31, 41, 62, 61, 115, 223, 351, 356, 250, 59, 112, 153, 821, 142, 85, 312","329, 353, 373, 385, 387, 378, 395, 411, 481, 430, 460, 466, 483"
347,software development pricing models,us,2,250,9.00,,software pricing models,2026-01-06 03:37:51,"AI Overview,Thumbnail,Video preview,Sitelinks,People also ask",400,0,0,2017-09-17,"Informational,Non-branded,Non-local",English,"20, 21, 35, 36, 37, 36, 36, 34, 67, 85, 53, 74, 126, 401, 504, 415, 197, 69, 105, 66, 765, 97, 95, 169","209, 331, 296, 268, 241, 190, 197, 190, 455, 265, 233, 212, 263"
348,servicenow development services,us,6,250,5.00,,servicenow development services,2025-12-24 04:38:09,"Top ads,AI Overview,Thumbnail,People also ask,Top stories,Bottom ads,Paid sitelinks,Video preview",500,150,200,2022-03-28,"Informational,Commercial,Branded,Non-local",English,"38, 41, 42, 38, 42, 44, 40, 56, 85, 92, 90, 117, 356, 237, 367, 551, 247, 147, 80, 164, 355, 110, 132, 180","200, 184, 202, 221, 193, 186, 173, 182, 206, 183, 187, 186, 205"
349,is software development hard,us,2,250,4.50,1.09,is being a software developer hard,2025-12-24 15:01:52,"AI Overview,Thumbnail,Sitelinks,People also ask,Top stories,Video preview",500,100,150,2015-09-15,"Informational,Non-branded,Non-local",English,"377, 372, 307, 308, 354, 357, 356, 369, 373, 371, 355, 300, 310, 300, 300, 307, 306, 243, 264, 316, 224, 215, 186, 219","267, 238, 247, 247, 251, 236, 233, 259, 243, 233, 234, 213, 260"
350,logistics custom software development services,us,8,250,12.00,,logistics software development services,2025-12-23 02:03:01,"Sitelinks,Video preview",400,3500,4000,2020-01-07,"Informational,Commercial,Non-branded,Non-local",English,"31, 30, 27, 27, 82, 23, 61, 42, 52, 110, 72, 108, 91, 221, 346, 345, 240, 77, 73, 93, 965, 132, 109, 309","323, 355, 374, 404, 425, 425, 427, 461, 544, 507, 515, 539, 552"
351,naics code for software development,us,4,250,5.00,0.66,naics code 541511,2026-01-22 04:25:17,"AI Overview,Thumbnail,People also ask",350,1100,1200,2016-02-19,"Informational,Non-branded,Non-local",English,"239, 239, 244, 242, 236, 200, 204, 232, 200, 233, 160, 165, 235, 225, 246, 289, 253, 214, 643, 274, 179, 189, 137, 212","288, 300, 347, 369, 309, 261, 354, 257, 263, 259, 247, 238, 324"
352,product development services companies,us,4,250,4.50,,product development companies,2025-12-22 22:42:51,"AI Overview,Thumbnail,Sitelinks,Local pack,Video preview",400,1100,1300,2016-06-12,"Informational,Commercial,Non-branded,Non-local",English,"48, 45, 45, 79, 93, 91, 58, 78, 82, 95, 82, 98, 197, 216, 390, 385, 225, 147, 146, 183, 497, 128, 131, 208","231, 236, 258, 274, 255, 265, 242, 238, 322, 248, 248, 238, 264"
353,outsourcing software vietnam,us,1,200,18.00,,outsourcing software vietnam,2025-12-20 21:05:17,Sitelinks,700,100,150,2020-01-20,"Informational,Non-branded,Local",English,,
354,software development skills,us,6,200,1.50,0.85,software developer,2025-12-22 15:27:22,"AI Overview,Thumbnail,Sitelinks,People also ask,Discussions,Video preview",500,5100,13000,2015-11-05,"Informational,Non-branded,Non-local",English,"190, 191, 110, 133, 229, 323, 586, 482, 224, 237, 213, 187, 154, 175, 187, 208, 186, 181, 131, 166, 327, 194, 104, 154","165, 159, 148, 157, 171, 189, 243, 206, 191, 160, 152, 131, 147"
355,outsourcing software development to india,us,4,200,15.00,,outsource software development india,2025-12-17 04:59:41,"Top ads,Paid sitelinks,AI Overview,Thumbnail,Sitelinks,Top stories,Bottom ads,Video preview",450,100,150,2016-10-10,"Informational,Non-branded,Non-local",English,"79, 58, 60, 147, 74, 87, 83, 108, 140, 113, 128, 86, 143, 124, 224, 257, 225, 325, 145, 173, 406, 85, 95, 167","163, 169, 171, 178, 168, 157, 148, 180, 193, 171, 171, 142, 142"
356,headless cms development services,us,0,200,11.00,,headless cms development services,2026-01-20 01:25:31,"People also ask,Bottom ads",450,100,100,2022-03-30,"Informational,Commercial,Non-branded,Non-local",English,"26, 25, 25, 24, 24, 24, 26, 46, 61, 95, 49, 70, 127, 202, 249, 210, 178, 109, 86, 78, 603, 80, 118, 229","246, 262, 278, 279, 292, 292, 308, 317, 376, 347, 355, 369, 386"
357,custom pos software development,us,2,200,10.00,,custom pos software development,2026-01-02 02:26:56,"Sitelinks,Video preview",450,350,350,2020-01-10,"Informational,Non-branded,Non-local",English,"50, 41, 62, 91, 87, 115, 321, 392, 115, 92, 99, 133, 160, 156, 288, 292, 251, 112, 102, 157, 371, 84, 73, 137","115, 113, 117, 115, 98, 88, 105, 109, 82, 57, 57, 56, 56"
358,software development cost breakdown,us,4,200,2.50,,software development cost estimation,2026-01-12 06:48:10,"AI Overview,Thumbnail,Sitelinks,People also ask,Video preview",350,700,700,2016-09-10,"Informational,Non-branded,Non-local",English,,
359,software development technologies,us,6,200,2.50,,software development technologies,2026-01-07 16:16:29,"AI Overview,Thumbnail,People also ask,Sitelinks,Top stories,Video preview",500,150,250,2016-02-21,"Informational,Non-branded,Non-local",English,"101, 79, 151, 100, 96, 80, 99, 97, 104, 131, 166, 237, 235, 189, 247, 200, 219, 107, 118, 174, 388, 303, 281, 186","195, 172, 173, 152, 154, 142, 144, 192, 221, 221, 185, 197, 206"
360,software development finance,us,2,200,8.00,,financial software development company,2026-01-12 02:29:50,"AI Overview,Thumbnail,Sitelinks,Video preview",300,4300,5200,2020-01-13,"Informational,Non-branded,Non-local",English,"39, 45, 54, 58, 58, 101, 76, 63, 75, 124, 107, 128, 160, 169, 220, 257, 216, 109, 320, 138, 395, 84, 69, 206","207, 207, 210, 219, 207, 212, 219, 202, 227, 213, 219, 217, 219"
361,nearshore agile software development,us,0,200,4.00,,nearshore agile development,2025-12-16 06:40:02,Sitelinks,500,70,100,2020-04-19,"Informational,Non-branded,Non-local",English,"30, 26, 28, 21, 19, 38, 31, 40, 65, 58, 82, 214, 138, 165, 264, 324, 226, 135, 82, 91, 332, 79, 93, 168","158, 162, 173, 175, 179, 174, 214, 170, 178, 160, 169, 180, 171"
362,custom software and application development services,us,10,200,17.00,,custom software development services,2025-12-20 22:37:54,"Sitelinks,Local pack",200,13000,19000,2020-01-10,"Informational,Commercial,Non-branded,Non-local",English,,
363,trading platform software development,us,10,200,9.00,,custom trading software development,2026-01-03 05:58:48,"AI Overview,Thumbnail,Sitelinks,People also ask,Video preview",600,500,500,2016-11-14,"Informational,Non-branded,Non-local",English,"22, 24, 20, 21, 22, 18, 20, 347, 374, 156, 130, 131, 143, 158, 212, 214, 274, 122, 122, 177, 398, 126, 67, 167","145, 144, 130, 118, 112, 100, 93, 124, 127, 84, 77, 81, 79"
364,software development recruitment agency,us,3,200,5.00,,software developer recruitment agency,2025-11-19 04:30:05,"Local pack,Sitelinks",400,2100,2100,2018-01-30,"Informational,Commercial,Non-branded,Non-local",English,,
365,mern stack development services,us,0,200,3.00,,mern stack development company,2025-12-29 13:52:01,"Sitelinks,Video preview",500,200,200,2020-01-07,"Informational,Commercial,Non-branded,Non-local",English,"66, 55, 85, 127, 118, 167, 192, 192, 276, 328, 292, 214, 231, 223, 281, 209, 262, 242, 33, 462, 354, 32, 43, 222","217, 217, 227, 229, 230, 223, 215, 232, 251, 226, 235, 235, 230"
366,outsourcing software development vietnam,us,8,200,4.50,,software outsourcing companies vietnam,2025-12-13 23:53:49,"Sitelinks,Video preview",700,300,450,2020-01-12,"Informational,Commercial,Non-branded,Local",English,"109, 106, 101, 95, 99, 101, 110, 183, 182, 335, 184, 351, 417, 335, 423, 415, 268, 106, 120, 109, 116, 141, 49, 138","135, 139, 146, 133, 123, 109, 116, 111, 115, 120, 100, 122, 120"
367,js development services,us,2,200,14.00,,javascript software development services,2025-12-30 09:11:26,"AI Overview,Thumbnail,People also ask,Sitelinks",300,150,200,2019-12-10,"Informational,Commercial,Non-branded,Non-local",English,,
368,desktop app development services,us,2,200,16.00,,desktop application development company,2025-12-21 15:59:32,"Top ads,AI Overview,Sitelinks,Bottom ads,Paid sitelinks,Video preview",300,700,700,2021-06-21,"Informational,Commercial,Non-branded,Non-local",English,"74, 106, 25, 28, 25, 28, 109, 157, 96, 103, 142, 130, 118, 143, 217, 363, 208, 56, 80, 86, 650, 213, 142, 275","288, 305, 315, 344, 348, 343, 375, 383, 441, 420, 446, 462, 475"
369,pos software development,us,4,200,16.00,,custom pos software,2026-01-12 07:45:39,"AI Overview,Thumbnail,Sitelinks,People also ask",450,150,300,2016-08-24,"Informational,Non-branded,Non-local",English,"90, 43, 67, 116, 141, 138, 91, 142, 181, 154, 194, 226, 268, 260, 396, 393, 338, 138, 105, 96, 240, 122, 76, 146","152, 142, 157, 157, 145, 141, 127, 132, 138, 123, 155, 123, 132"
370,software development application,us,2,200,6.00,,software development,2025-12-19 15:25:03,"AI Overview,Thumbnail,Sitelinks,People also ask,Top stories",300,6600,18000,2016-05-11,"Informational,Non-branded,Non-local",English,,
371,software project development,us,9,200,2.50,,what is software project management,2025-12-22 10:09:48,"AI Overview,Thumbnail,Sitelinks,People also ask,Top stories,Video preview",400,900,4200,2018-05-10,"Informational,Non-branded,Non-local",English,,
372,software sales outsourcing,us,1,200,45.00,,outsource software sales,2026-01-20 20:05:51,"Sitelinks,Video preview",600,150,150,2020-01-09,"Informational,Commercial,Non-branded,Non-local",English,"39, 51, 50, 38, 38, 37, 40, 40, 62, 63, 94, 139, 154, 219, 300, 292, 194, 109, 100, 89, 441, 128, 122, 215","218, 221, 233, 234, 230, 226, 226, 225, 249, 227, 236, 247, 248"
373,custom software development dallas,us,4,200,10.00,,custom software development dallas,2025-12-21 22:12:36,"Local pack,Sitelinks",400,700,700,2018-02-19,"Informational,Commercial,Non-branded,Local",English,"159, 169, 198, 125, 188, 123, 161, 130, 116, 142, 136, 233, 368, 141, 289, 244, 212, 99, 121, 174, 269, 216, 150, 231","239, 195, 206, 194, 198, 242, 182, 192, 202, 207, 194, 238, 247"
374,product software development,us,4,200,7.00,,product development software,2025-12-30 04:03:46,"AI Overview,Thumbnail,Sitelinks,Video preview",350,300,450,2017-06-24,"Informational,Non-branded,Non-local",English,,
375,software product development outsourcing,us,3,200,25.00,,outsourced software product development,2025-12-27 03:03:58,"Sitelinks,Video preview",450,400,400,2020-01-10,"Informational,Non-branded,Non-local",English,"39, 35, 35, 57, 52, 43, 55, 54, 70, 117, 140, 437, 245, 135, 211, 258, 270, 283, 104, 122, 248, 102, 123, 190","167, 152, 162, 163, 162, 165, 145, 152, 164, 172, 161, 196, 173"
376,business intelligence software development services,us,8,200,11.00,,business intelligence development services,2025-12-22 04:36:47,"AI Overview,Thumbnail,Sitelinks,Video preview",250,200,200,2020-01-08,"Informational,Commercial,Non-branded,Non-local",English,"24, 23, 23, 21, 20, 38, 39, 41, 48, 65, 40, 85, 108, 215, 280, 335, 153, 111, 122, 97, 756, 93, 84, 199","186, 228, 256, 314, 257, 246, 213, 204, 406, 214, 270, 256, 238"
377,hipaa compliance for software development,us,5,200,15.00,,hipaa compliance for software development,2025-12-20 05:35:42,"AI Overview,Thumbnail,Sitelinks,People also ask,Bottom ads,Paid sitelinks,Video preview",400,250,250,2017-05-25,"Informational,Non-branded,Non-local",English,"33, 43, 50, 59, 56, 39, 42, 41, 54, 110, 159, 57, 85, 99, 207, 248, 316, 221, 124, 185, 671, 137, 95, 291","304, 361, 348, 353, 370, 375, 377, 394, 447, 427, 438, 445, 457"
378,software development for real estate,us,2,200,30.00,,real estate software development company,2025-12-27 19:53:03,"AI Overview,Thumbnail,Top stories,Sitelinks,Video preview",250,1600,1800,2020-01-09,"Informational,Non-branded,Non-local",English,"21, 20, 20, 21, 39, 23, 23, 21, 32, 45, 81, 79, 94, 189, 304, 253, 137, 50, 59, 63, 702, 97, 102, 155","143, 169, 195, 160, 180, 151, 148, 136, 420, 185, 205, 187, 171"
379,startup outsource software development,us,0,200,1.70,,outsourcing software,2025-12-30 03:04:30,"AI Overview,Thumbnail,Sitelinks",450,1900,2100,2020-01-11,"Informational,Non-branded,Non-local",English,,
380,outsourced product development services,us,1,200,2.50,,outsourced software product development services,2025-12-19 15:13:32,"Top ads,AI Overview,Thumbnail,People also ask,Bottom ads,Paid sitelinks,Video preview",400,500,600,2020-01-10,"Informational,Non-branded,Non-local",English,"25, 24, 26, 24, 21, 20, 23, 23, 42, 72, 51, 55, 76, 210, 273, 325, 221, 89, 104, 85, 735, 137, 101, 228","223, 322, 249, 224, 173, 174, 188, 195, 393, 237, 244, 230, 225"
381,wealth management software development,us,1,200,8.00,,wealth management software development,2025-12-30 05:45:48,Sitelinks,250,10,10,2020-01-10,"Informational,Non-branded,Non-local",English,"28, 28, 49, 60, 32, 27, 28, 55, 60, 91, 66, 89, 181, 129, 226, 180, 278, 136, 127, 190, 194, 152, 266, 171","178, 177, 184, 180, 188, 174, 174, 188, 183, 180, 190, 184, 191"
382,lead generation for software development company,us,0,200,10.00,,lead generation for software development company,2025-12-21 17:03:45,"Top ads,Paid sitelinks,Sitelinks,AI Overview,Thumbnail,Video preview,Bottom ads",350,40,40,2017-04-18,"Informational,Non-branded,Non-local",English,,
383,software development analytics tools,us,8,200,14.00,,software development analytics tools,2025-12-17 08:53:53,"AI Overview,Thumbnail,People also ask,Sitelinks,Video preview",350,100,100,2021-08-19,"Informational,Non-branded,Non-local",English,"113, 86, 86, 107, 63, 36, 108, 53, 85, 91, 112, 112, 126, 216, 351, 597, 241, 138, 123, 111, 316, 79, 95, 102","66, 81, 79, 104, 41, 43, 34, 42, 49, 12, 29, 18, 20"
384,outsource software development for startups,us,0,200,12.00,,software outsourcing,2026-01-21 19:49:45,"Sitelinks,AI Overview,Thumbnail",350,2300,2500,2020-01-15,"Informational,Non-branded,Non-local",English,,
385,kpi for software development,us,2,200,3.50,,software kpis,2025-12-28 10:27:02,"AI Overview,Thumbnail,Sitelinks,People also ask",400,700,800,2016-06-09,"Informational,Non-branded,Non-local",English,,
386,xamarin development services,us,1,200,45.00,,xamarin development services,2026-01-02 12:05:10,"AI Overview,Thumbnail,Video preview,People also ask,Sitelinks,Bottom ads",400,250,250,2020-01-09,"Informational,Commercial,Branded,Non-local",English,"53, 74, 101, 127, 105, 128, 77, 124, 133, 143, 166, 170, 260, 377, 470, 301, 256, 151, 143, 164, 279, 83, 90, 100","107, 123, 135, 112, 103, 94, 91, 104, 107, 130, 121, 107, 114"
387,custom mobile development services,us,8,200,4.50,,custom mobile application development,2026-01-20 04:09:33,"Featured snippet,People also ask,Local pack,Video preview",350,100,100,2020-05-17,"Informational,Commercial,Non-branded,Non-local",English,"18, 19, 24, 29, 31, 37, 26, 45, 45, 58, 37, 47, 87, 129, 164, 166, 339, 347, 102, 113, 333, 119, 156, 180","187, 170, 171, 150, 169, 161, 141, 136, 238, 182, 157, 179, 186"
388,leadership development software,us,2,200,18.00,,leadership development software,2025-12-21 11:01:19,"AI Overview,Thumbnail,Sitelinks,Bottom ads,Paid sitelinks,Video preview",350,150,200,2017-08-13,"Informational,Commercial,Non-branded,Non-local",English,"90, 88, 121, 152, 124, 151, 156, 186, 187, 283, 161, 200, 197, 159, 299, 248, 208, 213, 171, 135, 188, 96, 72, 121","128, 117, 140, 133, 130, 133, 134, 140, 143, 139, 120, 124, 131"
389,software development companies chicago,us,6,200,15.00,,software companies in chicago,2025-12-22 00:51:17,Local pack,250,400,400,2016-09-24,"Informational,Commercial,Non-branded,Local",English,,
390,software development near me,us,10,200,10.00,,software developer near me,2025-12-17 19:19:32,"Local pack,People also ask",400,250,250,2016-12-29,"Informational,Commercial,Non-branded,Local",English,,
391,codeigniter web development services,us,1,200,1.80,,codeigniter development services,2026-01-20 16:08:14,"AI Overview,Thumbnail,Sitelinks",450,350,500,2020-01-07,"Informational,Commercial,Branded,Non-local",English,"55, 32, 77, 122, 123, 171, 129, 217, 340, 333, 223, 336, 342, 337, 424, 415, 355, 197, 107, 147, 69, 65, 38, 62","91, 67, 81, 85, 74, 81, 64, 69, 66, 59, 55, 54, 81"
392,automotive software development companies,us,4,200,12.00,,automotive software development company,2025-12-28 06:02:32,"People also ask,Local pack,Sitelinks",300,1000,1100,2017-06-15,"Informational,Commercial,Non-branded,Non-local",English,,
393,curriculum development services,us,0,200,2.50,,curriculum development services,2026-01-01 05:31:17,"People also ask,Sitelinks",350,100,100,2017-04-25,"Informational,Commercial,Non-branded,Non-local",English,,
394,transportation and logistics software development,us,7,200,11.00,,logistics software development services,2025-12-25 06:52:45,"Sitelinks,Video preview",350,4000,4500,2021-04-01,"Informational,Non-branded,Non-local",English,"31, 29, 23, 43, 25, 42, 42, 40, 35, 88, 88, 109, 188, 413, 427, 421, 194, 77, 80, 84, 439, 76, 98, 178","184, 210, 205, 208, 185, 166, 170, 170, 208, 175, 186, 189, 194"
395,aem development services,us,2,200,1.40,,adobe experience manager,2026-01-16 06:49:28,"AI Overview,Thumbnail,Sitelinks,People also ask,Video preview",500,10000,21000,2021-04-28,"Informational,Commercial,Branded,Non-local",English,"47, 45, 45, 47, 44, 46, 47, 54, 71, 189, 96, 101, 186, 71, 157, 104, 109, 630, 272, 280, 196, 181, 104, 261","282, 275, 296, 304, 307, 323, 330, 342, 347, 361, 374, 373, 394"
396,aws application development services,us,4,200,20.00,,application development services,2025-12-19 03:45:36,"AI Overview,Thumbnail,People also ask,Bottom ads,Paid sitelinks,Video preview",400,1300,1500,2021-09-29,"Informational,Branded,Non-local",English,"13, 26, 27, 14, 25, 24, 78, 121, 74, 85, 59, 54, 76, 232, 295, 362, 173, 44, 77, 101, 848, 121, 70, 280","296, 331, 348, 371, 373, 369, 405, 414, 497, 444, 469, 487, 503"
397,cost of outsourcing software development,us,2,200,10.00,,outsourcing software development costs,2025-12-20 22:42:46,"AI Overview,Thumbnail,People also ask,Sitelinks,Bottom ads,Paid sitelinks,Video preview",450,60,60,2015-10-25,"Informational,Non-branded,Non-local",English,,
398,embedded software development companies,us,4,200,13.00,,embedded software development services,2025-12-28 04:53:33,"People also ask,Sitelinks",300,800,800,2020-01-09,"Informational,Commercial,Non-branded,Non-local",English,"30, 47, 36, 46, 68, 80, 46, 73, 78, 71, 60, 73, 109, 126, 191, 238, 203, 118, 98, 152, 664, 126, 135, 188","189, 187, 234, 287, 257, 242, 211, 402, 518, 285, 265, 318, 312"
399,python development services outsourcing,us,2,200,30.00,,python development services,2025-12-26 14:49:25,"AI Overview,Thumbnail,Sitelinks,Bottom ads,Paid sitelinks",300,2200,2500,2020-01-09,"Informational,Commercial,Non-branded,Non-local",English,"25, 24, 24, 25, 25, 47, 53, 54, 70, 145, 101, 129, 136, 324, 401, 329, 175, 61, 71, 77, 517, 151, 143, 204","196, 218, 220, 198, 182, 173, 171, 167, 190, 169, 165, 163, 160"
400,request for proposal software development,us,1,200,5.00,,request for proposal software development,2026-01-05 04:56:47,Sitelinks,300,200,200,2016-10-18,"Informational,Non-branded,Non-local",English,,
401,pos software development company,us,1,200,9.00,,custom pos software,2026-01-12 07:45:19,"AI Overview,Thumbnail,People also ask,Local pack,Sitelinks,Video preview",450,300,300,2020-01-12,"Informational,Commercial,Non-branded,Non-local",English,"43, 30, 67, 104, 177, 143, 92, 143, 149, 159, 160, 204, 225, 269, 329, 270, 227, 165, 154, 117, 496, 125, 115, 201","224, 212, 240, 268, 315, 264, 231, 262, 329, 257, 247, 249, 276"
402,frontend web development services,us,6,200,5.00,,front end web development services,2026-01-03 19:14:02,"Sitelinks,People also ask,Top stories,Thumbnail",300,450,450,2020-01-06,"Informational,Commercial,Non-branded,Non-local",English,"32, 41, 45, 59, 62, 57, 37, 47, 50, 69, 70, 84, 96, 138, 205, 203, 203, 194, 113, 144, 391, 150, 115, 215","214, 219, 227, 231, 235, 222, 216, 215, 240, 220, 229, 226, 224"
403,how to market a software development company,us,1,200,6.00,,how to market a software development company,2025-12-19 06:49:03,"Sitelinks,Discussions,Video preview",200,80,100,2015-09-02,"Informational,Non-branded,Non-local",English,,
404,custom software development contract,us,2,200,4.00,,custom software development contract,2025-12-24 22:31:27,"Sitelinks,People also ask,Video preview",300,150,150,2016-03-30,"Informational,Non-branded,Non-local",English,,
405,white label software development,us,1,200,4.50,,white label software development,2025-12-31 19:37:41,"Sitelinks,People also ask,Video preview",350,300,450,2015-11-01,"Informational,Non-branded,Non-local",English,,
406,software development companies nyc,us,10,200,5.00,,new york software development company,2025-12-30 09:34:42,"Local pack,Sitelinks,Video preview",300,1600,1800,2016-10-31,"Informational,Commercial,Non-branded,Local",English,"52, 38, 63, 77, 52, 71, 35, 63, 77, 92, 64, 76, 96, 133, 165, 171, 215, 76, 130, 150, 702, 198, 188, 198","219, 221, 273, 238, 226, 232, 226, 314, 500, 314, 293, 276, 301"
407,offshore software development firm,us,4,200,3.00,,offshore software development company,2026-01-22 12:41:17,"People also ask,Sitelinks,Top stories,Thumbnail,Local pack,Bottom ads,Paid sitelinks,Video preview",500,1800,1900,2020-01-07,"Informational,Commercial,Non-branded,Non-local",English,"61, 38, 60, 33, 51, 51, 71, 158, 64, 391, 71, 87, 126, 167, 216, 220, 286, 859, 101, 101, 96, 70, 113, 158","149, 154, 188, 169, 180, 234, 190, 192, 181, 212, 187, 203, 194"
408,virtual reality development services,us,10,200,18.00,,vr app development company,2025-12-22 12:28:16,"Sitelinks,Video preview",500,800,900,2020-01-23,"Informational,Commercial,Non-branded,Non-local",English,"98, 94, 112, 136, 141, 168, 171, 178, 187, 166, 114, 119, 154, 183, 339, 231, 237, 160, 169, 172, 207, 101, 126, 108","120, 113, 125, 120, 120, 126, 118, 125, 125, 121, 103, 106, 118"
409,white label wordpress development services,us,3,200,18.00,,wordpress development agency,2026-01-20 09:03:44,Sitelinks,450,700,800,2021-03-04,"Informational,Commercial,Non-branded,Non-local",English,"45, 84, 67, 81, 91, 84, 149, 119, 89, 123, 161, 131, 202, 269, 283, 204, 214, 210, 168, 194, 285, 166, 104, 195","202, 216, 214, 210, 215, 207, 216, 209, 214, 216, 220, 207, 213"
410,software development life cycle tools,us,3,200,4.00,,sdlc tools,2026-01-02 03:35:10,"AI Overview,Thumbnail,Sitelinks",350,70,80,2015-11-10,"Informational,Non-branded,Non-local",English,"59, 72, 60, 61, 89, 76, 69, 98, 86, 77, 68, 82, 147, 98, 145, 195, 207, 167, 184, 211, 264, 225, 153, 204","234, 233, 244, 250, 259, 227, 239, 256, 250, 247, 223, 220, 251"
411,software development company startup,us,4,200,14.00,,enterprise software development companies,2026-01-02 17:50:19,Sitelinks,300,800,900,2020-01-10,"Informational,Commercial,Non-branded,Non-local",English,,
412,virtual reality software development,us,10,200,2.50,,virtual reality development,2025-12-21 07:01:28,"AI Overview,Thumbnail,Video preview,Sitelinks,People also ask,Top stories",450,700,1300,2016-02-15,"Informational,Non-branded,Non-local",English,"66, 66, 78, 63, 60, 61, 74, 95, 111, 114, 98, 177, 175, 126, 181, 233, 486, 283, 131, 164, 203, 92, 75, 133","152, 137, 147, 141, 165, 140, 133, 126, 134, 136, 132, 147, 166"
413,software development ukraine,us,2,200,30.00,,ukraine software development,2026-01-13 10:06:22,"Sitelinks,Bottom ads,Thumbnail,Video preview",250,500,800,2020-01-07,"Informational,Commercial,Non-branded,Local",English,,
414,software development houston,us,5,200,12.00,,software development houston,2025-12-25 11:43:11,"Local pack,People also ask,Thumbnail",250,450,450,2017-05-10,"Informational,Commercial,Non-branded,Local",English,,
415,software development proposal,us,2,200,4.00,1.81,software proposal template,2025-12-21 21:15:43,"Sitelinks,Video preview,Thumbnail",450,150,200,2015-09-16,"Informational,Non-branded,Non-local",English,,
416,software development company los angeles,us,4,200,14.00,,software development firms,2025-12-26 03:19:41,"Local pack,People also ask",350,300,300,2017-01-03,"Informational,Commercial,Non-branded,Local",English,"137, 72, 55, 56, 146, 79, 65, 53, 86, 53, 72, 71, 82, 117, 244, 205, 170, 121, 173, 129, 617, 152, 149, 205","350, 211, 273, 261, 299, 236, 229, 224, 422, 242, 278, 290, 490"
417,crm software development companies,us,8,200,11.00,,crm software development company,2026-01-01 19:33:19,"AI Overview,Thumbnail,People also ask,Sitelinks,Video preview",700,900,1000,2020-04-17,"Informational,Commercial,Non-branded,Non-local",English,"32, 44, 40, 62, 45, 66, 61, 74, 83, 143, 105, 128, 177, 176, 226, 224, 268, 198, 174, 142, 347, 132, 157, 225","216, 214, 224, 233, 215, 210, 217, 210, 232, 251, 247, 272, 260"
418,mulesoft development services,us,1,200,12.00,,mulesoft developer,2026-01-01 16:56:52,"AI Overview,Thumbnail,Sitelinks,Video preview",400,450,1000,2020-01-28,"Informational,Commercial,Branded,Non-local",English,,
419,hipaa compliance software development,us,5,200,15.00,,hipaa compliance for software development,2026-01-02 18:28:30,"AI Overview,Thumbnail,Sitelinks,Bottom ads,Video preview,Paid sitelinks",350,100,100,2016-01-03,"Informational,Non-branded,Non-local",English,"26, 32, 34, 40, 44, 33, 35, 36, 45, 95, 141, 47, 69, 82, 178, 227, 277, 200, 110, 164, 596, 119, 116, 258","265, 312, 292, 301, 307, 305, 303, 320, 361, 336, 355, 359, 366"
420,software development process models,us,10,200,1.70,0.81,software development process,2026-01-07 21:22:47,"Sitelinks,People also ask",600,900,2500,2015-09-02,"Informational,Non-branded,Non-local",English,,
421,build custom software,us,5,200,25.00,,custom software,2026-01-06 22:45:02,"AI Overview,Thumbnail,Sitelinks,People also ask,Discussions,Bottom ads,Paid sitelinks",350,2600,2600,2016-06-09,"Informational,Non-branded,Non-local",English,,
422,mvp software development agencies,us,0,200,7.00,,mvp development agency,2025-12-31 15:50:48,"Knowledge panel,Sitelinks,People also ask",450,150,200,2022-05-03,"Informational,Commercial,Non-branded,Non-local",English,"30, 17, 39, 39, 38, 38, 25, 35, 323, 71, 94, 115, 118, 173, 277, 230, 240, 83, 68, 78, 489, 96, 61, 183","164, 228, 283, 222, 227, 70, 88, 102, 311, 162, 176, 179, 182"
423,medical billing software development,us,0,200,25.00,,medical billing software development,2025-12-31 05:37:16,"AI Overview,Thumbnail,People also ask,Bottom ads,Video preview",250,300,500,2020-01-09,"Informational,Non-branded,Non-local",English,,
424,top custom software development company,us,2,200,11.00,,custom software development services,2025-12-26 10:07:52,"AI Overview,Thumbnail,Local pack,Discussions,Sitelinks,People also ask",400,4900,6300,2020-01-09,"Informational,Commercial,Non-branded,Non-local",English,"115, 89, 94, 63, 92, 72, 88, 82, 96, 91, 77, 78, 146, 168, 203, 245, 153, 102, 182, 288, 521, 148, 182, 273","278, 264, 274, 277, 275, 255, 266, 278, 283, 267, 285, 286, 289"
425,hrm software development,us,2,200,45.00,,hrm software development,2026-01-14 18:57:09,"AI Overview,Thumbnail,Video preview,Sitelinks,People also ask",400,90,100,2020-01-09,"Informational,Non-branded,Non-local",English,"27, 28, 48, 46, 88, 46, 69, 90, 103, 104, 90, 117, 131, 217, 340, 222, 237, 111, 96, 122, 427, 86, 99, 202","199, 217, 234, 225, 224, 210, 217, 229, 250, 217, 233, 240, 237"
426,custom .net software development,us,2,200,15.00,,.net development services,2026-01-01 02:29:01,"AI Overview,Thumbnail,Video preview,Sitelinks,People also ask,Bottom ads",250,2000,2300,2020-01-12,"Informational,Commercial,Branded,Non-local",English,,
427,financial services website development,us,0,200,9.00,,financial website design,2026-01-14 02:33:55,"AI Overview,Thumbnail,Video preview,Sitelinks",600,600,600,2020-01-11,"Informational,Commercial,Non-branded,Non-local",English,,
428,custom healthcare software development service,us,9,200,19.00,,custom healthcare software development company,2025-12-21 20:13:56,Sitelinks,300,9300,11000,2022-04-28,"Informational,Commercial,Non-branded,Non-local",English,"20, 22, 78, 29, 20, 40, 34, 34, 44, 57, 77, 73, 102, 140, 222, 227, 235, 114, 91, 100, 506, 122, 136, 161","152, 173, 179, 214, 173, 36, 38, 60, 341, 0, 119, 98, 81"
429,software development rfp,us,1,200,6.00,,request for proposal software development,2025-12-30 03:15:20,"Sitelinks,Video preview",300,150,150,2015-11-02,"Informational,Non-branded,Non-local",English,"55, 38, 41, 54, 60, 72, 59, 60, 60, 60, 59, 59, 75, 198, 237, 304, 266, 149, 341, 197, 175, 115, 56, 136","137, 155, 148, 151, 144, 135, 146, 139, 131, 133, 135, 130, 132"
430,hospital management software development,us,3,200,8.00,,custom healthcare software development company,2025-12-22 04:51:48,"AI Overview,Thumbnail,People also ask,Sitelinks,Video preview",450,9300,11000,2020-01-07,"Informational,Non-branded,Non-local",English,"65, 57, 47, 44, 45, 30, 41, 41, 47, 32, 64, 178, 86, 148, 281, 517, 302, 124, 149, 105, 221, 103, 110, 117","101, 110, 120, 139, 125, 133, 142, 128, 128, 82, 81, 87, 78"
431,ar development services,us,4,200,4.50,,augmented reality development services,2025-12-26 10:03:04,Sitelinks,350,450,500,2020-01-07,"Informational,Commercial,Non-branded,Non-local",English,"48, 37, 47, 75, 75, 91, 72, 96, 96, 115, 98, 120, 148, 127, 202, 230, 420, 243, 115, 170, 204, 74, 72, 127","130, 123, 129, 136, 157, 133, 114, 130, 127, 123, 127, 137, 140"
432,small business software development,us,2,200,11.00,,custom business software,2025-12-24 23:55:29,"People also ask,Sitelinks,Top stories,Thumbnail,Video preview",350,1500,1600,2015-10-01,"Informational,Commercial,Non-branded,Non-local",English,,
433,best project management software for real estate development,us,2,200,30.00,,real estate development software,2025-12-21 20:04:48,"Sitelinks,Discussions",200,700,700,2017-04-24,"Informational,Commercial,Non-branded,Non-local",English,,
434,ai chatbot app development services,us,6,200,100.00,,ai chatbot development company,2026-01-04 22:53:02,"AI Overview,Thumbnail,Sitelinks",300,700,1100,2021-08-04,"Informational,Commercial,Non-branded,Non-local",English,"28, 27, 26, 27, 27, 25, 25, 74, 101, 93, 34, 107, 137, 129, 136, 237, 253, 154, 105, 131, 384, 121, 111, 214","230, 232, 241, 255, 261, 256, 263, 276, 304, 286, 295, 303, 319"
435,custom real estate software,us,3,200,11.00,,real estate software development company,2025-12-28 21:39:27,"AI Overview,Thumbnail,Video preview,Sitelinks",300,1700,1900,2020-01-09,"Informational,Commercial,Non-branded,Non-local",English,"18, 16, 30, 18, 29, 15, 28, 17, 40, 239, 751, 511, 190, 186, 230, 232, 164, 70, 96, 118, 667, 147, 130, 217","132, 127, 115, 102, 90, 72, 65, 55, 79, 58, 112, 81, 42"
436,international development services,us,5,200,4.00,1.18,international development services,2025-12-21 12:37:03,"Sitelinks,People also ask,Video preview",250,90,90,2016-01-08,"Informational,Non-branded,Non-local",English,"258, 246, 243, 319, 303, 199, 179, 209, 166, 208, 174, 154, 247, 241, 228, 213, 214, 232, 263, 221, 201, 234, 175, 208","241, 231, 229, 223, 223, 230, 222, 224, 225, 235, 226, 213, 246"
437,custom net software development,us,3,200,1.80,,custom net development,2026-01-16 12:47:43,"AI Overview,Thumbnail,People also ask,Sitelinks,Bottom ads,Paid sitelinks,Video preview",400,100,100,2020-01-11,"Informational,Commercial,Non-branded,Non-local",English,"41, 56, 53, 52, 52, 63, 76, 75, 103, 113, 128, 141, 223, 236, 294, 281, 292, 158, 110, 157, 205, 60, 70, 84","91, 90, 95, 97, 99, 87, 89, 93, 93, 83, 88, 85, 91"
438,trading platform development services,us,4,200,3.00,,trading platform development services,2026-01-16 12:04:24,Video preview,350,50,50,2020-01-09,"Informational,Commercial,Non-branded,Non-local",English,"4, 23, 23, 24, 24, 23, 23, 23, 100, 227, 73, 79, 63, 147, 195, 297, 242, 78, 67, 197, 706, 112, 92, 268","276, 301, 312, 339, 342, 351, 379, 393, 451, 419, 433, 446, 454"
439,full cycle software development services,us,1,200,7.00,,full cycle software development services,2026-01-01 13:03:08,"Sitelinks,People also ask,Knowledge panel,Video preview",300,150,150,2020-08-15,"Informational,Commercial,Non-branded,Non-local",English,"18, 24, 35, 27, 36, 35, 34, 44, 52, 75, 75, 99, 181, 244, 371, 372, 266, 108, 52, 97, 557, 95, 110, 229","215, 217, 234, 265, 278, 214, 248, 215, 344, 234, 218, 289, 270"
440,mvp software development companies,us,5,200,25.00,,mvp development company,2025-12-25 12:06:45,"AI Overview,Thumbnail,Sitelinks,Top stories,Video preview",500,1200,1200,2022-04-18,"Informational,Commercial,Non-branded,Non-local",English,"18, 22, 27, 46, 44, 33, 25, 30, 56, 77, 64, 85, 97, 241, 380, 326, 230, 112, 85, 103, 638, 87, 97, 275","290, 310, 337, 344, 336, 352, 352, 371, 427, 389, 413, 429, 445"
441,chicago software development companies,us,6,200,15.00,,chicago software development,2025-12-24 11:33:46,"Local pack,Sitelinks,People also ask",250,1000,1100,2016-12-28,"Informational,Commercial,Non-branded,Local",English,,
442,node js app development services,us,8,200,25.00,,node js development services,2026-01-03 08:00:47,Sitelinks,300,3300,3700,2020-08-17,"Informational,Commercial,Non-branded,Non-local",English,,
443,risk management software development,us,2,200,4.00,,software development risk management,2026-01-02 06:21:33,"AI Overview,Thumbnail,Sitelinks,People also ask",400,70,150,2015-12-21,"Informational,Non-branded,Non-local",English,,
444,software development proposal template,us,2,200,2.50,,software proposal template,2026-01-09 19:17:27,Sitelinks,350,350,400,2016-01-09,"Informational,Non-branded,Non-local",English,,
445,bank software development,us,6,200,10.00,,software development in banking,2025-12-22 20:57:48,"AI Overview,Thumbnail,People also ask,Sitelinks,Video preview",300,80,150,2020-01-13,"Informational,Non-branded,Non-local",English,,
446,legal software development,us,3,200,20.00,,clio,2025-12-23 01:50:25,"AI Overview,Thumbnail,People also ask,Video preview",450,111000,132000,2020-01-20,"Informational,Non-branded,Non-local",English,,
447,services application development,us,4,200,11.00,,services application development,2025-12-22 05:57:05,"People also ask,Sitelinks",300,200,600,2020-01-12,"Informational,Non-branded,Non-local",English,,
448,software development blog,us,2,200,1.50,,software development blog,2025-12-14 06:15:24,"Sitelinks,Top stories,Thumbnail,Discussions,Video preview",700,700,900,2016-01-22,"Informational,Non-branded,Non-local",English,"134, 100, 109, 158, 262, 316, 269, 123, 214, 314, 426, 191, 167, 381, 345, 250, 182, 89, 112, 103, 495, 148, 108, 195","223, 223, 225, 235, 255, 251, 231, 227, 274, 238, 239, 211, 242"
449,logistics management software development,us,6,200,14.00,,logistics software development company,2026-01-09 13:40:05,"AI Overview,Thumbnail,Sitelinks,People also ask,Bottom ads,Paid sitelinks,Video preview",400,3700,4200,2020-01-07,"Informational,Non-branded,Non-local",English,"27, 60, 25, 25, 24, 22, 42, 24, 44, 51, 69, 71, 106, 139, 183, 273, 228, 120, 90, 97, 922, 90, 113, 278","304, 327, 339, 363, 372, 389, 402, 414, 502, 444, 471, 488, 515"
450,process development services,us,0,200,3.00,,process development services,2025-12-30 06:50:19,People also ask,500,30,30,2019-02-07,"Informational,Non-branded,Non-local",English,"119, 146, 117, 177, 142, 75, 108, 110, 111, 140, 244, 112, 191, 90, 160, 261, 403, 136, 99, 206, 111, 152, 236, 153","172, 153, 165, 191, 182, 158, 160, 172, 163, 170, 176, 159, 178"
451,innovation in software development,us,1,200,2.50,,innovation in software development,2025-12-28 02:30:27,"Sitelinks,People also ask,Top stories,Thumbnail",300,100,150,2016-07-07,"Informational,Non-branded,Non-local",English,,
452,application software development services,us,6,200,30.00,,software application development services,2025-12-22 06:24:47,Sitelinks,400,250,250,2020-01-06,"Informational,Commercial,Non-branded,Non-local",English,,
453,how much does custom software development cost,us,1,200,4.50,,how much does custom software development cost,2026-01-20 14:41:14,"AI Overview,Thumbnail,Sitelinks,People also ask,Video preview",350,100,100,2016-02-01,"Informational,Non-branded,Non-local",English,,
454,software development startup,us,2,200,12.00,,software development for startups,2026-01-09 16:18:35,"AI Overview,Thumbnail,Video preview,People also ask,Sitelinks",400,800,900,2016-04-10,"Informational,Non-branded,Non-local",English,"59, 48, 67, 68, 79, 77, 79, 77, 93, 108, 103, 128, 162, 204, 332, 330, 332, 214, 96, 151, 415, 124, 116, 194","220, 238, 316, 265, 256, 216, 210, 223, 232, 189, 184, 196, 222"
455,sports app development services,us,3,200,4.50,,sports app development,2026-01-10 10:55:31,"AI Overview,Thumbnail,Sitelinks,Video preview",350,250,250,2021-05-31,"Informational,Commercial,Non-branded,Non-local",English,"52, 27, 47, 66, 47, 27, 67, 50, 56, 62, 64, 83, 124, 197, 319, 256, 262, 88, 104, 135, 350, 111, 98, 181","188, 195, 204, 203, 206, 193, 194, 196, 207, 183, 189, 195, 201"
456,enterprise custom software,us,1,200,30.00,,enterprise software development services,2025-12-29 21:36:23,"AI Overview,Thumbnail,People also ask,Sitelinks,Video preview",500,3200,4000,2020-01-12,"Informational,Commercial,Non-branded,Non-local",English,"33, 31, 34, 33, 34, 31, 33, 34, 60, 160, 103, 126, 159, 246, 403, 318, 172, 91, 82, 72, 700, 74, 67, 274","290, 305, 335, 334, 335, 332, 364, 356, 426, 391, 409, 423, 440"
457,types of software development,us,6,200,3.00,1.11,types of software development,2026-01-09 19:36:06,"AI Overview,Thumbnail,People also ask,Sitelinks,Video preview",800,200,400,2015-09-17,"Informational,Non-branded,Non-local",English,"250, 307, 206, 198, 189, 159, 135, 164, 163, 235, 236, 194, 286, 193, 245, 288, 218, 175, 206, 153, 205, 266, 183, 193","220, 209, 216, 204, 195, 185, 204, 227, 225, 234, 216, 193, 219"
458,software development startup company,us,1,200,12.00,,software development startup company,2025-12-19 08:53:19,"AI Overview,Thumbnail,Top ads,Paid sitelinks,Sitelinks,Local pack,Top stories,Bottom ads,Video preview",350,800,800,2021-01-14,"Informational,Non-branded,Non-local",English,"50, 40, 54, 55, 65, 61, 62, 62, 70, 78, 76, 93, 124, 159, 259, 279, 281, 183, 126, 157, 378, 165, 138, 230","238, 275, 304, 292, 297, 282, 276, 297, 318, 282, 293, 306, 314"
459,software development teams,us,7,200,5.00,,software development team,2026-01-01 02:01:16,"AI Overview,Thumbnail,Sitelinks,People also ask,Bottom ads,Video preview",400,700,1000,2015-09-27,"Informational,Non-branded,Non-local",English,"112, 105, 105, 120, 103, 98, 83, 122, 158, 141, 134, 136, 179, 153, 263, 304, 312, 173, 147, 134, 281, 120, 156, 144","152, 143, 163, 168, 156, 140, 138, 144, 155, 151, 147, 131, 142"
460,capitalizing software development costs,us,2,200,3.00,,software capitalization,2025-12-30 15:04:21,"AI Overview,Thumbnail,Sitelinks,People also ask,Video preview",250,1300,1300,2015-12-08,"Informational,Non-branded,Non-local",English,,
461,asp dot net development services,us,5,200,15.00,,asp.net core,2026-01-19 13:54:23,"AI Overview,Thumbnail,People also ask,Sitelinks,Bottom ads,Video preview",350,4500,28000,2021-05-11,"Informational,Commercial,Branded,Non-local",English,,
462,bachelor in software development,us,7,200,7.00,,software development austin,2025-12-25 21:59:21,"AI Overview,Thumbnail,Video preview,People also ask,Sitelinks,Top stories",350,100,100,2016-01-06,"Informational,Non-branded,Non-local",English,"117, 99, 114, 117, 118, 95, 97, 97, 102, 92, 94, 111, 114, 144, 209, 209, 304, 241, 221, 251, 246, 144, 98, 160","160, 156, 159, 155, 158, 144, 145, 154, 156, 152, 149, 150, 151"
463,software development manager salary,us,6,200,1.50,0.47,software development manager salary,2025-12-20 17:45:44,"AI Overview,Thumbnail,People also ask,Sitelinks,Top stories,Video preview",350,0,0,2015-09-05,"Informational,Non-branded,Non-local",English,"408, 419, 420, 421, 368, 414, 341, 349, 279, 274, 220, 266, 270, 229, 276, 223, 219, 174, 186, 183, 168, 137, 124, 147","160, 159, 192, 177, 166, 159, 145, 146, 149, 150, 144, 146, 159"
464,software development types,us,4,200,1.20,,software development methodologies,2025-12-30 14:52:02,"AI Overview,Thumbnail,People also ask,Top stories,Sitelinks",350,1300,3100,2016-04-30,"Informational,Non-branded,Non-local",English,,
465,site development services,us,0,200,4.00,,site development services,2025-12-26 22:33:47,"Local pack,Sitelinks,People also ask",300,60,60,2016-01-26,"Informational,Commercial,Non-branded,Non-local",English,,
466,travel app development services,us,5,200,20.00,,travel app development services,2026-01-10 17:08:56,"AI Overview,Thumbnail,Sitelinks,Video preview",300,200,200,2020-01-06,"Informational,Commercial,Non-branded,Non-local",English,"24, 37, 57, 44, 57, 43, 55, 56, 55, 54, 114, 173, 172, 170, 226, 231, 241, 158, 185, 146, 138, 150, 148, 150","148, 156, 166, 162, 162, 159, 168, 168, 169, 172, 171, 173, 171"
467,asp .net development services,us,2,200,1.40,,asp.net core,2025-12-25 07:05:11,"AI Overview,Thumbnail,Video preview,Sitelinks,People also ask",300,4300,25000,2020-01-13,"Informational,Commercial,Branded,Non-local",English,"41, 41, 41, 59, 72, 58, 51, 60, 63, 111, 126, 216, 248, 241, 304, 303, 212, 112, 90, 102, 473, 101, 120, 206","191, 168, 200, 188, 172, 147, 138, 140, 227, 218, 185, 208, 193"
468,vue development services,us,1,200,6.00,,vue js development services,2025-12-25 06:04:45,"AI Overview,Thumbnail,Sitelinks",350,900,1200,2020-01-09,"Informational,Commercial,Non-branded,Non-local",English,"24, 22, 21, 22, 21, 20, 21, 20, 29, 48, 63, 69, 140, 137, 214, 399, 598, 274, 95, 98, 252, 99, 102, 96","109, 108, 123, 139, 149, 111, 99, 116, 125, 112, 112, 109, 122"
469,software development staffing,us,1,200,65.00,,software developer recruitment agency,2025-12-25 14:22:31,"Local pack,Sitelinks,Video preview",450,2200,2200,2020-01-15,"Informational,Non-branded,Non-local",English,"77, 29, 54, 77, 52, 98, 75, 75, 83, 81, 59, 128, 137, 197, 250, 298, 211, 124, 116, 190, 483, 124, 120, 258","265, 272, 289, 303, 306, 305, 312, 327, 355, 330, 348, 366, 373"
470,nearshore outsourcing software,us,5,150,1.30,,nearshore software services,2026-01-10 02:50:09,"AI Overview,Thumbnail,Video preview,People also ask,Bottom ads",300,1200,1800,2020-01-10,"Informational,Non-branded,Non-local",English,"37, 38, 34, 33, 37, 37, 40, 40, 46, 59, 47, 79, 136, 136, 171, 222, 231, 107, 75, 83, 303, 80, 114, 121","134, 135, 139, 150, 144, 133, 129, 144, 144, 138, 134, 118, 134"
471,software development estimation,us,1,150,4.50,,estimation software development,2026-01-07 00:03:02,"Sitelinks,People also ask,Top stories",500,350,350,2015-11-28,"Informational,Non-branded,Non-local",English,"81, 101, 100, 100, 97, 143, 569, 313, 495, 216, 125, 110, 118, 102, 147, 181, 135, 102, 129, 115, 236, 131, 151, 136","147, 137, 144, 134, 135, 148, 193, 163, 194, 166, 161, 154, 165"
472,software development in poland,us,2,150,40.00,,software development poland,2025-12-21 03:08:25,"Top ads,Sitelinks,People also ask,Thumbnail,Local pack,Top stories,Bottom ads,Paid sitelinks",200,40,50,2021-03-20,"Informational,Non-branded,Local",English,,
473,mobile healthcare software development,us,6,150,12.00,,healthcare mobile app development,2025-12-14 11:09:34,"Sitelinks,Bottom ads,Paid sitelinks",250,1700,2100,2020-01-06,"Informational,Non-branded,Non-local",English,"36, 55, 29, 31, 50, 26, 28, 29, 35, 62, 38, 82, 127, 122, 218, 215, 180, 65, 124, 114, 527, 83, 92, 197","174, 168, 167, 134, 149, 133, 130, 118, 236, 241, 220, 216, 191"
474,hybrid application development services,us,0,150,14.00,,hybrid mobile app development services,2025-12-30 00:36:27,"AI Overview,Thumbnail,Sitelinks,Local pack",400,800,900,2020-01-11,"Informational,Commercial,Non-branded,Non-local",English,,
475,custom software development business,us,8,150,15.00,,custom business software,2025-12-18 12:47:48,"Sitelinks,People also ask",350,1400,1500,2020-11-18,"Informational,Commercial,Non-branded,Non-local",English,,
476,software development dallas,us,7,150,8.00,,software development dallas,2026-01-11 23:34:31,"Local pack,Sitelinks",300,150,150,2018-06-23,"Informational,Commercial,Non-branded,Local",English,"85, 76, 93, 72, 107, 58, 94, 74, 75, 74, 75, 71, 85, 101, 278, 132, 138, 162, 101, 97, 142, 108, 124, 130","122, 112, 124, 102, 116, 146, 121, 114, 112, 128, 141, 132, 124"
477,software development framework,us,7,150,3.50,,software development framework,2025-12-19 12:45:53,"AI Overview,Thumbnail,Sitelinks,People also ask,Top stories",500,60,5900,2015-12-17,"Informational,Non-branded,Non-local",English,,
478,best offshore software development companies,us,1,150,25.00,,offshore software development company,2026-01-06 20:04:18,"AI Overview,Thumbnail,Discussions,Top stories,Bottom ads,Video preview,Paid sitelinks",300,1200,1400,2015-10-11,"Informational,Commercial,Non-branded,Non-local",English,"30, 39, 27, 70, 50, 31, 40, 66, 59, 82, 63, 496, 127, 399, 192, 158, 118, 54, 62, 63, 161, 57, 72, 118","61, 89, 68, 75, 62, 67, 61, 84, 133, 86, 72, 121, 63"
479,research and development software,us,1,150,6.00,,r&d software,2025-11-17 02:19:04,"AI Overview,Thumbnail,Sitelinks,People also ask",400,100,100,2015-11-08,"Informational,Non-branded,Non-local",English,,
480,proof of concept software development,us,10,150,1.80,,proof of concept software development,2025-12-14 08:49:16,"AI Overview,Thumbnail,Sitelinks,People also ask,Top stories",200,450,1200,2017-12-29,"Informational,Non-branded,Non-local",English,,
481,software development firm chicago,us,2,150,7.00,,software companies in chicago,2026-01-05 15:36:17,"Local pack,Sitelinks,People also ask",250,400,450,2020-01-13,"Informational,Commercial,Non-branded,Local",English,"26, 26, 35, 36, 33, 36, 38, 33, 35, 44, 35, 34, 41, 111, 148, 131, 76, 42, 100, 129, 629, 163, 149, 130","130, 168, 178, 164, 151, 133, 152, 144, 425, 179, 188, 166, 165"
482,best mobile app development software,us,7,150,1.10,,mobile app development,2025-12-25 18:27:32,"AI Overview,Thumbnail,Sitelinks,Top stories,People also ask",500,7700,9600,2016-02-21,"Informational,Non-branded,Non-local",English,"138, 151, 226, 225, 120, 160, 256, 181, 171, 230, 232, 194, 160, 129, 324, 242, 120, 116, 166, 115, 128, 118, 232, 133","142, 127, 154, 141, 117, 112, 126, 120, 117, 125, 120, 124, 134"
483,custom software development new jersey,us,0,150,15.00,,custom software development new jersey,2026-01-07 18:14:34,"Top ads,Local pack,Thumbnail,Sitelinks,Bottom ads,Paid sitelinks",200,70,70,2020-01-09,"Informational,Commercial,Non-branded,Local",English,,
484,los angeles software development company,us,3,150,8.00,,software companies in los angeles,2026-01-11 13:04:18,"Local pack,Sitelinks",400,300,300,2020-01-09,"Informational,Commercial,Non-branded,Local",English,,
485,custom software development costs,us,5,150,8.00,,custom software development cost,2025-11-28 01:12:26,"AI Overview,Thumbnail,Sitelinks,People also ask,Top stories",250,400,450,2020-01-08,"Informational,Non-branded,Non-local",English,,
486,software development companies list,us,8,150,7.00,,software development companies,2025-12-25 18:45:56,"AI Overview,Thumbnail,Top ads,Paid sitelinks,People also ask,Sitelinks,Top stories,Bottom ads",200,4900,8500,2016-04-30,"Informational,Commercial,Non-branded,Non-local",English,,
487,vietnam software outsourcing,us,8,150,14.00,,outsourcing software vietnam,2025-11-23 11:32:16,"Sitelinks,People also ask",250,100,300,2015-11-06,"Informational,Commercial,Non-branded,Local",English,,
488,list of software development companies,us,4,150,7.00,,software development company,2025-12-28 11:03:28,"AI Overview,Thumbnail,Sitelinks,Local pack",200,4800,8300,2015-10-14,"Informational,Commercial,Non-branded,Non-local",English,,
489,outsource development services,us,10,150,13.00,,software development outsourcing,2026-01-02 05:37:33,"Top stories,Thumbnail,People also ask,Sitelinks,Bottom ads",250,7500,9000,2020-01-17,"Informational,Non-branded,Non-local",English,,
490,community development software,us,1,150,16.00,,community development software,2026-01-02 06:58:01,Sitelinks,350,60,60,2015-10-04,"Informational,Non-branded,Non-local",English,"69, 83, 111, 106, 108, 109, 80, 135, 105, 294, 199, 133, 214, 106, 134, 337, 231, 86, 103, 124, 122, 100, 281, 123","135, 130, 136, 151, 128, 149, 119, 145, 140, 181, 123, 126, 138"
491,agile software development companies,us,0,150,7.00,,agile software development company,2025-11-30 06:04:36,"AI Overview,Thumbnail,People also ask,Sitelinks",250,150,150,2020-01-06,"Informational,Commercial,Non-branded,Non-local",English,,
492,java software development service,us,9,150,10.00,,java software development services,2026-01-22 12:55:43,"Sitelinks,Bottom ads,Paid sitelinks",250,450,600,2020-06-21,"Informational,Commercial,Branded,Non-local",English,"20, 18, 23, 22, 25, 28, 30, 24, 37, 70, 45, 55, 77, 103, 160, 153, 108, 185, 346, 68, 167, 52, 54, 124","125, 127, 132, 131, 125, 130, 143, 124, 131, 133, 139, 138, 138"
493,custom software development for enterprises,us,2,150,25.00,,enterprise software development services,2025-12-30 06:03:32,"Sitelinks,Discussions,Top stories,Thumbnail",400,3200,4000,2023-06-04,"Informational,Commercial,Non-branded,Non-local",English,,
494,custom software development houston,us,4,150,7.00,,custom software development company houston,2025-12-30 05:44:45,"Knowledge panel,Bottom ads,Paid sitelinks",300,300,350,2016-06-27,"Informational,Commercial,Non-branded,Local",English,"72, 147, 249, 80, 100, 119, 65, 59, 69, 270, 161, 110, 113, 204, 172, 178, 184, 150, 167, 206, 304, 134, 67, 134","141, 160, 184, 154, 160, 212, 323, 327, 181, 178, 152, 155, 163"
495,branding development services,us,3,150,3.00,,branding services,2026-01-04 06:31:48,"People also ask,Sitelinks,Local pack",250,2200,3200,2020-01-19,"Informational,Commercial,Non-branded,Non-local",English,,
496,software development companies new york,us,9,150,13.00,,new york software development company,2026-01-05 17:17:18,"Top ads,Paid sitelinks,Local pack,Sitelinks,Bottom ads",200,1600,1800,2020-01-09,"Informational,Commercial,Non-branded,Local",English,,
497,modern software development,us,9,150,5.00,,modern software development,2025-12-30 05:42:18,"AI Overview,Thumbnail,People also ask,Top stories",300,40,50,2015-09-03,"Informational,Non-branded,Non-local",English,,
498,.net core development services,us,6,150,210.00,,asp.net core,2025-12-28 16:43:27,"People also ask,Sitelinks",350,4500,24000,2020-04-26,"Informational,Commercial,Branded,Non-local",English,"48, 24, 24, 43, 23, 44, 26, 44, 54, 160, 50, 94, 238, 200, 156, 157, 170, 139, 181, 199, 84, 149, 85, 130","142, 131, 125, 123, 154, 125, 114, 114, 103, 111, 97, 100, 113"
499,software development companies in atlanta,us,1,150,12.00,,software development companies in atlanta,2026-01-09 17:48:47,"Local pack,Sitelinks",200,150,150,2016-09-20,"Informational,Commercial,Non-branded,Local",English,,
500,software development timeline,us,1,150,3.00,,software development timeline,2025-12-28 20:06:33,"People also ask,Sitelinks",250,30,30,2015-11-29,"Informational,Non-branded,Non-local",English,,
501,desktop software development services,us,1,150,30.00,,desktop application development company,2025-12-19 22:40:59,"Top ads,AI Overview,Thumbnail,Sitelinks,People also ask,Local pack,Bottom ads,Paid sitelinks,Video preview",250,400,400,2020-01-10,"Informational,Commercial,Non-branded,Non-local",English,"147, 143, 24, 26, 25, 25, 221, 220, 46, 53, 88, 40, 97, 146, 233, 234, 154, 50, 71, 79, 536, 86, 124, 203","215, 230, 235, 241, 247, 241, 272, 279, 313, 285, 311, 314, 326"
502,kpis for software development,us,2,150,3.00,,kpi software development,2025-12-21 02:20:59,"AI Overview,Thumbnail,Sitelinks,People also ask",250,800,900,2015-12-20,"Informational,Non-branded,Non-local",English,,
503,software development challenges,us,4,150,2.50,,software development challenges,2025-12-21 07:23:02,"People also ask,Top stories,Thumbnail",450,150,400,2016-05-15,"Informational,Non-branded,Non-local",English,,
504,how to estimate software development time,us,0,150,2.00,,software development time estimation,2026-01-01 20:37:22,"AI Overview,Thumbnail,Sitelinks,Video preview,People also ask,Discussions,Top stories",200,350,350,2017-04-16,"Informational,Non-branded,Non-local",English,,
505,white label website development services,us,4,150,5.00,,white label web development services,2025-12-29 07:20:30,"Sitelinks,People also ask",350,900,1000,2020-01-10,"Informational,Commercial,Non-branded,Non-local",English,,
506,outsourcing software engineering,us,7,150,9.00,,software engineer outsourcing,2026-01-08 00:12:39,"Sitelinks,People also ask",200,250,300,2020-01-08,"Informational,Non-branded,Non-local",English,,
507,six sigma software development,us,1,150,4.00,,six sigma software development,2025-12-26 09:19:17,"Sitelinks,People also ask",150,70,200,2015-11-26,"Informational,Branded,Non-local",English,,
508,pharmaceutical formulation development services,us,1,150,9.00,,pharmaceutical formulation development services,2025-12-27 17:01:46,,300,60,60,2020-01-07,"Informational,Commercial,Non-branded,Non-local",English,,
509,mobile software development companies,us,3,150,20.00,,mobile app development company,2026-01-03 14:43:37,"Sitelinks,Top stories,Thumbnail,Local pack",300,23000,23000,2015-09-14,"Informational,Commercial,Non-branded,Non-local",English,,
510,metaverse app development services,us,8,150,15.00,,metaverse development services,2026-01-05 06:20:49,"AI Overview,Thumbnail",250,600,800,2023-01-21,"Informational,Commercial,Non-branded,Non-local",English,,
511,vr software development,us,7,150,2.50,,vr software,2025-12-15 13:22:37,"Top ads,People also ask,Sitelinks,Bottom ads,Paid sitelinks,Video preview",350,700,1000,2016-09-08,"Informational,Non-branded,Non-local",English,"62, 63, 76, 59, 59, 57, 70, 84, 101, 100, 85, 151, 153, 106, 140, 201, 417, 238, 104, 129, 182, 81, 74, 127","126, 114, 124, 122, 145, 119, 120, 129, 121, 124, 113, 123, 122"
512,dallas software development,us,7,150,20.00,,software development dallas,2026-01-07 12:31:55,"Local pack,Thumbnail,People also ask",150,150,150,2020-01-14,"Informational,Commercial,Non-branded,Local",English,,
513,rapid application development software,us,1,150,1.50,,application development tools,2025-12-26 21:45:23,"Top ads,Paid sitelinks,Sitelinks,People also ask,Bottom ads",400,1000,1200,2015-09-17,"Informational,Non-branded,Non-local",English,"85, 75, 82, 128, 98, 79, 85, 89, 100, 102, 130, 167, 136, 103, 167, 164, 143, 134, 87, 116, 162, 89, 116, 136","128, 128, 134, 130, 117, 114, 102, 100, 115, 110, 119, 135, 126"
514,software development analytics,us,4,150,10.00,,software development analytics,2025-11-27 22:52:15,"Sitelinks,People also ask",250,50,50,2017-12-06,"Informational,Non-branded,Non-local",English,,
515,software development providers,us,6,150,18.00,,software development companies,2025-12-26 09:43:13,"Sitelinks,Local pack,Top stories,Thumbnail,People also ask",200,3600,4000,2020-01-14,"Informational,Commercial,Non-branded,Non-local",English,,
516,software development and security,us,10,150,3.00,,secure software development,2025-12-01 05:38:31,"AI Overview,Thumbnail,Sitelinks,People also ask,Top stories",200,700,1000,2015-12-25,"Informational,Non-branded,Non-local",English,,
517,how to learn software development,us,4,150,4.50,1.28,how to become a software developer,2026-01-03 02:31:02,"AI Overview,Thumbnail,Sitelinks,People also ask,Discussions",600,2200,3000,2015-10-17,"Informational,Non-branded,Non-local",English,,
518,software development project planning,us,0,150,4.00,,software project planning,2026-01-01 14:31:45,Sitelinks,200,250,450,2015-11-10,"Informational,Non-branded,Non-local",English,,
519,software development australia,us,5,150,4.00,,software development company australia,2025-12-24 07:49:56,"Sitelinks,People also ask,Thumbnail",600,200,500,2020-01-13,"Informational,Non-branded,Local",English,,
520,software development life cycle agile,us,9,150,2.00,1.03,sdlc phases,2025-12-24 23:41:40,"AI Overview,Thumbnail,Sitelinks,Top stories",350,9100,21000,2015-10-15,"Informational,Non-branded,Non-local",English,"164, 162, 163, 162, 135, 136, 115, 139, 143, 173, 140, 145, 143, 137, 152, 154, 112, 115, 133, 252, 357, 217, 102, 216","239, 243, 240, 234, 213, 216, 217, 240, 254, 234, 216, 210, 233"
521,section 174 software development,us,2,150,3.00,,section 174 software development,2026-01-07 07:03:28,"People also ask,Sitelinks",200,20,20,2019-03-01,"Informational,Non-branded,Non-local",English,"906, 290, 285, 231, 416, 282, 292, 244, 361, 290, 436, 192, 295, 285, 156, 103, 71, 85, 203, 65, 145, 66, 54, 93","195, 149, 130, 103, 111, 96, 91, 92, 94, 82, 89, 74, 177"
522,vr development services,us,8,150,1.10,,vr app development company,2026-01-01 23:24:12,"AI Overview,Thumbnail,Sitelinks,Local pack",400,800,900,2020-01-07,"Informational,Commercial,Non-branded,Non-local",English,"83, 83, 97, 122, 123, 148, 143, 150, 154, 162, 147, 151, 160, 154, 155, 164, 170, 182, 170, 178, 174, 183, 168, 171","181, 175, 175, 185, 191, 203, 191, 198, 195, 204, 189, 192, 202"
523,real estate development consulting services,us,1,150,1.70,,real estate development consulting,2025-12-27 05:51:47,"People also ask,Sitelinks,Local pack",700,300,300,2016-03-05,"Informational,Non-branded,Non-local",English,,
524,hmi software development,us,2,150,2.50,,hmi software development,2025-12-23 06:43:40,"Top ads,Paid sitelinks,Sitelinks,People also ask",350,70,80,2020-01-18,"Informational,Commercial,Non-branded,Non-local",English,"37, 24, 25, 37, 36, 42, 56, 45, 44, 68, 91, 120, 122, 120, 195, 224, 233, 146, 95, 107, 249, 116, 138, 163","162, 156, 167, 170, 161, 159, 159, 157, 170, 162, 169, 174, 173"
525,poc in software development,us,9,150,1.80,,poc meaning software,2025-12-22 11:47:26,"AI Overview,Thumbnail,People also ask,Sitelinks,Top stories",700,350,2100,2016-07-11,"Informational,Non-branded,Non-local",English,,
526,how to get into software development,us,3,150,4.50,1.5,how to become a software developer,2026-01-06 12:59:53,"AI Overview,Thumbnail,Sitelinks,People also ask,Discussions,Top stories,Bottom ads,Paid sitelinks",250,2200,3000,2015-09-01,"Informational,Non-branded,Non-local",English,"189, 197, 162, 290, 294, 286, 290, 242, 199, 244, 241, 197, 206, 168, 207, 164, 169, 136, 147, 146, 150, 133, 150, 132","155, 134, 126, 136, 136, 141, 143, 146, 128, 133, 144, 130, 153"
527,ukraine software development,us,4,150,30.00,,ukraine software development,2026-01-05 08:19:02,"Sitelinks,Thumbnail",200,500,700,2016-04-26,"Informational,Commercial,Non-branded,Local",English,,
528,best practices in software development,us,8,150,5.00,,software development best practices,2025-12-29 03:24:45,"AI Overview,Thumbnail,Sitelinks,People also ask,Top stories",300,900,1400,2015-09-14,"Informational,Non-branded,Non-local",English,,
529,software development velocity,us,2,150,2.50,,velocity software development,2025-12-26 19:12:37,"AI Overview,Thumbnail,People also ask,Top stories,Sitelinks",200,200,250,2016-11-11,"Informational,Non-branded,Non-local",English,,
530,front-end web development services,us,10,150,5.00,,front end web development services,2026-01-01 13:37:19,"AI Overview,Thumbnail,Sitelinks",250,400,400,2020-01-07,"Informational,Commercial,Non-branded,Non-local",English,,
531,vr development software,us,6,150,3.00,,vr development software,2025-12-26 15:23:18,"Sitelinks,People also ask,Top stories,Thumbnail",250,70,70,2015-12-20,"Informational,Non-branded,Non-local",English,,
532,kpi software development,us,2,150,3.00,,software kpis,2025-12-27 19:55:18,"AI Overview,Thumbnail,Sitelinks,People also ask",400,700,800,2017-11-16,"Informational,Non-branded,Non-local",English,"121, 122, 119, 117, 117, 96, 100, 363, 120, 148, 147, 174, 210, 206, 316, 315, 239, 138, 93, 88, 119, 70, 89, 145","146, 128, 141, 138, 131, 113, 122, 195, 153, 153, 134, 145, 146"
533,software development education,us,9,150,6.00,,how to become a software developer,2025-12-21 03:05:03,"AI Overview,Thumbnail,Sitelinks,People also ask",250,1100,2900,2015-09-11,"Informational,Non-branded,Non-local",English,,
534,software outsourcing challenges,us,0,150,11.00,,software outsourcing challenges,2026-01-04 16:42:09,Sitelinks,350,20,30,2020-08-06,"Informational,Non-branded,Non-local",English,,
535,software development metrics,us,3,150,4.50,,software implementation metrics,2025-12-15 23:19:26,"AI Overview,Thumbnail,Sitelinks",400,100,100,2015-10-01,"Informational,Non-branded,Non-local",English,"126, 170, 169, 171, 168, 165, 116, 634, 140, 127, 132, 187, 224, 157, 184, 192, 164, 233, 115, 141, 162, 120, 164, 183","191, 184, 177, 197, 190, 189, 173, 241, 197, 178, 183, 189, 198"
536,software development companies in canada,us,8,150,10.00,,software companies in canada,2025-12-28 01:12:49,"Local pack,People also ask",300,450,1300,2020-01-09,"Informational,Commercial,Non-branded,Local",English,,
537,software projects outsourcing,us,10,150,14.00,,software development outsourcing,2025-12-12 09:52:07,"AI Overview,Thumbnail,Video preview,Top ads,Top stories,Sitelinks,Bottom ads,Paid sitelinks",300,7000,8300,2020-01-07,"Informational,Non-branded,Non-local",English,"67, 53, 94, 108, 105, 106, 132, 134, 139, 532, 143, 439, 360, 293, 262, 212, 220, 128, 91, 103, 61, 82, 92, 133","116, 121, 126, 115, 110, 98, 108, 95, 90, 171, 106, 124, 108"
538,collaborative software development,us,4,150,7.00,,collaborative software development,2026-01-05 13:03:53,"People also ask,Sitelinks",250,100,100,2015-10-08,"Informational,Non-branded,Non-local",English,,
539,software product development process,us,2,150,4.50,,product development life cycle,2025-12-29 16:09:47,"AI Overview,Thumbnail,Sitelinks,People also ask",350,2300,3700,2015-10-29,"Informational,Non-branded,Non-local",English,"64, 61, 105, 124, 104, 80, 99, 106, 136, 149, 93, 116, 168, 152, 241, 205, 131, 95, 80, 89, 384, 114, 100, 164","172, 171, 183, 188, 171, 171, 155, 166, 177, 167, 163, 167, 175"
540,houston custom software development,us,1,150,25.00,,custom software development company houston,2025-12-27 11:27:38,"Local pack,Sitelinks",200,300,300,2020-01-11,"Informational,Commercial,Non-branded,Local",English,,
541,top software development firm,us,6,150,9.00,,software development companies,2025-12-27 19:25:18,"AI Overview,Thumbnail,Sitelinks,Top stories,Local pack",200,2200,2300,2021-07-13,"Informational,Commercial,Non-branded,Non-local",English,,
542,hospitality software development,us,7,150,10.00,,hospitality software development,2025-12-20 16:06:48,"Sitelinks,People also ask",200,40,40,2020-01-08,"Informational,Commercial,Non-branded,Non-local",English,"30, 30, 30, 31, 84, 29, 58, 29, 32, 37, 38, 44, 64, 83, 140, 114, 94, 149, 539, 80, 71, 54, 53, 101","116, 106, 114, 97, 129, 104, 210, 102, 139, 107, 124, 113, 129"
543,custom software firm,us,9,150,12.00,,customized software development services,2025-11-14 23:03:57,"Sitelinks,Knowledge panel",250,300,1700,2019-09-29,"Informational,Commercial,Non-branded,Non-local",English,,
544,persona development services,us,0,150,5.00,,persona development services,2025-12-23 16:54:58,"People also ask,Sitelinks",250,50,50,2020-01-29,"Informational,Commercial,Non-branded,Non-local",English,,
545,software development technology,us,3,150,3.00,,software,2025-12-16 16:19:30,"AI Overview,Thumbnail,Sitelinks,People also ask,Top stories",200,6600,16000,2016-09-05,"Informational,Non-branded,Non-local",English,,
546,outsourcing software product development,us,3,150,40.00,,outsourced software product development,2026-01-04 00:36:51,"Sitelinks,Top stories,Thumbnail",400,350,400,2020-01-08,"Informational,Non-branded,Non-local",English,"23, 27, 26, 45, 44, 34, 41, 43, 56, 105, 124, 372, 211, 119, 182, 220, 240, 245, 103, 107, 217, 83, 82, 164","149, 136, 143, 147, 156, 155, 138, 141, 153, 160, 154, 183, 168"
547,software development examples,us,4,150,2.50,,examples of software development,2026-01-03 02:46:02,"AI Overview,Thumbnail,People also ask,Sitelinks,Discussions",700,200,600,2017-02-16,"Informational,Non-branded,Non-local",English,"161, 157, 132, 108, 130, 106, 105, 130, 157, 165, 154, 189, 188, 186, 188, 152, 127, 128, 82, 171, 288, 176, 123, 191","204, 201, 190, 185, 180, 183, 174, 196, 218, 207, 204, 204, 217"
548,business development consulting services,us,0,150,3.00,,business development consulting,2025-11-12 17:51:09,"Local pack,People also ask,Sitelinks",400,500,800,2015-11-19,"Informational,Commercial,Non-branded,Non-local",English,,
549,automation in software development,us,2,150,6.00,,software development automation,2025-12-30 20:39:02,"Sitelinks,People also ask,Top stories,Thumbnail",350,200,200,2016-03-03,"Informational,Non-branded,Non-local",English,,
550,software for land development,us,1,150,4.00,,software for land development,2026-01-05 03:11:02,"AI Overview,Thumbnail,Sitelinks,People also ask",250,80,80,2018-10-16,"Informational,Commercial,Non-branded,Non-local",English,,
551,portal development services,us,1,150,11.00,,web portal development services,2025-12-21 11:32:56,"AI Overview,Thumbnail,People also ask,Video preview",250,700,800,2017-12-12,"Informational,Commercial,Non-branded,Non-local",English,"46, 62, 98, 77, 60, 78, 77, 58, 111, 101, 114, 89, 139, 118, 166, 144, 283, 188, 104, 114, 87, 69, 78, 99","97, 91, 103, 100, 107, 95, 94, 89, 86, 84, 94, 99, 96"
552,software development naics code,us,2,150,5.00,,naics code 541511,2026-01-07 02:31:08,"AI Overview,Thumbnail,People also ask",250,1100,1200,2016-02-22,"Informational,Non-branded,Non-local",English,"173, 176, 174, 183, 167, 148, 149, 171, 151, 175, 118, 117, 173, 172, 173, 202, 172, 134, 192, 150, 127, 225, 89, 148","189, 195, 217, 259, 192, 171, 177, 171, 174, 181, 161, 160, 204"
553,software and app development,us,2,150,1.90,,app development software,2026-01-02 10:43:28,"AI Overview,Thumbnail,Sitelinks,People also ask,Knowledge panel",700,2500,3500,2017-07-14,"Informational,Non-branded,Non-local",English,"61, 48, 79, 87, 72, 60, 75, 78, 210, 242, 164, 194, 182, 210, 280, 215, 167, 107, 107, 95, 158, 63, 49, 90","93, 90, 95, 89, 82, 77, 72, 76, 111, 97, 93, 89, 92"
554,custom software price,us,7,150,3.50,,custom software development cost,2025-12-22 01:28:25,"People also ask,Sitelinks",200,350,400,2017-05-30,"Informational,Commercial,Non-branded,Non-local",English,,
555,software development partnership,us,0,150,9.00,,software development partner,2026-01-05 16:07:43,"People also ask,Sitelinks,Top stories,Thumbnail",250,150,200,2019-05-23,"Informational,Non-branded,Non-local",English,,
556,freelance software development,us,4,150,2.00,1.28,freelance software developer,2026-01-20 10:44:18,"Sitelinks,Top stories,Thumbnail",250,1000,1200,2015-09-24,"Informational,Non-branded,Non-local",English,"137, 91, 92, 90, 90, 90, 103, 86, 104, 90, 89, 85, 84, 103, 160, 158, 190, 129, 131, 134, 133, 116, 134, 114","119, 115, 138, 133, 138, 119, 128, 123, 126, 116, 129, 114, 119"
557,ott software development,us,1,150,7.00,,ott developer,2025-12-31 09:10:57,"AI Overview,Thumbnail,People also ask,Sitelinks",250,40,40,2020-01-11,"Informational,Commercial,Non-branded,Non-local",English,,
558,design development services,us,8,150,5.00,,design development services,2026-01-06 11:52:28,"Sitelinks,People also ask,Local pack",250,10,10,2017-03-10,"Informational,Commercial,Non-branded,Non-local",English,,
559,software development for medical devices,us,3,150,11.00,,samd,2025-11-28 18:03:39,"AI Overview,Thumbnail,Sitelinks,People also ask",400,2700,3700,2016-01-06,"Informational,Non-branded,Non-local",English,"45, 46, 45, 213, 337, 75, 336, 277, 56, 86, 87, 99, 104, 199, 176, 224, 187, 85, 113, 134, 396, 111, 98, 158","161, 182, 162, 299, 394, 199, 347, 272, 278, 205, 239, 211, 213"
560,qa in software development,us,8,150,5.00,,qa,2025-12-21 10:53:27,"AI Overview,Thumbnail,Sitelinks,People also ask,Top stories,Video preview",600,900,1500,2016-04-07,"Informational,Non-branded,Non-local",English,"93, 154, 151, 147, 182, 121, 86, 82, 85, 110, 74, 91, 106, 103, 231, 197, 123, 97, 85, 87, 234, 98, 88, 94","103, 114, 170, 162, 140, 115, 104, 96, 151, 133, 114, 94, 103"
561,software quality assurance outsourcing,us,1,150,30.00,,qa outsourcing,2025-12-21 20:46:20,Sitelinks,200,2700,3000,2020-01-09,"Informational,Non-branded,Non-local",English,,
562,custom real estate crm software development,us,3,150,25.00,,real estate crm software development,2025-12-27 20:58:34,,250,40,40,2020-10-05,"Informational,Non-branded,Non-local",English,"121, 131, 134, 133, 129, 121, 128, 136, 137, 136, 143, 151, 142, 152, 155, 155, 150, 143, 149, 157, 159, 158, 165, 172","164, 174, 177, 176, 172, 164, 171, 179, 180, 179, 187, 194, 185"
563,yii development services,us,0,150,20.00,,yii development services,2025-12-17 07:44:19,People also ask,300,60,60,2020-01-07,"Informational,Commercial,Non-branded,Non-local",English,,
564,software development company houston,us,5,150,6.00,,software companies in houston,2026-01-02 20:06:18,"Local pack,Sitelinks",300,450,450,2018-09-19,"Informational,Commercial,Non-branded,Local",English,"136, 160, 148, 124, 127, 130, 108, 126, 132, 339, 276, 102, 117, 170, 151, 124, 110, 61, 157, 147, 266, 119, 100, 149","137, 164, 135, 133, 134, 154, 149, 156, 144, 155, 161, 144, 132"
565,software development los angeles,us,4,150,25.00,,los angeles software developers,2026-01-13 11:49:47,"Local pack,People also ask",250,150,150,2017-11-09,"Informational,Commercial,Non-branded,Local",English,,
566,software offshore outsourcing,us,7,150,16.00,,offshore outsourcing company,2025-12-14 02:17:23,,200,60,100,2020-01-20,"Informational,Commercial,Non-branded,Non-local",English,,
567,agile software development outsourcing,us,0,150,1.10,,agile software development outsourcing,2025-12-22 03:46:45,Sitelinks,350,80,80,2020-01-09,"Informational,Non-branded,Non-local",English,,
568,zoho development services,us,7,150,10.00,,zoho developer,2025-12-22 07:08:33,"Sitelinks,People also ask",300,200,900,2020-01-13,"Informational,Commercial,Branded,Non-local",English,,
569,quality assurance in software development,us,7,150,2.50,,software quality assurance,2025-12-27 08:28:02,"AI Overview,Thumbnail,Sitelinks,People also ask",500,1300,5100,2015-11-03,"Informational,Non-branded,Non-local",English,,
570,how much does it cost to outsource software development,us,1,150,5.00,,how much does it cost to outsource software development,2025-12-19 21:27:32,"People also ask,Sitelinks",200,200,250,2015-10-25,"Informational,Commercial,Non-branded,Non-local",English,,
571,outsourcing software development pros and cons,us,0,150,4.50,,pros and cons of outsourcing software development,2025-12-31 00:14:28,Sitelinks,400,150,150,2017-03-12,"Informational,Non-branded,Non-local",English,"40, 49, 66, 81, 79, 46, 49, 64, 153, 125, 148, 106, 147, 280, 359, 342, 172, 60, 54, 62, 291, 78, 60, 145","149, 165, 172, 168, 151, 130, 178, 141, 161, 142, 154, 150, 154"
572,career development software,us,5,150,15.00,,career pathing software,2026-01-03 13:56:04,"Top ads,Paid sitelinks,Sitelinks,People also ask,Bottom ads",600,450,500,2015-12-14,"Informational,Commercial,Non-branded,Non-local",English,"61, 98, 75, 100, 98, 72, 76, 104, 113, 104, 75, 138, 177, 152, 231, 259, 185, 134, 160, 116, 95, 89, 87, 92","116, 100, 105, 106, 82, 88, 84, 100, 107, 92, 83, 80, 104"
573,software application development companies,us,4,150,8.00,,application development company,2025-12-25 16:46:17,"Local pack,Sitelinks,People also ask,Top stories,Thumbnail",300,8400,12000,2018-02-18,"Informational,Commercial,Non-branded,Non-local",English,,
574,custom software development san diego,us,2,150,18.00,,custom software development san diego,2026-01-03 00:21:02,Local pack,200,70,70,2020-01-20,"Informational,Commercial,Non-branded,Local",English,,
575,software development methods,us,6,150,1.50,1.16,software development methodologies,2025-12-28 03:07:31,"AI Overview,Thumbnail,People also ask,Sitelinks,Video preview",400,1300,3100,2015-09-06,"Informational,Non-branded,Non-local",English,"159, 134, 137, 106, 338, 97, 97, 96, 99, 112, 96, 80, 110, 89, 110, 141, 99, 88, 85, 239, 292, 254, 110, 123","135, 132, 121, 134, 143, 121, 109, 127, 146, 130, 124, 126, 138"
576,software development uk,us,5,150,15.00,,software development company uk,2025-12-17 14:38:48,"Sitelinks,Local pack,Top stories,Thumbnail",800,400,3200,2020-01-10,"Informational,Non-branded,Local",English,,
577,software development medical,us,4,150,1.70,,healthcare software development,2026-01-02 16:54:22,"AI Overview,Thumbnail,People also ask,Sitelinks",250,1600,2200,2020-01-18,"Informational,Non-branded,Non-local",English,"22, 22, 25, 30, 27, 46, 39, 614, 181, 84, 103, 118, 118, 160, 190, 246, 251, 153, 134, 136, 334, 103, 80, 187","186, 189, 189, 193, 190, 191, 191, 250, 209, 202, 207, 214, 212"
578,pros and cons of outsourcing software development,us,0,150,4.50,,advantages and disadvantages of outsourcing software development,2025-12-26 15:37:04,"Sitelinks,Top stories,Thumbnail",350,100,150,2016-02-05,"Informational,Non-branded,Non-local",English,,
579,custom logistics software,us,3,150,6.00,,logistics software development company,2026-01-07 12:31:40,Sitelinks,250,4200,4700,2020-01-09,"Informational,Non-branded,Non-local",English,"37, 27, 17, 43, 19, 27, 41, 61, 38, 156, 649, 527, 299, 116, 125, 146, 202, 139, 83, 148, 65, 71, 83, 90","65, 45, 50, 54, 51, 51, 48, 60, 47, 62, 104, 81, 56"
580,enterprise development software,us,7,150,5.00,,enterprise app development,2025-12-28 18:40:32,"Sitelinks,People also ask",200,1400,2500,2020-01-13,"Informational,Non-branded,Non-local",English,,
581,salesforce appexchange development services,us,10,150,4.00,,salesforce appexchange,2025-12-25 15:33:22,Sitelinks,200,13000,24000,2019-02-18,"Informational,Commercial,Branded,Non-local",English,,
582,software development performance metrics,us,4,150,3.00,,software development performance metrics,2026-01-02 02:23:34,Sitelinks,200,200,200,2017-04-26,"Informational,Non-branded,Non-local",English,,
583,software development recruitment agencies,us,1,150,5.00,,software developer recruitment agency,2026-01-05 15:33:27,"Sitelinks,Local pack",350,2300,2300,2020-01-11,"Informational,Commercial,Non-branded,Non-local",English,,
584,custom software examples,us,0,150,2.00,,custom software development,2025-12-17 10:47:17,"People also ask,Sitelinks",500,900,1700,2015-12-06,"Informational,Non-branded,Non-local",English,,
585,model based software development,us,0,150,6.00,,model based software design,2026-01-06 23:21:55,"AI Overview,Thumbnail,Sitelinks,People also ask",250,60,70,2016-03-29,"Informational,Non-branded,Non-local",English,,
586,custom software development companies usa,us,9,150,10.00,,software development companies,2025-12-21 15:59:17,"Local pack,Sitelinks",200,2000,2000,2020-07-02,"Informational,Commercial,Non-branded,Non-local",English,,
587,restaurant software development,us,2,150,60.00,,restaurant software development,2026-01-10 13:30:14,Sitelinks,200,4500,4900,2020-01-25,"Informational,Commercial,Non-branded,Non-local",English,,
588,telecoms software development,us,5,150,6.00,,telecommunications software development,2026-01-05 11:06:49,"Sitelinks,People also ask",400,450,450,2020-01-12,"Informational,Non-branded,Non-local",English,,
589,software development applications,us,9,150,8.00,,software development,2025-12-30 06:55:45,"AI Overview,Thumbnail,Sitelinks,People also ask,Top stories,Video preview",200,6900,18000,2015-12-13,"Informational,Non-branded,Non-local",English,,
590,software development for startup,us,2,150,8.00,,software development for startup,2026-01-07 07:00:27,Sitelinks,300,30,80,2020-01-10,"Informational,Non-branded,Non-local",English,"42, 39, 52, 52, 62, 58, 58, 57, 70, 80, 80, 101, 129, 152, 237, 232, 241, 157, 81, 113, 293, 99, 155, 171","185, 184, 218, 204, 208, 171, 153, 168, 237, 166, 189, 208, 233"
591,kentico development services,us,2,150,8.00,,kentico developer,2026-01-04 09:57:56,Sitelinks,350,400,600,2020-01-09,"Informational,Commercial,Branded,Non-local",English,,
592,software outsourcing india,us,3,150,12.00,,outsourcing software development to india,2026-01-05 11:40:43,"Top stories,Thumbnail,Sitelinks",400,150,150,2017-01-22,"Informational,Commercial,Non-branded,Non-local",English,,
593,software and application development,us,4,150,6.00,,software application development,2025-11-23 21:38:53,"People also ask,Sitelinks,Top stories,Thumbnail",300,200,400,2015-11-19,"Informational,Non-branded,Non-local",English,,
594,okr software development,us,8,150,6.00,,okr software development,2025-12-22 03:59:04,"Sitelinks,People also ask",300,250,300,2020-01-10,"Informational,Non-branded,Non-local",English,,
595,hospitality software development services,us,9,150,12.00,,hospitality software development services,2025-12-28 03:27:02,"Sitelinks,People also ask",250,30,30,2020-01-09,"Informational,Commercial,Non-branded,Non-local",English,"98, 60, 92, 20, 54, 19, 72, 42, 78, 84, 47, 83, 76, 125, 199, 169, 138, 68, 123, 105, 410, 85, 84, 150","157, 155, 198, 196, 167, 161, 189, 180, 273, 215, 202, 210, 218"
596,marketing software development,us,1,150,7.00,,marketing software development,2025-12-26 21:00:32,"Sitelinks,People also ask",500,300,300,2020-01-09,"Informational,Non-branded,Non-local",English,"73, 75, 103, 99, 77, 72, 76, 71, 109, 114, 81, 132, 132, 106, 135, 200, 225, 165, 105, 113, 370, 78, 103, 177","165, 168, 174, 185, 190, 181, 178, 184, 198, 170, 182, 190, 178"
597,software development marketing,us,1,150,25.00,,marketing software development,2025-12-21 12:59:52,"Sitelinks,People also ask",400,300,300,2020-01-11,"Informational,Commercial,Non-branded,Non-local",English,"71, 71, 94, 87, 69, 62, 69, 64, 89, 92, 71, 129, 122, 104, 142, 171, 185, 127, 76, 89, 310, 66, 74, 138","128, 130, 137, 147, 149, 132, 138, 128, 175, 129, 137, 148, 137"
598,software development leads,us,0,150,8.00,,lead generation for software companies,2025-12-27 06:28:52,Sitelinks,200,300,300,2016-11-03,"Informational,Non-branded,Non-local",English,,
599,property development software,us,1,150,12.00,,northspyre,2025-12-24 04:59:31,Sitelinks,700,2400,2500,2015-09-07,"Informational,Commercial,Non-branded,Non-local",English,"80, 53, 76, 116, 98, 159, 241, 202, 104, 109, 109, 130, 220, 211, 234, 222, 269, 149, 134, 77, 83, 74, 90, 64","76, 64, 67, 63, 60, 78, 98, 95, 73, 62, 50, 53, 69"
600,product development consulting services,us,4,150,3.50,,product development consulting,2025-12-12 18:10:33,"Knowledge panel,Sitelinks",300,700,1000,2017-09-28,"Informational,Commercial,Non-branded,Non-local",English,,
601,software development kpis,us,2,150,3.00,,software kpis,2025-12-25 17:16:53,"AI Overview,Thumbnail,Sitelinks,People also ask",450,300,350,2015-11-17,"Informational,Non-branded,Non-local",English,"102, 99, 100, 99, 96, 83, 86, 301, 112, 137, 141, 156, 190, 172, 254, 267, 201, 121, 115, 106, 125, 99, 122, 106","116, 113, 120, 117, 108, 99, 100, 131, 105, 109, 104, 105, 115"
602,real estate development project management software,us,0,150,20.00,,real estate development software,2025-12-13 18:03:47,Sitelinks,200,700,700,2017-11-10,"Informational,Commercial,Non-branded,Non-local",English,,
603,rfp for software development,us,0,150,6.00,,rfp software template,2025-12-13 04:37:52,"Sitelinks,Bottom ads,Paid sitelinks",350,200,200,2016-07-15,"Informational,Non-branded,Non-local",English,"48, 33, 40, 51, 55, 63, 52, 56, 59, 62, 64, 75, 75, 177, 213, 268, 236, 134, 163, 164, 155, 103, 95, 107","114, 128, 126, 133, 128, 117, 114, 103, 105, 101, 105, 106, 113"
604,software development life cycle template,us,2,150,2.50,,sdlc tool,2025-11-24 09:07:01,"Sitelinks,People also ask,Thumbnail",150,80,80,2017-03-07,"Informational,Non-branded,Non-local",English,,
605,software development engineer amazon,us,2,150,2.50,0.92,amazon software engineer jobs,2025-11-24 04:14:30,"Sitelinks,People also ask",250,250,700,2015-10-12,"Informational,Branded,Non-local",English,"105, 88, 100, 102, 103, 84, 103, 101, 129, 156, 154, 92, 137, 133, 135, 133, 125, 140, 153, 136, 110, 134, 75, 117","128, 135, 135, 116, 112, 117, 121, 127, 135, 131, 126, 117, 128"
606,rfp software development,us,0,150,10.00,,request for proposal software development,2026-01-07 22:13:07,"Sitelinks,People also ask",250,200,200,2015-12-22,"Informational,Non-branded,Non-local",English,,
607,software development enterprise,us,4,150,8.00,,enterprise software development,2025-12-23 03:55:43,"AI Overview,Thumbnail,People also ask,Sitelinks,Top stories",350,700,1200,2020-01-09,"Informational,Non-branded,Non-local",English,"19, 28, 29, 45, 23, 23, 24, 33, 47, 79, 89, 107, 131, 122, 156, 161, 118, 67, 72, 85, 364, 113, 92, 163","162, 155, 160, 160, 161, 163, 159, 156, 193, 146, 147, 156, 156"
608,food production development software,us,3,150,8.00,,food product development software,2025-12-25 06:48:07,"Sitelinks,People also ask",400,80,90,2021-01-29,"Informational,Commercial,Non-branded,Non-local",English,,
609,outsource software development india,us,9,150,12.00,,outsourcing software development to india,2025-12-15 02:29:19,"Sitelinks,Top stories,Thumbnail",250,100,100,2018-02-20,"Informational,Commercial,Non-branded,Non-local",English,,
610,rapid software development,us,4,150,3.50,,rapid application development,2025-12-22 19:21:27,"AI Overview,Thumbnail,Top ads,Paid sitelinks,Sitelinks,People also ask,Bottom ads",350,1900,3700,2015-11-23,"Informational,Non-branded,Non-local",English,,
611,software engineering outsourcing,us,4,150,2.50,,software engineering outsourcing,2025-11-14 12:17:54,"Sitelinks,Top stories,Thumbnail,People also ask,Bottom ads,Paid sitelinks",600,150,200,2015-09-28,"Informational,Non-branded,Non-local",English,"93, 75, 84, 131, 76, 63, 57, 72, 107, 210, 150, 143, 199, 191, 194, 155, 165, 150, 138, 106, 183, 144, 154, 96","97, 102, 106, 186, 95, 90, 117, 235, 137, 396, 193, 128, 128"
612,software outsourcing companies in usa,us,2,150,12.00,,outsourcing software development companies,2025-12-21 15:03:33,"People also ask,Sitelinks",300,5000,6200,2016-01-25,"Informational,Commercial,Non-branded,Non-local",English,,
613,food product development software,us,0,150,8.00,,food production development software,2026-01-01 15:36:01,Sitelinks,600,100,100,2017-03-01,"Informational,Commercial,Non-branded,Non-local",English,"46, 46, 48, 47, 121, 119, 86, 93, 129, 96, 56, 114, 190, 239, 351, 324, 263, 154, 54, 134, 54, 57, 88, 92","89, 107, 108, 100, 96, 94, 79, 91, 85, 78, 73, 81, 79"
614,bachelor of software development,us,6,150,10.00,,bachelor in software development,2025-12-29 05:35:48,"People also ask,Sitelinks",350,200,200,2020-01-09,"Informational,Non-branded,Non-local",English,,
615,how to estimate software development cost,us,4,150,2.50,,software development cost estimation,2025-12-24 07:22:34,"AI Overview,Thumbnail,Sitelinks,Discussions",150,100,100,2017-04-16,"Informational,Non-branded,Non-local",English,,
616,hipaa compliance checklist for software development,us,2,150,1.70,,hipaa compliance for software development,2025-12-17 13:53:40,"Sitelinks,People also ask",200,250,250,2020-01-10,"Informational,Non-branded,Non-local",English,,
617,security software development,us,16,150,4.50,,secure application development,2026-01-01 10:26:45,"AI Overview,Thumbnail,Sitelinks,People also ask",250,200,250,2015-12-03,"Informational,Non-branded,Non-local",English,,
618,software development companies in houston,us,2,150,10.00,,software companies in houston,2026-01-11 15:41:02,Local pack,200,400,400,2017-01-22,"Informational,Commercial,Non-branded,Local",English,,
619,vr app development services,us,9,150,13.00,,vr app development company,2026-01-03 19:37:18,Sitelinks,300,900,1000,2020-01-06,"Informational,Commercial,Non-branded,Non-local",English,,
620,software development financial,us,3,150,13.00,,financial software development company,2025-12-19 18:57:48,Sitelinks,250,4300,5200,2018-07-06,"Informational,Non-branded,Non-local",English,,
621,database software development,us,5,150,6.00,,database software development,2026-01-01 17:12:18,"People also ask,Sitelinks,Top stories,Thumbnail",350,200,200,2016-03-07,"Informational,Non-branded,Non-local",English,,
622,top custom software developers,us,2,150,15.00,,software development companies,2025-12-24 17:02:32,"Sitelinks,Discussions",250,2200,2300,2018-03-23,"Informational,Commercial,Non-branded,Non-local",English,,
623,v model software development,us,3,150,1.90,,v model,2025-12-26 21:28:18,"AI Overview,Thumbnail,People also ask",600,700,7500,2015-11-09,"Informational,Non-branded,Non-local",English,,
624,software development companies in new york city,us,0,150,13.00,,new york software development company,2026-01-07 11:59:49,"Local pack,Sitelinks,People also ask",200,1700,1900,2017-02-17,"Informational,Non-branded,Local",English,,
625,custom cmms software,us,10,150,18.00,,custom cmms software development,2025-12-19 02:35:22,Sitelinks,250,10,10,2020-10-19,"Informational,Commercial,Non-branded,Non-local",English,,
626,software outsourcing companies in india,us,3,150,20.00,,software outsourcing companies in india,2025-12-25 09:54:55,Local pack,450,450,1000,2018-02-12,"Informational,Commercial,Non-branded,Local",English,,
627,end to end software development,us,0,150,7.00,,end to end software development,2025-11-20 11:56:57,"AI Overview,Thumbnail,People also ask",250,100,150,2016-04-14,"Informational,Non-branded,Non-local",English,,
628,software development company in chicago,us,6,150,7.00,,software development firm chicago,2025-11-26 20:33:38,"AI Overview,Thumbnail,Local pack",250,250,300,2017-10-23,"Informational,Commercial,Non-branded,Local",English,"28, 30, 40, 41, 40, 40, 41, 32, 50, 81, 74, 69, 62, 135, 174, 142, 86, 48, 75, 128, 686, 137, 138, 133","121, 146, 171, 168, 157, 123, 135, 129, 403, 171, 174, 155, 140"
629,software development staffing agencies,us,7,150,6.00,,software developer recruitment agency,2026-01-15 17:44:02,Local pack,200,2300,2300,2016-08-16,"Informational,Commercial,Non-branded,Non-local",English,,
630,leading software development company,us,1,150,17.00,,software company,2025-12-28 16:23:32,"Sitelinks,Knowledge panel",250,7100,14000,2020-01-07,"Informational,Non-branded,Non-local",English,,
631,finance software development companies,us,8,150,9.00,,financial software development company,2025-12-21 16:18:32,"Sitelinks,Video preview",250,4300,5200,2020-12-24,"Informational,Non-branded,Non-local",English,"57, 33, 32, 32, 36, 35, 43, 42, 46, 74, 88, 82, 92, 112, 156, 188, 190, 153, 111, 104, 363, 81, 81, 210","191, 172, 179, 178, 168, 192, 175, 175, 234, 202, 209, 263, 238"
632,velocity software development,us,1,150,5.00,,velocity software development,2025-12-14 17:21:56,"AI Overview,Thumbnail,People also ask,Sitelinks",250,250,250,2018-05-24,"Informational,Non-branded,Non-local",English,,
633,real estate development accounting software,us,8,150,18.00,,yardi,2025-12-21 14:47:50,"Sitelinks,People also ask",300,36000,50000,2017-02-06,"Informational,Commercial,Non-branded,Non-local",English,"46, 84, 47, 63, 44, 104, 84, 105, 87, 30, 89, 126, 258, 169, 182, 211, 129, 129, 85, 159, 91, 170, 115, 132","160, 160, 151, 151, 136, 145, 151, 158, 154, 158, 154, 142, 170"
634,software development company dallas,us,4,150,9.00,,custom application development company,2026-01-19 07:55:48,"Local pack,Sitelinks",200,800,900,2020-01-09,"Informational,Commercial,Non-branded,Local",English,"145, 117, 95, 112, 138, 110, 121, 98, 97, 110, 90, 89, 102, 107, 274, 195, 140, 118, 103, 124, 178, 127, 127, 154","161, 149, 162, 154, 150, 156, 140, 141, 157, 164, 170, 170, 177"
635,software development company dallas tx,us,2,150,12.00,,custom software development company,2026-01-21 06:14:00,"Local pack,People also ask,Sitelinks",200,1100,1100,2020-06-16,"Informational,Commercial,Non-branded,Local",English,,
636,san antonio development services,us,0,150,2.50,0.89,san antonio development services,2026-01-21 16:33:10,"Sitelinks,People also ask",150,450,450,2015-09-04,"Informational,Non-branded,Local",English,"161, 140, 139, 156, 200, 160, 157, 199, 203, 154, 135, 135, 198, 153, 153, 153, 172, 154, 162, 154, 159, 206, 136, 142","157, 145, 156, 159, 163, 169, 166, 164, 168, 172, 149, 132, 145"
637,amazon software development engineer,us,5,150,2.50,0.85,amazon software engineer,2025-11-19 18:12:05,"Sitelinks,People also ask",350,1400,1600,2015-10-07,"Informational,Branded,Non-local",English,"127, 102, 121, 126, 136, 101, 126, 131, 163, 202, 197, 105, 157, 155, 158, 156, 135, 159, 178, 146, 126, 169, 95, 143","157, 175, 166, 153, 150, 133, 154, 158, 158, 154, 149, 143, 157"
638,naics code software development,us,2,150,5.00,0.95,naics code 541511,2025-11-29 09:52:36,"AI Overview,People also ask",200,1200,1300,2015-09-24,"Informational,Non-branded,Non-local",English,"149, 149, 151, 153, 149, 128, 124, 155, 136, 149, 105, 101, 147, 146, 160, 191, 162, 135, 311, 155, 126, 196, 91, 143","180, 185, 202, 232, 180, 164, 189, 152, 156, 157, 138, 146, 185"
639,unique software development,us,5,150,13.00,,custom software development dallas,2025-11-21 14:03:13,,200,400,450,2016-01-27,"Informational,Branded,Non-local",English,,
640,home services app development,us,5,150,18.00,,on demand home services app development,2026-01-07 06:32:23,"Sitelinks,People also ask,Top stories,Thumbnail",400,150,200,2020-01-09,"Informational,Commercial,Non-branded,Non-local",English,,
641,qa software development,us,6,150,2.50,,software quality assurance,2025-12-31 07:00:17,"AI Overview,Thumbnail,People also ask,Sitelinks,Top stories",200,1000,2900,2018-04-03,"Informational,Non-branded,Non-local",English,,
642,outsourcing java development services,us,1,150,45.00,,java outsourcing,2026-01-03 06:10:04,Sitelinks,300,900,900,2020-01-07,"Informational,Commercial,Non-branded,Non-local",English,"85, 50, 74, 94, 125, 94, 94, 115, 99, 105, 97, 94, 138, 116, 195, 254, 268, 202, 103, 188, 75, 87, 100, 106","115, 117, 116, 140, 145, 116, 111, 171, 151, 116, 111, 111, 120"
643,custom order management software,us,3,150,17.00,,sales order software,2026-01-03 18:53:32,Sitelinks,350,400,800,2020-01-09,"Informational,Commercial,Non-branded,Non-local",English,,
644,health software development,us,9,150,14.00,,healthcare software development,2026-01-08 06:57:42,"People also ask,Sitelinks",250,1600,2100,2020-01-09,"Informational,Non-branded,Non-local",English,"33, 35, 33, 28, 43, 40, 42, 39, 45, 67, 100, 99, 129, 124, 195, 307, 177, 145, 169, 360, 172, 73, 75, 139","152, 102, 103, 100, 81, 74, 75, 68, 55, 61, 66, 80, 89"
645,estimation software development,us,7,150,8.00,,software development estimation,2025-12-18 23:08:52,"Sitelinks,People also ask,Top stories,Thumbnail",400,300,350,2015-09-24,"Informational,Non-branded,Non-local",English,,
646,agile software development project plan,us,6,150,2.50,,agile project schedule,2025-11-18 12:55:08,"Sitelinks,Thumbnail,People also ask",200,250,250,2015-12-07,"Informational,Non-branded,Non-local",English,,
647,custom software development consultants,us,10,150,13.00,,software development services,2026-01-01 20:11:47,"Local pack,Sitelinks",250,16000,22000,2020-01-19,"Informational,Non-branded,Non-local",English,,
648,bs software development,us,8,150,10.00,,online software engineering degree,2025-12-14 19:56:39,"Sitelinks,People also ask",200,8600,9000,2015-09-03,"Informational,Non-branded,Non-local",English,,
649,top software development company in usa,us,1,150,8.00,,software development company,2026-01-07 17:40:06,"Top ads,Paid sitelinks,AI Overview,Thumbnail,Sitelinks,Local pack,People also ask,Bottom ads",200,4100,5700,2020-12-03,"Informational,Commercial,Non-branded,Non-local",English,,
650,software and web development,us,3,150,4.50,,software and web development,2025-12-27 15:58:50,"AI Overview,Thumbnail,Sitelinks,People also ask,Top stories",500,90,100,2016-04-30,"Informational,Non-branded,Non-local",English,,
651,outsourcing software development trends,us,8,150,3.50,,software development outsourcing trends,2025-12-14 21:34:11,"AI Overview,Thumbnail,Sitelinks",200,40,40,2016-07-12,"Informational,Non-branded,Non-local",English,,
652,managing software development teams,us,0,150,1.90,,managing a software development team,2026-01-05 08:39:18,"Sitelinks,Top stories,Thumbnail",300,150,150,2018-03-30,"Informational,Non-branded,Non-local",English,,
653,software development company california,us,0,150,10.00,,software development company in california,2026-01-15 17:48:18,"Top ads,Paid sitelinks,Local pack",300,20,20,2017-11-13,"Informational,Commercial,Non-branded,Local",English,,
654,outsourcing custom software,us,8,150,15.00,,software outsourcing services,2026-01-04 17:44:54,"Sitelinks,People also ask",300,1500,1500,2020-01-09,"Informational,Commercial,Non-branded,Non-local",English,,
655,software design and development,us,9,150,7.00,,software design,2025-12-30 23:08:53,"AI Overview,Thumbnail,People also ask,Local pack,Top stories,Bottom ads,Paid sitelinks",500,500,4500,2016-05-23,"Informational,Non-branded,Non-local",English,"96, 83, 100, 81, 96, 60, 60, 99, 60, 82, 87, 85, 105, 121, 134, 141, 152, 130, 156, 225, 442, 129, 118, 193","234, 208, 198, 227, 217, 182, 174, 213, 247, 218, 212, 194, 235"
656,embedded software development tools,us,0,150,4.50,,embedded software development tools,2025-12-18 02:34:26,"Sitelinks,People also ask",350,150,250,2017-04-24,"Informational,Non-branded,Non-local",English,,
657,software development companies in america,us,6,150,8.00,,software development companies in usa,2026-01-03 19:16:51,"Local pack,People also ask,Bottom ads",200,800,1200,2020-01-10,"Informational,Commercial,Non-branded,Non-local",English,,
658,software development life cycle best practices,us,1,150,9.00,,sdlc,2026-01-07 02:27:18,People also ask,250,6700,18000,2016-04-03,"Informational,Non-branded,Non-local",English,"70, 54, 58, 46, 57, 54, 62, 65, 75, 94, 80, 71, 89, 75, 148, 172, 178, 176, 115, 99, 116, 109, 124, 101","109, 109, 122, 125, 126, 120, 112, 115, 112, 109, 104, 101, 109"
659,estimating software development costs,us,10,150,7.00,,software development costs,2025-11-14 19:31:53,"AI Overview,Thumbnail,Sitelinks",400,900,1000,2016-04-09,"Informational,Non-branded,Non-local",English,,
660,software development quality assurance,us,5,150,2.50,,software quality assurance,2025-12-30 16:40:02,"AI Overview,Thumbnail,Sitelinks,People also ask,Top stories",300,1000,2900,2015-10-07,"Informational,Non-branded,Non-local",English,,
661,software development plan template,us,2,150,2.50,,software development plans,2026-01-02 05:26:01,"People also ask,Thumbnail",350,250,300,2015-10-26,"Informational,Non-branded,Non-local",English,"110, 105, 72, 69, 89, 103, 68, 68, 92, 129, 101, 94, 146, 194, 237, 194, 121, 81, 88, 88, 297, 113, 97, 125","156, 154, 151, 156, 151, 135, 136, 151, 175, 157, 144, 130, 161"
662,contract software development,us,1,150,7.00,,contract software development,2025-12-14 22:43:14,"AI Overview,Thumbnail,Sitelinks,People also ask",200,70,100,2015-11-24,"Informational,Non-branded,Non-local",English,"150, 108, 194, 198, 205, 127, 112, 125, 175, 236, 203, 167, 203, 193, 427, 252, 100, 75, 155, 108, 177, 78, 73, 145","151, 161, 216, 181, 205, 148, 149, 149, 146, 151, 146, 152, 164"
663,enterprise level software development,us,8,100,5.00,,enterprise app development,2026-01-07 17:19:38,"Sitelinks,People also ask,Top stories,Thumbnail",150,1300,2400,2019-06-14,"Informational,Non-branded,Non-local",English,,
664,software development life cycle training,us,7,100,1.50,,sdlc certification,2025-12-21 12:32:32,"AI Overview,Thumbnail,Top stories,People also ask,Sitelinks",150,100,200,2016-10-22,"Informational,Non-branded,Non-local",English,,
665,software development project,us,9,100,2.50,0.44,software project ideas,2026-01-07 11:36:13,"AI Overview,Thumbnail,Sitelinks,Discussions,People also ask,Top stories,Video preview",600,300,1500,2015-09-29,"Informational,Non-branded,Non-local",English,"110, 111, 103, 96, 99, 100, 96, 103, 109, 114, 101, 105, 110, 110, 102, 96, 98, 99, 96, 103, 108, 113, 101, 105","109, 110, 102, 96, 98, 99, 96, 103, 108, 113, 101, 105, 109"
666,risk management in software development,us,2,100,4.00,,software risk management,2025-12-27 14:00:03,"AI Overview,Thumbnail,Sitelinks,People also ask,Top stories",250,600,4500,2016-02-25,"Informational,Non-branded,Non-local",English,,
667,erp for software development company,us,8,100,18.00,,erp software development,2025-11-29 09:19:57,Sitelinks,150,900,1200,2020-01-17,"Informational,Commercial,Non-branded,Non-local",English,,
668,change management in software development,us,0,100,4.50,,software change management,2025-12-18 05:45:54,"AI Overview,Thumbnail,Sitelinks,People also ask",250,350,500,2016-11-02,"Informational,Non-branded,Non-local",English,,
669,software development metrics dashboard,us,0,100,10.00,,software development metrics dashboard,2025-12-27 01:31:39,,200,20,20,2020-01-09,"Informational,Non-branded,Non-local",English,,
670,software development services in new york,us,9,100,30.00,,new york software development company,2026-01-06 06:15:17,"Local pack,Sitelinks,Bottom ads",100,1600,1800,2020-10-27,"Informational,Commercial,Non-branded,Local",English,,
671,risks in software development,us,3,100,1.80,,software development risks,2025-12-23 21:58:13,"People also ask,Sitelinks",250,150,250,2015-10-20,"Informational,Non-branded,Non-local",English,,
672,software development in banking,us,3,100,6.00,,banking software development,2025-12-31 17:50:02,"People also ask,Sitelinks",200,250,300,2021-05-10,"Informational,Non-branded,Non-local",English,,
673,workflow software development,us,3,100,6.00,,software development workflow,2026-01-06 21:05:33,"AI Overview,Thumbnail,People also ask,Sitelinks",150,200,250,2019-11-16,"Informational,Non-branded,Non-local",English,,
674,indian software development companies,us,10,100,13.00,,software development company in india,2025-12-25 05:53:27,"AI Overview,Thumbnail,Knowledge panel,Top stories,Sitelinks",200,1100,3300,2018-09-23,"Informational,Non-branded,Non-local",English,,
675,software development apprenticeship,us,2,100,3.00,1.41,software engineer apprenticeship,2026-01-16 11:01:24,Sitelinks,600,350,350,2016-01-27,"Informational,Non-branded,Non-local",English,"164, 143, 167, 136, 136, 115, 111, 113, 81, 132, 149, 71, 121, 95, 106, 76, 91, 104, 111, 90, 109, 79, 67, 91","88, 86, 92, 93, 95, 87, 86, 88, 106, 105, 100, 97, 93"
676,how does software development work,us,10,100,2.00,,why is software bixiros.5a8 development process,2025-11-26 02:27:24,"AI Overview,Thumbnail,Sitelinks,People also ask,Top stories",200,350,900,2017-01-19,"Informational,Non-branded,Non-local",English,,
677,advantages of outsourcing software development,us,1,100,6.00,,pros and cons of outsourcing software development,2025-12-30 01:10:41,"Sitelinks,Top stories,Thumbnail",250,150,200,2020-01-07,"Informational,Non-branded,Non-local",English,,
678,software development companies in los angeles,us,3,100,8.00,,software development company los angeles,2025-11-18 15:31:57,"Local pack,People also ask,Sitelinks",150,350,350,2017-01-02,"Informational,Commercial,Non-branded,Local",English,,
679,app and software development,us,0,100,5.00,,app and software development,2025-12-29 06:34:47,"AI Overview,Thumbnail,Sitelinks,People also ask,Knowledge panel,Local pack",350,40,50,2017-01-19,"Informational,Non-branded,Non-local",English,,
680,hmi development software,us,4,100,3.50,,hmi software,2025-11-19 03:40:04,"AI Overview,Thumbnail,People also ask,Sitelinks",200,600,700,2015-10-15,"Informational,Non-branded,Non-local",English,,
681,management software development,us,6,100,6.00,,software project management,2025-11-15 21:43:42,"AI Overview,Thumbnail,People also ask,Sitelinks",200,1400,1700,2015-11-12,"Informational,Non-branded,Non-local",English,,
682,productivity software development,us,6,100,4.00,,software productivity,2025-12-27 21:56:34,"Sitelinks,People also ask,Top stories,Thumbnail",150,90,90,2020-01-25,"Informational,Non-branded,Non-local",English,,
683,corporate development software,us,1,100,4.00,,corporate development software,2026-01-03 05:41:29,"Top ads,Paid sitelinks,Bottom ads",150,10,10,2020-01-09,"Informational,Non-branded,Non-local",English,,
684,software development planning,us,0,100,3.50,,software development plan template,2026-01-07 15:37:12,"AI Overview,Thumbnail,People also ask,Sitelinks,Video preview",200,250,300,2016-02-10,"Informational,Non-branded,Non-local",English,"79, 96, 95, 96, 97, 75, 63, 74, 90, 99, 67, 72, 98, 134, 143, 134, 91, 55, 64, 53, 167, 68, 60, 68","83, 80, 98, 95, 79, 94, 94, 96, 94, 89, 89, 67, 83"
685,managing software development projects,us,2,100,4.50,,how to manage a software development project,2025-11-26 21:38:28,"AI Overview,Thumbnail,Sitelinks,Top stories,People also ask",200,70,100,2016-03-12,"Informational,Non-branded,Non-local",English,,
686,software development agreement template,us,1,100,3.00,,software development contract,2026-01-03 08:49:03,,250,500,700,2015-09-18,"Informational,Non-branded,Non-local",English,,
687,software development & support,us,10,100,5.00,,software development & support,2025-12-25 07:09:12,"People also ask,Sitelinks,Top stories,Thumbnail",150,20,20,2020-08-30,"Informational,Non-branded,Non-local",English,,
688,web and software development,us,3,100,4.50,,software developer vs web developer,2025-12-28 13:25:03,"AI Overview,Thumbnail,Sitelinks,People also ask",300,450,600,2016-07-21,"Informational,Non-branded,Non-local",English,,
689,custom software development agreement,us,1,100,5.00,,software development agreement,2025-12-14 20:28:06,Sitelinks,200,250,300,2017-03-29,"Informational,Non-branded,Non-local",English,,
690,how to manage a software development team,us,0,100,2.00,,how to build a software development team,2025-12-20 20:43:47,"AI Overview,Thumbnail,Sitelinks,Discussions,Top stories,People also ask",300,150,150,2015-10-06,"Informational,Non-branded,Non-local",English,"58, 66, 50, 63, 46, 48, 50, 48, 36, 68, 84, 78, 121, 83, 91, 162, 135, 101, 87, 80, 94, 98, 71, 96","105, 96, 97, 105, 100, 97, 96, 108, 110, 110, 113, 110, 118"
691,hilco development services,us,0,100,2.50,,hilco development services,2025-12-17 21:40:21,"Sitelinks,People also ask",150,50,50,2021-08-09,"Informational,Branded,Non-local",English,,
692,software development estimates,us,6,100,4.50,,software project estimation,2026-01-17 19:56:55,"AI Overview,Thumbnail,Sitelinks,People also ask,Top stories,Video preview",400,300,350,2015-11-28,"Informational,Non-branded,Non-local",English,"57, 70, 69, 70, 69, 103, 404, 221, 370, 184, 115, 113, 100, 75, 119, 136, 97, 69, 98, 93, 184, 118, 115, 115","115, 114, 117, 116, 117, 116, 147, 127, 150, 123, 115, 116, 115"
693,software development companies in texas,us,5,100,8.00,,software developer company,2026-01-19 23:47:32,"Local pack,People also ask",150,150,150,2016-09-02,"Informational,Commercial,Non-branded,Local",English,,
694,india software development,us,7,100,10.00,,software development company in india,2026-01-01 15:57:03,"Sitelinks,People also ask,Top stories,Thumbnail,Video preview,Bottom ads",150,1200,3000,2016-02-09,"Informational,Non-branded,Non-local",English,,
695,software development team roles,us,1,100,1.60,1.26,software development team,2025-12-31 13:54:02,"AI Overview,Thumbnail,Sitelinks,People also ask",200,250,350,2015-10-22,"Informational,Non-branded,Non-local",English,"125, 98, 83, 96, 116, 72, 72, 92, 94, 94, 76, 75, 109, 112, 146, 148, 116, 88, 81, 77, 67, 81, 54, 74","86, 93, 92, 89, 80, 84, 86, 87, 87, 92, 71, 74, 86"
696,bs in software development,us,9,100,10.00,,online software engineering degree,2025-12-15 14:47:44,"Sitelinks,People also ask",150,8600,9000,2016-01-03,"Informational,Non-branded,Non-local",English,,
697,software development organizational structure,us,4,100,3.00,,development team structure,2025-11-27 11:06:19,"Sitelinks,People also ask",150,250,350,2017-02-16,"Informational,Non-branded,Non-local",English,,
698,business analysis in software development,us,1,100,1.20,,software business analysis,2025-12-30 13:38:41,"Sitelinks,People also ask",250,10,10,2017-02-09,"Informational,Non-branded,Non-local",English,"68, 53, 52, 52, 64, 52, 67, 40, 46, 52, 43, 60, 81, 114, 130, 150, 97, 71, 101, 90, 299, 92, 86, 132","146, 151, 154, 148, 150, 150, 158, 151, 162, 154, 152, 154, 167"
699,custom dashboard software,us,6,100,10.00,,custom dashboard software,2025-12-21 10:27:36,"Top ads,Paid sitelinks,AI Overview,Thumbnail,Video preview,Sitelinks,People also ask,Bottom ads",400,20,20,2016-12-30,"Informational,Commercial,Non-branded,Non-local",English,"62, 74, 45, 29, 34, 44, 48, 99, 633, 101, 109, 109, 106, 102, 93, 93, 109, 112, 109, 112, 155, 107, 115, 115","112, 108, 99, 99, 115, 118, 115, 118, 161, 113, 121, 121, 118"
700,software development companies india,us,7,100,13.00,,software development company in india,2025-12-30 13:19:54,"AI Overview,Thumbnail,Local pack,Sitelinks",200,1100,3000,2020-01-08,"Informational,Commercial,Non-branded,Non-local",English,,
701,change management software development,us,1,100,4.50,,software change management process,2025-12-18 04:22:22,"AI Overview,Thumbnail,Sitelinks,People also ask",200,100,200,2016-08-27,"Informational,Non-branded,Non-local",English,,
702,software development nyc,us,8,100,12.00,,nyc software engineer jobs,2026-01-11 17:17:37,"Local pack,People also ask,Top stories,Thumbnail",150,1000,1000,2017-05-06,"Informational,Non-branded,Local",English,,
703,innovative software development,us,9,100,2.50,,innovative software development,2025-12-23 01:58:37,"Sitelinks,Top stories,Thumbnail,Knowledge panel",200,100,150,2017-09-14,"Informational,Non-branded,Non-local",English,,
704,software development contract template,us,1,100,3.00,,software development contract,2025-12-31 13:11:55,People also ask,250,600,700,2015-09-28,"Informational,Non-branded,Non-local",English,,
705,small business web development services,us,6,100,7.00,,small business website design,2025-12-13 18:48:30,Sitelinks,200,8800,9000,2016-01-09,"Informational,Commercial,Non-branded,Non-local",English,,
706,collaboration tools for software development,us,6,100,8.00,,content collaboration tools,2025-12-29 00:52:03,"AI Overview,Thumbnail,People also ask,Sitelinks",150,1700,7800,2016-09-29,"Informational,Non-branded,Non-local",English,,
707,software development company singapore,us,1,100,5.00,,software development company singapore,2026-01-11 22:00:36,Local pack,400,100,150,2020-01-07,"Informational,Commercial,Non-branded,Local",English,,
708,ukrainian software development,us,4,100,11.00,,ukraine software development,2025-12-25 08:54:50,Sitelinks,350,500,800,2020-01-21,"Informational,Non-branded,Non-local",English,,
709,philippines software development outsourcing,us,0,100,55.00,,software development outsourcing philippines,2025-12-14 22:00:15,"Local pack,Thumbnail,People also ask,Sitelinks",350,200,200,2020-01-14,"Informational,Commercial,Non-branded,Non-local",English,,
710,front-end development services,us,2,100,5.00,,front end services,2025-12-28 05:24:17,"AI Overview,Thumbnail,Sitelinks",600,10,10,2020-01-09,"Informational,Commercial,Non-branded,Non-local",English,"92, 120, 119, 152, 152, 155, 108, 111, 112, 113, 118, 112, 111, 104, 110, 122, 133, 116, 110, 107, 108, 109, 113, 108","107, 100, 105, 117, 129, 112, 106, 102, 103, 104, 108, 104, 102"
711,small software development companies,us,5,100,10.00,,small it companies,2025-12-17 14:55:21,"Local pack,Sitelinks",200,100,150,2016-03-29,"Informational,Commercial,Non-branded,Non-local",English,,
712,research and development services,us,4,100,2.50,,research and development services,2025-12-21 00:23:02,"People also ask,Sitelinks",200,20,20,2020-01-10,"Informational,Non-branded,Non-local",English,,
713,azure software development,us,4,100,3.00,,azure software development,2025-12-20 20:47:32,"Sitelinks,People also ask,Top stories,Thumbnail",200,600,900,2020-01-19,"Informational,Branded,Non-local",English,"63, 64, 64, 52, 53, 52, 79, 114, 83, 85, 52, 52, 70, 57, 83, 88, 77, 59, 97, 113, 144, 119, 108, 120","129, 128, 133, 131, 130, 130, 135, 140, 137, 138, 134, 135, 142"
714,automation software development,us,1,100,6.00,,software development automation,2025-12-18 15:17:01,"Sitelinks,People also ask,Top stories,Thumbnail",200,200,200,2018-07-13,"Informational,Non-branded,Non-local",English,,
715,onshore software development,us,0,100,15.00,,onshore and offshore software development,2026-01-04 02:18:28,"AI Overview,Thumbnail,People also ask,Sitelinks",150,40,40,2020-01-11,"Informational,Non-branded,Non-local",English,,
716,best software development practices,us,6,100,5.00,,software development best practices,2025-12-12 21:58:32,"AI Overview,Thumbnail,Sitelinks,People also ask",150,800,1600,2018-01-24,"Informational,Non-branded,Non-local",English,,
717,software test outsourcing,us,6,100,18.00,,software testing outsourcing,2026-01-07 04:06:35,,150,250,350,2019-04-09,"Informational,Commercial,Non-branded,Non-local",English,,
718,software development company in austin,us,3,100,11.00,,software development austin,2026-01-07 08:29:48,Local pack,200,400,400,2020-01-24,"Informational,Commercial,Non-branded,Local",English,,
719,best practices for software development,us,5,100,2.00,,software development best practices,2025-12-26 14:14:02,"AI Overview,Thumbnail,Sitelinks,People also ask,Top stories",150,800,1600,2016-03-01,"Informational,Non-branded,Non-local",English,,
720,software development risk assessment,us,0,100,4.00,,software risk analysis,2026-01-04 02:40:28,"AI Overview,Thumbnail,Sitelinks,People also ask",200,30,60,2015-10-20,"Informational,Non-branded,Non-local",English,,
721,nda for software development,us,1,100,3.50,,nda for software development,2025-12-01 13:18:07,Sitelinks,200,100,100,2017-09-22,"Informational,Non-branded,Non-local",English,,
722,software development collaboration,us,3,100,7.00,,programming collaboration tools,2025-12-30 01:44:03,"Sitelinks,People also ask,Top stories,Thumbnail",150,200,200,2020-01-08,"Informational,Non-branded,Non-local",English,,
723,best software for web development,us,5,100,2.50,,web design software,2025-12-26 04:21:11,"AI Overview,Thumbnail,Sitelinks,People also ask,Top stories",300,3600,4400,2016-01-02,"Informational,Non-branded,Non-local",English,,
724,how to start a software development company,us,1,100,3.00,,software business,2026-01-04 15:20:25,"AI Overview,Thumbnail,Sitelinks,People also ask,Discussions,Video preview",150,1000,1200,2015-10-09,"Informational,Non-branded,Non-local",English,,
725,end-to-end software development,us,1,100,7.00,,end to end development,2026-01-07 10:48:19,"People also ask,Sitelinks",250,200,200,2019-03-15,"Informational,Non-branded,Non-local",English,,
726,sustainable software development,us,3,100,2.00,,sustainable software,2025-12-24 11:04:38,"People also ask,Top stories,Thumbnail,Sitelinks",600,150,250,2016-09-13,"Informational,Non-branded,Non-local",English,"68, 43, 55, 118, 42, 53, 42, 66, 87, 140, 116, 90, 98, 154, 184, 148, 152, 97, 75, 59, 109, 75, 70, 80","81, 83, 83, 83, 77, 80, 72, 73, 76, 81, 73, 73, 75"
727,software development for small business,us,1,100,11.00,,custom business software,2025-11-26 05:33:30,"Sitelinks,Top stories,Thumbnail",150,1200,1200,2018-07-31,"Informational,Commercial,Non-branded,Non-local",English,,
728,software for custom home builders,us,10,100,5.00,,home construction software,2025-12-28 09:22:15,"AI Overview,Thumbnail,Sitelinks,Discussions,People also ask",150,400,400,2020-01-15,"Informational,Commercial,Non-branded,Non-local",English,,
729,web development services in new york,us,4,100,15.00,,web development new york,2026-01-16 17:52:06,"Local pack,Sitelinks",150,3700,4100,2020-01-11,"Informational,Commercial,Non-branded,Local",English,,
730,software development methodologies comparison,us,3,100,2.50,,software development methodologies comparison,2026-01-05 04:45:02,Sitelinks,250,30,40,2015-10-08,"Informational,Non-branded,Non-local",English,,
731,how to become a software development engineer,us,6,100,6.00,,how to become a software developer,2025-12-29 05:30:04,"AI Overview,Thumbnail,Sitelinks,People also ask,Discussions,Top stories",150,2200,3000,2016-07-26,"Informational,Non-branded,Non-local",English,,
732,outsourcing software development india,us,9,100,12.00,,valuecoders,2025-12-29 06:44:51,"Top ads,Sitelinks,Bottom ads,Paid sitelinks",150,1500,2900,2020-01-07,"Informational,Non-branded,Non-local",English,,
733,staging in software development,us,0,100,11.00,,staging environment,2025-11-25 07:57:18,"AI Overview,Thumbnail,People also ask,Top stories,Video preview,Sitelinks",150,350,1000,2016-11-15,"Informational,Non-branded,Non-local",English,,
734,app development services near me,us,2,100,17.00,,mobile app development wisconsin,2026-01-02 15:56:59,"Local pack,People also ask,Bottom ads,Paid sitelinks",250,70,70,2020-01-26,"Informational,Commercial,Transactional,Non-branded,Local",English,,
735,dallas custom software development,us,6,100,12.00,,custom software company,2026-01-03 00:54:03,"Local pack,Sitelinks",150,1800,1800,2020-01-13,"Informational,Commercial,Non-branded,Local",English,,
736,best nearshore software development company,us,0,100,20.00,,nearshoring partner,2026-01-05 15:03:17,"Discussions,People also ask,Bottom ads",150,300,350,2022-09-19,"Informational,Commercial,Non-branded,Non-local",English,,
737,software development for business,us,4,100,13.00,,business software development,2025-12-22 08:58:48,"AI Overview,Thumbnail,Sitelinks,People also ask",200,100,300,2016-01-16,"Informational,Non-branded,Non-local",English,,
738,software development company in dallas,us,2,100,9.00,,custom application development company,2026-01-12 20:17:17,"Local pack,Sitelinks",200,800,900,2020-01-09,"Informational,Commercial,Non-branded,Local",English,"96, 73, 61, 69, 85, 68, 73, 57, 61, 75, 61, 55, 68, 67, 184, 133, 95, 81, 93, 108, 141, 107, 135, 101","107, 86, 94, 88, 84, 101, 78, 77, 84, 97, 98, 96, 104"
739,mexico software development outsourcing,us,8,100,140.00,,software development in mexico,2025-12-20 03:34:33,"Sitelinks,People also ask",150,60,70,2020-01-09,"Informational,Non-branded,Local",English,,
740,ar vr application development services,us,9,100,19.00,,ar vr app development company,2026-01-05 18:01:18,Sitelinks,200,800,900,2020-01-07,"Informational,Commercial,Non-branded,Non-local",English,,
741,offshore development software,us,10,100,25.00,,offshore software development,2025-12-21 13:01:02,"AI Overview,Thumbnail,People also ask,Top stories,Sitelinks",250,1800,2700,2016-06-13,"Informational,Commercial,Non-branded,Non-local",English,,
742,professional development software,us,8,100,17.00,,corporate training software,2025-12-30 03:57:48,"AI Overview,Thumbnail,People also ask,Sitelinks",300,450,500,2015-12-14,"Informational,Commercial,Non-branded,Non-local",English,"53, 63, 132, 62, 63, 350, 522, 431, 72, 154, 90, 154, 95, 77, 187, 103, 93, 146, 73, 58, 185, 75, 53, 83","64, 64, 98, 63, 61, 132, 152, 116, 60, 88, 53, 83, 60"
743,software development company in florida,us,3,100,11.00,,software development company florida,2026-01-10 05:53:33,"Local pack,Sitelinks",200,150,150,2018-10-18,"Informational,Commercial,Non-branded,Local",English,,
744,custom software development austin,us,3,100,10.00,,custom software development company in austin,2025-12-27 07:49:40,"Local pack,Sitelinks,People also ask",150,70,70,2017-06-19,"Informational,Commercial,Non-branded,Local",English,"109, 60, 62, 57, 56, 93, 55, 39, 25, 69, 260, 138, 101, 65, 176, 109, 74, 89, 81, 100, 120, 128, 135, 110","114, 104, 127, 114, 108, 115, 112, 111, 121, 127, 148, 131, 135"
745,software development productivity tools,us,3,100,6.00,,developer productivity tools,2025-12-30 23:03:33,"Sitelinks,Discussions",150,300,400,2017-06-20,"Informational,Non-branded,Non-local",English,,
746,custom trading software,us,4,100,3.00,,custom trading software development,2026-01-04 12:01:16,"Sitelinks,People also ask",200,500,500,2018-05-27,"Informational,Commercial,Non-branded,Non-local",English,,
747,r&d software development,us,0,100,4.00,,software research and development,2025-12-23 12:10:31,"People also ask,Sitelinks",200,100,150,2020-01-12,"Informational,Non-branded,Non-local",English,,
748,software development companies in europe,us,0,100,17.00,,software development companies in europe,2025-12-22 02:58:47,Local pack,150,50,90,2020-01-10,"Informational,Commercial,Non-branded,Non-local",English,,
749,software development dashboard,us,0,100,3.50,,software development dashboard,2025-12-30 23:11:48,Sitelinks,400,70,70,2017-07-12,"Informational,Non-branded,Non-local",English,,
750,hardware and software development,us,0,100,3.50,,hardware and software development,2025-12-29 20:30:48,"People also ask,Sitelinks,Top stories,Thumbnail",150,60,80,2018-10-22,"Informational,Non-branded,Non-local",English,,
751,software development recruiters,us,1,100,3.50,,software developer recruiters,2026-01-18 08:24:51,"Sitelinks,People also ask,Local pack",400,600,600,2016-06-11,"Informational,Non-branded,Non-local",English,,
752,best application development software,us,10,100,2.50,,mobile app development,2025-12-27 18:26:33,"AI Overview,Thumbnail,Sitelinks,People also ask,Top stories",300,8700,11000,2020-01-10,"Informational,Non-branded,Non-local",English,"92, 101, 161, 154, 96, 120, 191, 135, 135, 180, 188, 161, 110, 82, 216, 172, 78, 81, 115, 89, 94, 77, 89, 89","86, 78, 100, 93, 78, 75, 89, 81, 79, 82, 83, 84, 82"
753,software development environment,us,9,100,1.80,0.84,software development environment,2026-01-01 16:47:03,"AI Overview,Thumbnail,People also ask,Sitelinks,Top stories",350,100,150,2015-10-01,"Informational,Non-branded,Non-local",English,"157, 103, 123, 119, 125, 121, 102, 105, 106, 160, 102, 85, 100, 122, 148, 130, 134, 132, 129, 117, 109, 134, 115, 116","137, 134, 140, 123, 132, 132, 127, 128, 125, 132, 126, 121, 142"
754,outsource software product development,us,3,100,25.00,,outsourced software product development,2026-01-06 00:24:54,"Top ads,Sitelinks,People also ask,Bottom ads,Paid sitelinks",150,350,400,2020-01-11,"Informational,Non-branded,Non-local",English,,
755,software development tools list,us,4,100,1.70,,software tool,2025-11-25 15:39:26,"AI Overview,Sitelinks",300,3400,6500,2016-09-09,"Informational,Non-branded,Non-local",English,,
756,cost of custom software development,us,7,100,8.00,,custom software development cost,2025-12-22 19:41:42,"AI Overview,Thumbnail,Sitelinks,People also ask,Bottom ads",150,350,400,2016-08-31,"Informational,Non-branded,Non-local",English,,
757,software development in houston,us,3,100,15.00,,software development houston,2026-01-07 07:01:44,"Local pack,People also ask",150,350,400,2019-01-08,"Informational,Non-branded,Local",English,,
758,software development plan example,us,0,100,2.50,,software development plan,2026-01-05 18:33:05,"Sitelinks,People also ask",200,100,100,2015-10-30,"Informational,Non-branded,Non-local",English,,
759,secure software development policy,us,2,100,3.50,,secure application development,2025-12-27 00:40:33,Sitelinks,200,700,1000,2017-07-12,"Informational,Non-branded,Non-local",English,,
760,white label software development services,us,2,100,14.00,,white label development services,2025-12-19 19:59:44,Sitelinks,200,30,30,2021-04-03,"Informational,Commercial,Non-branded,Non-local",English,,
761,agile methodology in software development life cycle,us,8,100,2.50,,agile sdlc,2025-12-25 01:55:59,"AI Overview,Thumbnail,Sitelinks,People also ask,Top stories",150,1100,2700,2016-03-03,"Informational,Non-branded,Non-local",English,,
762,healthcare management software development,us,7,100,18.00,,custom healthcare software development company,2025-12-25 21:57:37,"Sitelinks,People also ask,Bottom ads,Paid sitelinks",100,9600,11000,2022-02-21,"Informational,Non-branded,Non-local",English,,
763,software development team roles and responsibilities,us,2,100,2.00,,software development team,2025-12-30 19:53:40,"AI Overview,Thumbnail,Sitelinks,People also ask",200,100,250,2015-09-05,"Informational,Non-branded,Non-local",English,,
764,software outsourcing projects,us,9,100,14.00,,software development outsourcing,2026-01-05 02:24:18,"Top stories,Thumbnail",250,7000,8400,2020-01-12,"Informational,Commercial,Non-branded,Non-local",English,"44, 34, 53, 62, 60, 60, 69, 72, 72, 273, 76, 229, 194, 165, 141, 118, 130, 75, 62, 67, 46, 64, 84, 67","63, 61, 58, 56, 54, 49, 55, 51, 49, 81, 54, 61, 58"
765,india software outsourcing,us,3,100,12.00,,software outsourcing companies in india,2025-12-30 08:01:49,"Sitelinks,Top stories,Thumbnail",150,500,1100,2018-09-27,"Informational,Commercial,Non-branded,Non-local",English,,
766,software development in ukraine,us,7,100,30.00,,software development outsourcing ukraine,2025-12-28 23:38:33,"Sitelinks,People also ask,Thumbnail",150,700,700,2018-12-31,"Informational,Non-branded,Local",English,,
767,calculate software development cost,us,3,100,2.00,,software development cost calculator,2025-12-25 18:29:33,"AI Overview,Thumbnail,People also ask,Sitelinks",150,150,150,2020-06-18,"Informational,Non-branded,Non-local",English,,
768,software development company in canada,us,8,100,6.00,,software companies in canada,2026-01-06 05:52:48,Local pack,350,450,1400,2020-01-10,"Informational,Commercial,Non-branded,Local",English,,
769,software development company texas,us,10,100,7.00,,software companies in texas,2025-12-13 04:58:40,"Local pack,People also ask,Sitelinks",200,150,200,2020-01-09,"Informational,Commercial,Non-branded,Local",English,"84, 39, 66, 64, 52, 57, 57, 62, 41, 47, 70, 69, 74, 84, 126, 133, 93, 78, 122, 120, 107, 113, 125, 119","110, 131, 104, 109, 121, 150, 102, 105, 105, 111, 119, 123, 114"
770,in house software development,us,2,100,8.00,,in house software development,2025-12-20 03:46:02,"AI Overview,Thumbnail,People also ask,Sitelinks,Top stories",200,100,150,2016-04-20,"Informational,Non-branded,Non-local",English,,
771,software development tutorial,us,6,100,2.50,,what is software engineering,2026-01-01 05:14:32,"Sitelinks,People also ask,Top stories,Thumbnail",150,450,17000,2015-09-08,"Informational,Non-branded,Non-local",English,,
772,custom erp software developer,us,4,100,3.50,,custom erp solutions,2025-12-31 08:55:33,"Top ads,Paid sitelinks,Sitelinks,People also ask,Bottom ads",150,1100,1300,2023-08-30,"Informational,Commercial,Non-branded,Non-local",English,,
773,ukraine software development companies,us,4,100,30.00,,ukraine software development,2025-12-30 19:42:06,"Sitelinks,Local pack,Bottom ads",200,500,700,2018-08-24,"Informational,Commercial,Non-branded,Local",English,,
774,outsourcing web development services,us,7,100,25.00,,outsource web development,2026-01-07 02:24:55,"Sitelinks,People also ask,Bottom ads,Paid sitelinks",250,1900,2500,2020-01-09,"Informational,Commercial,Non-branded,Non-local",English,,
775,software research and development,us,1,100,6.00,,software research and development,2025-12-20 14:12:47,"AI Overview,Thumbnail,Sitelinks,People also ask",200,150,150,2016-03-04,"Informational,Non-branded,Non-local",English,,
776,software development for small businesses,us,0,100,11.00,,custom business software,2025-12-22 11:46:03,"Sitelinks,People also ask",150,1500,1600,2016-01-13,"Informational,Commercial,Non-branded,Non-local",English,,
777,software development in mexico,us,7,100,35.00,,software development in mexico,2025-12-26 03:54:39,"Sitelinks,People also ask,Thumbnail,Local pack,Bottom ads",150,70,80,2020-01-13,"Informational,Non-branded,Local",English,,
778,software development argentina,us,1,100,12.00,,software development argentina,2025-12-15 01:23:57,"Top ads,Paid sitelinks,AI Overview,Thumbnail,People also ask,Bottom ads",150,150,200,2016-08-15,"Informational,Commercial,Non-branded,Non-local",English,"99, 58, 60, 98, 62, 61, 63, 63, 66, 108, 63, 100, 172, 60, 101, 138, 146, 140, 127, 118, 79, 83, 87, 82","95, 84, 92, 98, 103, 79, 87, 82, 85, 103, 85, 74, 87"
779,tracking software development,us,8,100,13.00,,software development tracking,2025-12-31 02:45:06,"People also ask,Sitelinks",100,150,150,2018-10-11,"Informational,Commercial,Non-branded,Non-local",English,,
780,best real estate development software,us,1,100,10.00,,real estate development software,2025-12-31 21:33:27,"AI Overview,Thumbnail,Sitelinks,Discussions,People also ask",150,600,700,2017-01-13,"Informational,Commercial,Non-branded,Non-local",English,,
781,outsource software development team,us,8,100,14.00,,software development outsourcing,2025-12-20 19:38:49,"Sitelinks,Top stories,Thumbnail",250,7400,8600,2020-01-08,"Informational,Commercial,Non-branded,Non-local",English,,
782,software development effort estimation,us,0,100,3.00,,software development effort estimation,2025-12-31 18:32:53,"Sitelinks,People also ask,Top stories",150,150,250,2017-07-09,"Informational,Non-branded,Non-local",English,,
783,payroll software development,us,6,100,10.00,,payroll software development,2026-01-03 17:07:35,Sitelinks,150,30,30,2020-01-20,"Informational,Non-branded,Non-local",English,,
784,software development automation,us,2,100,6.00,,software development automation,2025-12-20 00:08:11,"AI Overview,Thumbnail,Sitelinks,People also ask,Top stories",200,200,200,2017-04-04,"Informational,Non-branded,Non-local",English,,
785,r&d tax credits for software development,us,3,100,4.50,,r&d tax credit software,2025-12-26 19:46:02,"Top ads,People also ask,Bottom ads,Paid sitelinks",350,400,400,2020-01-22,"Informational,Non-branded,Non-local",English,,
786,accounting for software development costs,us,0,100,11.00,,software capitalization,2025-12-21 12:44:33,"AI Overview,Thumbnail,People also ask,Top stories",200,1200,1200,2016-04-28,"Informational,Non-branded,Non-local",English,,
787,rapid prototyping software development,us,9,100,7.00,,rapid prototyping software development,2026-01-05 06:05:48,"People also ask,Sitelinks",200,300,3100,2015-12-13,"Informational,Non-branded,Non-local",English,,
788,good software development practices,us,8,100,2.00,,software development best practices,2026-01-02 18:05:19,"AI Overview,Thumbnail,Sitelinks,People also ask",150,900,1400,2017-07-15,"Informational,Non-branded,Non-local",English,,
789,request for proposal for software development,us,2,100,5.00,,rfp software template,2026-01-15 07:46:48,"Sitelinks,Discussions",200,450,500,2020-01-31,"Informational,Non-branded,Non-local",English,,
790,android software development companies,us,0,100,15.00,,android app development companies,2025-12-24 22:23:05,"People also ask,Top stories,Thumbnail,Sitelinks",200,350,1300,2020-01-10,"Informational,Commercial,Non-branded,Non-local",English,,
791,green software development,us,1,100,4.50,,energy software development,2025-12-28 16:17:27,"AI Overview,Thumbnail,Sitelinks,Top stories,People also ask,Video preview",1700,0,0,2016-05-28,"Informational,Non-branded,Non-local",English,,
792,masters in software development,us,8,100,10.00,0.91,masters in software development,2025-12-23 09:53:53,"Top ads,Paid sitelinks,Sitelinks,People also ask,Bottom ads",350,350,350,2016-02-11,"Informational,Non-branded,Non-local",English,"170, 136, 142, 166, 138, 140, 100, 115, 146, 126, 120, 124, 125, 122, 167, 145, 147, 115, 126, 109, 99, 70, 82, 117","117, 113, 125, 128, 124, 126, 129, 129, 129, 120, 112, 124, 123"
793,what is software outsourcing,us,4,100,14.00,,software development outsourcing,2026-01-06 01:10:33,"Sitelinks,People also ask",200,1200,1700,2016-10-26,"Informational,Non-branded,Non-local",English,,
794,the future of software development,us,9,100,1.20,,future of software development,2025-12-18 17:59:29,"AI Overview,Thumbnail,Sitelinks",200,200,700,2016-01-29,"Informational,Non-branded,Non-local",English,,
795,outsource software development offshore,us,8,100,75.00,,offshore programming,2026-01-05 22:35:33,Sitelinks,250,700,1000,2020-01-10,"Informational,Non-branded,Non-local",English,,
796,software development project plan template,us,7,90,4.50,,software project planning template,2026-01-06 22:15:01,"Sitelinks,Thumbnail,People also ask",200,600,700,2015-09-24,"Informational,Non-branded,Non-local",English,,
797,it and software development,us,4,90,6.00,,it software developer,2026-01-02 12:54:19,"AI Overview,Thumbnail,Sitelinks,People also ask",250,200,250,2020-01-12,"Informational,Non-branded,Non-local",English,,
798,off shore software development,us,10,90,8.00,,offshore software development,2025-11-26 09:26:03,"AI Overview,Thumbnail,Sitelinks,People also ask,Bottom ads",150,1900,3100,2020-01-07,"Informational,Non-branded,Non-local",English,,
799,r&d tax credit software development,us,3,90,4.50,,r&d tax credit software,2026-01-21 06:56:50,People also ask,200,400,400,2017-03-27,"Informational,Non-branded,Non-local",English,,
800,outsource software development to india,us,5,90,12.00,,outsourcing software development to india,2025-11-26 10:34:30,"AI Overview,Thumbnail,Sitelinks,People also ask,Top stories,Bottom ads,Paid sitelinks",150,90,90,2018-11-21,"Informational,Commercial,Non-branded,Non-local",English,,
801,boutique software development,us,0,90,11.00,,boutique software development company,2026-01-03 20:06:32,"People also ask,Sitelinks",100,20,20,2016-04-12,"Informational,Commercial,Non-branded,Non-local",English,,
802,managing a software development team,us,0,90,6.00,,software development team management,2025-12-20 16:27:15,Sitelinks,150,60,80,2017-07-21,"Informational,Non-branded,Non-local",English,,
803,professional development tracking software,us,2,90,9.00,,professional development tracking software,2025-12-29 14:51:56,Sitelinks,150,100,100,2016-10-01,"Informational,Commercial,Non-branded,Non-local",English,,
804,software development associate degree,us,4,90,9.00,,software engineer associate degree,2025-12-19 02:27:54,"AI Overview,Thumbnail,Sitelinks,People also ask",100,150,150,2016-05-31,"Informational,Non-branded,Non-local",English,,
805,custom software development houston tx,us,4,90,25.00,,custom software development company houston,2025-12-20 03:23:37,Knowledge panel,150,250,300,2020-05-19,"Informational,Commercial,Non-branded,Local",English,,
806,software development contractor,us,0,90,20.00,,software development contractor,2025-12-26 09:27:23,"Top ads,Paid sitelinks,Sitelinks,Top stories,People also ask,Bottom ads",150,90,90,2016-11-19,"Informational,Non-branded,Non-local",English,,
807,devops software development life cycle,us,7,90,2.00,,devops phases,2025-12-31 08:07:31,"AI Overview,Thumbnail,Sitelinks,People also ask",150,400,1200,2016-10-19,"Informational,Non-branded,Non-local",English,,
808,software development portfolio,us,6,90,2.50,,web developer portfolio,2026-01-02 10:57:44,"Sitelinks,Video preview,Top stories,Thumbnail",150,3600,10000,2016-10-26,"Informational,Non-branded,Non-local",English,,
809,software development team management,us,0,90,1.90,,managing a software development team,2025-12-30 08:28:03,"People also ask,Sitelinks,Top stories,Thumbnail",100,150,200,2016-05-28,"Informational,Non-branded,Non-local",English,,
810,software development major,us,2,90,3.50,,computer programming degree,2025-12-14 19:18:36,"People also ask,Sitelinks,Top stories,Thumbnail",200,60,60,2015-10-04,"Informational,Non-branded,Non-local",English,,
811,offshore outsourcing software development companies,us,9,90,35.00,,custom offshore software development services,2025-12-14 21:41:22,,90,700,700,2020-01-11,"Informational,Commercial,Non-branded,Non-local",English,,
812,agile software development best practices,us,3,90,2.00,,agile software development best practices,2025-12-30 04:35:48,Sitelinks,150,150,150,2016-07-14,"Informational,Non-branded,Non-local",English,,
813,software development costs tax treatment,us,3,90,4.50,,software development costs,2026-01-03 19:17:48,"AI Overview,Thumbnail,People also ask",150,350,350,2016-03-01,"Informational,Non-branded,Non-local",English,,
814,economic development software,us,3,90,3.50,,economic software,2025-12-24 19:57:29,"AI Overview,Thumbnail,Sitelinks,People also ask",150,0,0,2015-10-01,"Informational,Commercial,Non-branded,Non-local",English,,
815,software development boston,us,0,90,12.00,,software companies in boston,2026-01-07 13:59:02,"Local pack,People also ask,Sitelinks",150,200,200,2020-01-12,"Informational,Commercial,Non-branded,Local",English,,
816,denver software development,us,2,90,8.00,,denver software development,2026-01-16 11:23:04,"Local pack,People also ask,Thumbnail",150,300,300,2016-10-27,"Informational,Commercial,Non-branded,Local",English,,
817,virtual reality development software,us,4,90,3.00,,vr software,2025-12-31 03:02:19,"Sitelinks,Top stories,Thumbnail",100,700,1000,2016-09-27,"Informational,Non-branded,Non-local",English,,
818,biologics development services,us,0,90,7.00,,biologics development services,2025-11-28 20:13:02,,200,30,30,2015-11-23,"Informational,Non-branded,Non-local",English,,
819,software development requirements,us,7,90,1.20,,software requirements,2026-01-04 13:05:34,"AI Overview,Thumbnail,People also ask,Sitelinks,Top stories",300,250,1900,2015-12-16,"Informational,Non-branded,Non-local",English,"93, 84, 81, 114, 64, 60, 47, 62, 80, 100, 79, 68, 117, 113, 141, 112, 77, 52, 75, 96, 86, 50, 44, 89","88, 87, 95, 91, 79, 82, 83, 96, 103, 108, 96, 89, 89"
820,development outsourcing services,us,8,90,13.00,,software development outsourcing,2025-12-18 03:18:13,"People also ask,Sitelinks,Top stories,Thumbnail",100,7400,8700,2020-01-13,"Informational,Commercial,Non-branded,Non-local",English,,
821,software development companies in ukraine,us,6,90,30.00,,ukrainian software developers,2025-12-07 10:48:02,"Local pack,Sitelinks,People also ask",150,500,700,2019-04-14,"Informational,Commercial,Non-branded,Local",English,,
822,software development companies dallas,us,6,90,35.00,,software companies in dallas,2025-11-13 00:45:53,Local pack,100,500,500,2021-08-14,"Informational,Commercial,Non-branded,Local",English,,
823,new york software development,us,10,90,12.00,,new york software development company,2025-12-17 18:13:39,"Local pack,Sitelinks,Top stories,Thumbnail,Video preview",150,1700,1900,2017-09-10,"Informational,Non-branded,Local",English,,
824,magento e-commerce development services,us,8,90,15.00,,magento development services,2025-12-24 08:35:06,,250,5200,6800,2021-10-23,"Informational,Commercial,Branded,Non-local",English,,
825,how to manage a software development project,us,2,90,4.50,,how to manage a software development project,2025-11-23 04:34:18,"Sitelinks,People also ask,Top stories",150,40,60,2016-02-15,"Informational,Non-branded,Non-local",English,,
826,management of software development,us,2,90,3.50,,project management software development,2025-11-22 18:50:58,"AI Overview,Thumbnail,Sitelinks,People also ask,Top stories",100,800,1200,2017-10-03,"Informational,Non-branded,Non-local",English,,
827,innovation software development,us,5,90,2.50,,innovation in software development,2025-12-23 05:33:41,"People also ask,Sitelinks,Top stories,Thumbnail",100,100,100,2020-01-10,"Informational,Non-branded,Non-local",English,,
828,software development companies in the philippines,us,0,90,15.00,,software development company philippines,2025-12-29 10:15:56,"Sitelinks,Local pack,People also ask",150,50,350,2017-11-02,"Informational,Commercial,Non-branded,Local",English,,
829,software development company florida,us,4,90,11.00,,software companies in florida,2025-12-31 09:10:45,"Local pack,Sitelinks",150,150,150,2020-01-10,"Informational,Commercial,Non-branded,Local",English,,
830,ms in software development,us,10,90,6.00,,ms in software development,2025-12-22 12:13:32,"Sitelinks,People also ask",100,100,100,2015-09-19,"Informational,Non-branded,Non-local",English,,
831,software development collaboration tool,us,4,90,8.00,,collaborative project management software,2025-12-16 00:17:19,"Sitelinks,People also ask",100,1900,86000,2020-07-29,"Informational,Commercial,Non-branded,Non-local",English,,
832,bachelor of science in software development,us,7,90,7.00,,degree in software development,2025-12-20 06:40:33,"People also ask,Top stories,Sitelinks",150,400,450,2015-11-16,"Informational,Non-branded,Non-local",English,,
833,software development process improvement,us,1,90,4.50,,software process improvement,2025-12-26 03:32:32,"Sitelinks,People also ask",100,70,70,2016-05-13,"Informational,Non-branded,Non-local",English,,
834,software development frameworks,us,6,90,3.50,,examples of frameworks,2025-12-28 17:00:17,"Sitelinks,People also ask,Top stories,Thumbnail",250,300,700,2015-10-28,"Informational,Non-branded,Non-local",English,"424, 197, 431, 132, 2252, 119, 102, 100, 100, 124, 120, 79, 124, 88, 109, 113, 87, 83, 87, 70, 69, 83, 65, 134","137, 136, 117, 208, 318, 111, 119, 153, 96, 134, 50, 142, 142"
835,software development company in singapore,us,3,90,9.00,,software development company singapore,2026-01-10 19:44:55,"Local pack,People also ask",400,60,350,2020-01-11,"Informational,Commercial,Non-branded,Local",English,,
836,software development companies canada,us,10,90,10.00,,software companies in canada,2025-12-31 06:38:07,"Local pack,Sitelinks",150,450,1300,2020-01-12,"Informational,Commercial,Non-branded,Non-local",English,,
837,how to start software development,us,6,90,5.00,,how to become a software developer,2025-12-24 04:48:38,"AI Overview,Thumbnail,Sitelinks,People also ask,Discussions,Top stories",150,2200,2900,2015-12-22,"Informational,Non-branded,Non-local",English,,
838,software development trends 2023,us,0,90,2.50,,software development trends 2023,2025-11-30 15:09:54,Sitelinks,100,10,10,2022-08-07,"Informational,Non-branded,Non-local",English,,
839,software development planning template,us,5,90,3.50,,software project planning template,2025-12-29 17:39:02,"Top ads,Sitelinks,Thumbnail,People also ask,Bottom ads,Paid sitelinks",150,600,700,2020-02-06,"Informational,Non-branded,Non-local",English,,
840,software development company in california,us,0,90,10.00,,software development company california,2026-01-09 01:35:18,Local pack,150,250,300,2018-08-07,"Informational,Commercial,Non-branded,Local",English,,
841,software development practices,us,7,90,1.30,1.21,software development best practices,2025-12-31 14:49:48,"AI Overview,Thumbnail,Sitelinks,People also ask,Discussions",250,900,1400,2015-10-04,"Informational,Non-branded,Non-local",English,"75, 87, 63, 147, 255, 251, 206, 170, 304, 368, 118, 66, 77, 48, 77, 65, 58, 84, 54, 70, 224, 146, 106, 93","111, 97, 95, 102, 118, 106, 106, 106, 154, 130, 104, 93, 111"
842,nashville software development,us,3,90,5.00,,nashville software development,2026-01-09 02:14:32,"Local pack,People also ask,Thumbnail",200,600,600,2016-07-14,"Informational,Non-branded,Local",English,,
843,small business custom software development,us,6,90,13.00,,custom business software,2025-11-20 09:06:26,"Sitelinks,People also ask",100,1200,1200,2020-01-19,"Informational,Commercial,Non-branded,Non-local",English,,
844,custom salesforce software developer,us,1,80,18.00,,custom app development,2025-12-27 17:41:48,"Sitelinks,People also ask",100,4300,7000,2023-07-14,"Informational,Commercial,Branded,Non-local",English,,
845,security software development life cycle,us,10,80,7.00,,sdlc security,2025-12-22 10:38:43,"AI Overview,Thumbnail,Sitelinks,People also ask,Video preview",200,1500,1800,2015-09-27,"Informational,Non-branded,Non-local",English,"42, 52, 53, 50, 43, 52, 64, 31, 33, 42, 45, 64, 70, 61, 65, 69, 102, 134, 94, 68, 72, 75, 77, 77","77, 76, 75, 74, 79, 84, 81, 74, 77, 81, 83, 82, 83"
846,custom software development in dallas,us,9,80,12.00,,custom software company,2025-12-27 14:00:53,"Local pack,Sitelinks",100,1800,1800,2016-12-18,"Informational,Commercial,Non-branded,Local",English,,
847,software development companies milwaukee,us,0,80,5.00,,software development companies milwaukee,2025-12-30 19:51:02,"Local pack,Sitelinks",90,100,100,2020-01-19,"Informational,Commercial,Non-branded,Local",English,,
848,software development companies florida,us,3,80,7.00,,software companies in florida,2025-11-16 19:33:45,"Local pack,Sitelinks",100,150,200,2020-05-01,"Informational,Commercial,Non-branded,Local",English,,
849,life science software development,us,1,80,2.50,,life sciences software development,2026-01-01 11:37:47,Sitelinks,150,60,60,2020-01-11,"Informational,Non-branded,Non-local",English,,
850,bubble software development,us,8,80,1.30,,bubble,2026-01-22 07:44:08,"Sitelinks,People also ask,Top stories,Thumbnail",100,20000,145000,2020-04-05,"Informational,Branded,Non-local",English,,
851,software development in australia,us,4,80,4.00,,software development in australia,2025-12-26 06:23:47,"Sitelinks,People also ask,Thumbnail",250,30,150,2018-06-12,"Informational,Non-branded,Local",English,,
852,hotel development services,us,0,80,25.00,,hotel development,2025-11-17 18:13:43,"Knowledge panel,Bottom ads,Paid sitelinks",150,70,70,2016-01-21,"Informational,Non-branded,Non-local",English,,
853,software development apprenticeships,us,2,80,2.50,,software engineer apprenticeship,2025-12-14 22:28:38,"Top stories,Thumbnail,People also ask",350,300,300,2016-05-20,"Informational,Non-branded,Non-local",English,"115, 109, 109, 110, 116, 111, 102, 107, 132, 127, 111, 82, 82, 80, 79, 82, 87, 84, 75, 81, 107, 103, 86, 58","59, 58, 57, 60, 66, 63, 54, 62, 87, 84, 68, 40, 42"
854,risk assessment software development,us,2,80,4.00,,risk assessment software development,2025-11-18 01:35:36,"AI Overview,Thumbnail,Sitelinks,People also ask",150,20,100,2015-11-20,"Informational,Non-branded,Non-local",English,,
855,chatgpt software development,us,1,80,2.50,,chatgpt software development,2025-12-22 08:53:05,"Sitelinks,Top stories,Thumbnail,Video preview,People also ask",150,10,10,2022-12-15,"Informational,Branded,Non-local",English,,
856,software development company in sydney,us,1,80,8.00,,software development company in sydney,2026-01-18 18:06:28,"Local pack,Sitelinks",350,150,200,2021-06-30,"Informational,Commercial,Non-branded,Local",English,,
857,software development philippines,us,0,80,9.00,,software development companies in the philippines,2026-01-05 13:28:40,"Sitelinks,People also ask,Top stories,Video preview,Bottom ads,Paid sitelinks",200,70,250,2020-01-13,"Informational,Non-branded,Non-local",English,,
858,best game development software for beginners,us,1,80,1.40,0.84,which game engine should i use tportgametek,2025-12-20 02:43:24,"Sitelinks,AI Overview,People also ask,Discussions,Video preview,Top stories,Thumbnail",150,800,1100,2015-10-23,"Informational,Non-branded,Non-local",English,"97, 93, 92, 87, 90, 93, 99, 79, 84, 66, 94, 92, 91, 74, 80, 83, 82, 67, 82, 70, 79, 80, 61, 78","78, 64, 71, 68, 68, 77, 76, 84, 78, 79, 76, 78, 78"
859,bioprocess development services,us,1,80,8.00,,bioprocess development services,2025-12-22 06:30:33,People also ask,90,10,10,2021-10-06,"Informational,Non-branded,Non-local",English,,
860,custom software reseller program,us,0,80,6.00,,software reseller program,2025-12-28 10:20:05,,150,300,400,2023-08-30,"Informational,Commercial,Non-branded,Non-local",English,,
861,outsourcing software development costs,us,1,80,10.00,,cost of outsourcing software development,2025-12-01 12:35:15,"Sitelinks,People also ask",100,30,30,2016-01-06,"Informational,Non-branded,Non-local",English,,
862,product development software companies,us,7,80,30.00,,product development software,2025-11-16 01:14:26,"AI Overview,Thumbnail,Sitelinks,People also ask",150,700,1000,2020-01-21,"Informational,Commercial,Non-branded,Non-local",English,,
863,software development miami,us,0,80,17.00,,custom software miami,2026-01-18 03:58:17,"Local pack,People also ask,Thumbnail,Sitelinks",100,150,150,2016-06-24,"Informational,Commercial,Non-branded,Local",English,,
864,project management software for real estate development,us,1,80,20.00,,real estate development software,2025-12-15 15:47:16,"Sitelinks,People also ask",90,700,700,2018-06-17,"Informational,Commercial,Non-branded,Non-local",English,,
865,jira workflow for software development,us,5,80,4.00,,jira workflow,2025-12-15 08:03:41,"Sitelinks,Discussions,People also ask",250,900,1600,2017-06-23,"Informational,Branded,Non-local",English,,
866,environments in software development,us,5,80,5.00,,environments in software development,2025-12-15 08:19:49,"AI Overview,Thumbnail,People also ask,Sitelinks",150,90,150,2016-05-11,"Informational,Non-branded,Non-local",English,,
867,software development company philippines,us,3,80,15.00,,software development companies in the philippines,2026-01-21 02:06:02,"Local pack,People also ask,Sitelinks",250,100,250,2020-01-11,"Informational,Commercial,Non-branded,Local",English,,
868,software development audit,us,0,80,6.00,,software development audit,2025-12-23 07:30:36,"Featured snippet,People also ask,Sitelinks",150,30,30,2020-01-09,"Informational,Non-branded,Non-local",English,,
869,software development life cycle vs agile,us,0,80,6.00,,sdlc and agile methodology,2025-12-22 10:28:02,"AI Overview,Thumbnail,Sitelinks,People also ask,Top stories",100,200,300,2017-02-16,"Informational,Non-branded,Non-local",English,,
870,best online software development degree,us,8,80,9.00,1.32,best online software engineering degree,2025-12-17 09:15:03,"Sitelinks,AI Overview,Discussions,People also ask",100,400,400,2017-02-11,"Informational,Non-branded,Non-local",English,"48, 58, 75, 75, 76, 80, 107, 95, 89, 125, 123, 281, 190, 70, 84, 67, 67, 67, 67, 50, 62, 48, 59, 73","64, 66, 72, 68, 63, 55, 58, 72, 61, 61, 53, 74, 65"
871,software development challenges and solutions,us,0,80,3.00,,software development challenges and solutions,2026-01-03 17:23:47,"People also ask,Thumbnail,Sitelinks",150,20,20,2017-09-13,"Informational,Non-branded,Non-local",English,,
872,sales development software,us,4,80,9.00,,sdr tools,2025-12-29 17:53:38,"People also ask,Sitelinks,Top stories,Thumbnail",150,100,100,2015-10-04,"Informational,Commercial,Non-branded,Non-local",English,,
873,chat gpt software development,us,0,80,6.00,,chat gpt developer,2026-01-02 05:46:02,"Sitelinks,People also ask,Discussions,Top stories,Thumbnail",150,10,20,2022-12-20,"Informational,Branded,Non-local",English,,
874,rfp template for software development,us,2,80,1.90,,rfp software template,2026-01-05 05:29:12,Sitelinks,150,350,400,2019-09-09,"Informational,Non-branded,Non-local",English,,
875,software development intern,us,4,80,1.40,0.71,software development internships,2026-01-16 03:49:03,People also ask,300,250,250,2015-10-11,"Informational,Non-branded,Non-local",English,,
876,project plan for software development,us,1,80,4.00,,software project plan,2025-12-20 04:06:48,"Sitelinks,People also ask",150,500,600,2016-04-02,"Informational,Non-branded,Non-local",English,,
877,software development methodologies list,us,8,80,1.10,,software development methodologies,2026-01-05 18:10:53,"AI Overview,Thumbnail,People also ask,Sitelinks",100,1400,3100,2015-10-19,"Informational,Non-branded,Non-local",English,,
878,software development company in europe,us,7,80,17.00,,software development company in europe,2025-12-26 10:10:01,"Local pack,Sitelinks",100,40,70,2017-12-26,"Informational,Commercial,Non-branded,Non-local",English,,
879,nj custom software development,us,1,80,15.00,,custom software development new jersey,2026-01-03 17:15:27,"Local pack,Sitelinks,Bottom ads,Paid sitelinks",90,70,70,2020-01-19,"Informational,Commercial,Non-branded,Local",English,,
880,r&d tax credits software development,us,2,80,4.50,,r&d tax credit software,2025-11-28 20:46:52,People also ask,250,400,400,2020-01-13,"Informational,Non-branded,Non-local",English,,
881,database development services in usa,us,5,80,13.00,,custom database development company,2025-12-29 16:16:47,"Sitelinks,Local pack",100,450,450,2022-02-20,"Informational,Commercial,Non-branded,Local",English,,
882,jira software development workflow,us,3,80,2.00,,jira workflow,2025-11-29 00:36:49,"Sitelinks,Video preview",150,900,1600,2015-11-24,"Informational,Branded,Non-local",English,,
883,embedded software development process,us,1,80,2.50,,embedded software development process,2025-12-23 22:36:25,"Sitelinks,People also ask",200,100,200,2017-01-15,"Informational,Non-branded,Non-local",English,,
884,digital transformation software development,us,1,80,6.00,,digital transformation software development,2026-01-04 20:03:03,"People also ask,Sitelinks",100,30,30,2020-01-14,"Informational,Non-branded,Non-local",English,,
885,v-model software development,us,4,80,3.00,,v model,2025-12-30 19:53:25,"AI Overview,Thumbnail,People also ask,Sitelinks",250,700,7700,2015-10-24,"Informational,Non-branded,Non-local",English,,
886,example of software development,us,4,80,2.00,,examples of software development,2025-12-24 11:26:32,"AI Overview,Thumbnail,People also ask,Sitelinks",150,250,800,2016-01-12,"Informational,Non-branded,Non-local",English,,
887,outsourcing software testing services,us,8,80,25.00,,qa outsourcing,2026-01-06 12:13:27,"Sitelinks,Bottom ads,Paid sitelinks",150,2800,3100,2020-01-13,"Informational,Commercial,Non-branded,Non-local",English,,
888,best jira workflow for software development,us,1,80,3.00,,workflow examples,2025-12-30 14:45:19,"Sitelinks,Discussions",250,1200,1800,2018-05-08,"Informational,Branded,Non-local",English,,
889,software development in automotive industry,us,1,80,4.00,,automotive software development,2025-12-26 19:56:32,Sitelinks,200,350,400,2015-11-29,"Informational,Non-branded,Non-local",English,,
890,software development documentation best practices,us,6,80,4.00,,software documentation best practices,2026-01-07 04:46:29,"Sitelinks,People also ask",150,300,400,2015-10-20,"Informational,Non-branded,Non-local",English,,
891,what is embedded software development,us,6,80,1.80,,embedded engineering,2025-12-30 11:17:48,"AI Overview,Thumbnail,Sitelinks,People also ask,Top stories",150,600,1000,2015-10-03,"Informational,Non-branded,Non-local",English,,
892,software development companies san francisco,us,1,80,10.00,,software companies in san francisco,2026-01-07 07:45:24,"Local pack,Sitelinks,People also ask",100,300,300,2018-06-28,"Informational,Commercial,Non-branded,Local",English,,
893,agile software development metrics,us,6,80,1.90,,agile metrics,2026-01-08 02:51:35,"People also ask,Sitelinks",150,1400,2000,2016-05-18,"Informational,Non-branded,Non-local",English,,
894,on demand software development,us,1,80,13.00,,on demand software development,2025-12-15 20:49:39,"People also ask,Sitelinks",200,60,60,2018-05-25,"Informational,Commercial,Non-branded,Non-local",English,,
895,professional services software development,us,7,80,10.00,,professional services software development,2026-01-02 12:43:48,"People also ask,Sitelinks,Local pack",100,80,90,2020-01-11,"Informational,Non-branded,Non-local",English,,
896,agile software development team structure,us,9,80,1.60,,development team structure,2025-12-17 10:57:24,"Sitelinks,People also ask",150,300,400,2018-10-19,"Informational,Non-branded,Non-local",English,,
897,value stream mapping software development,us,3,80,5.00,,value stream map,2025-11-10 15:14:12,"AI Overview,Thumbnail,Sitelinks,People also ask",150,250,350,2016-10-22,"Informational,Non-branded,Non-local",English,,
898,companies looking to outsource software development,us,1,80,1.00,,outsource software development company,2025-12-31 21:20:02,"People also ask,Sitelinks",100,5300,6300,2020-01-07,"Informational,Commercial,Non-branded,Non-local",English,,
899,full-stack web development services,us,3,70,8.00,,full stack development services,2025-11-19 14:18:53,"Sitelinks,People also ask",150,600,700,2022-11-21,"Informational,Commercial,Non-branded,Non-local",English,,
900,software development strategies,us,2,70,2.50,,software development methodologies,2026-01-03 16:55:32,"AI Overview,Sitelinks,People also ask,Top stories,Thumbnail",150,600,1200,2015-09-25,"Informational,Non-branded,Non-local",English,,
901,fast software development,us,0,70,4.00,,how to improve software development process,2026-01-04 22:55:03,"AI Overview,Thumbnail,Sitelinks,People also ask,Top stories",150,40,40,2016-11-15,"Informational,Non-branded,Non-local",English,,
902,principles of software development,us,3,70,1.00,,software development principles,2026-01-03 06:09:27,"AI Overview,Thumbnail,Sitelinks,People also ask,Bottom ads,Paid sitelinks",150,50,100,2015-11-29,"Informational,Non-branded,Non-local",English,,
903,construction erp software development,us,1,70,11.00,,construction erp,2025-12-30 05:20:34,"Sitelinks,People also ask",90,4200,6800,2022-09-16,"Informational,Non-branded,Non-local",English,,
904,offshoring software development,us,10,70,9.00,,offshore programming,2026-01-16 06:12:43,"Sitelinks,Top stories,Thumbnail",350,700,1000,2020-01-08,"Informational,Non-branded,Non-local",English,"48, 45, 35, 57, 139, 78, 159, 159, 138, 86, 71, 75, 118, 119, 95, 62, 66, 79, 61, 54, 60, 56, 54, 67","61, 75, 50, 56, 63, 52, 63, 63, 63, 59, 57, 70, 63"
905,software development houston tx,us,5,70,15.00,,software development houston,2026-01-21 02:52:17,"Local pack,People also ask,Thumbnail",100,350,400,2020-01-10,"Informational,Commercial,Non-branded,Local",English,,
906,agile software development cycle,us,7,70,2.50,,agile sdlc,2025-12-31 07:10:53,"AI Overview,Thumbnail,Sitelinks,People also ask,Top stories",250,1100,2800,2015-09-13,"Informational,Non-branded,Non-local",English,,
907,onshore and offshore software development,us,0,70,12.00,,onshore software development,2026-01-02 03:38:49,"Sitelinks,People also ask,Top stories,Thumbnail",150,30,30,2016-03-27,"Informational,Non-branded,Non-local",English,,
908,rapid development software,us,2,70,4.00,,rapid application development,2026-01-06 18:41:18,"AI Overview,Thumbnail,Sitelinks,People also ask",100,1600,3100,2015-09-29,"Informational,Non-branded,Non-local",English,,
909,software development risk management,us,2,70,4.00,,software development risk management,2025-12-29 15:00:32,"AI Overview,Thumbnail,Sitelinks,People also ask,Top stories",100,70,150,2016-12-01,"Informational,Non-branded,Non-local",English,,
910,car software development,us,2,70,4.00,,automotive software development services,2025-11-29 05:03:36,"AI Overview,Thumbnail,Sitelinks,People also ask",100,700,800,2020-01-14,"Informational,Non-branded,Non-local",English,,
911,software development 101,us,5,70,2.00,,software development for beginners,2025-12-23 16:58:55,"AI Overview,Thumbnail,Sitelinks,People also ask",90,200,600,2016-02-02,"Informational,Non-branded,Non-local",English,,
912,custom software cost,us,3,70,5.00,,custom software development pricing,2025-12-27 09:03:02,"AI Overview,Thumbnail,Sitelinks,People also ask",90,250,300,2016-09-01,"Informational,Non-branded,Non-local",English,,
913,software development company atlanta,us,2,70,12.00,,software development companies in atlanta,2026-01-10 00:29:37,"Local pack,Sitelinks",100,150,150,2017-11-29,"Informational,Commercial,Non-branded,Local",English,,
914,proposal software development,us,3,70,4.50,,proposal software development,2026-01-01 05:04:40,Sitelinks,150,80,100,2020-01-11,"Informational,Non-branded,Non-local",English,,
915,product development process software,us,8,70,5.00,,product development software,2025-12-30 22:28:03,Sitelinks,100,700,1100,2016-01-12,"Informational,Non-branded,Non-local",English,,
916,software development vs web development,us,1,70,3.00,1.29,web development vs software development,2025-11-20 10:26:11,"AI Overview,Thumbnail,Sitelinks,People also ask",250,450,700,2015-11-19,"Informational,Non-branded,Non-local",English,,
917,outsource software development cost,us,2,70,10.00,,how much does it cost to outsource software development,2025-12-18 01:18:04,"People also ask,Sitelinks",100,200,250,2020-01-07,"Informational,Commercial,Non-branded,Non-local",English,,
918,web development services list,us,3,70,4.00,,services web development,2026-01-01 15:02:17,"Sitelinks,People also ask,Top stories,Thumbnail",250,150,1200,2015-11-10,"Informational,Non-branded,Non-local",English,,
919,prototype software development,us,5,70,5.00,,prototyping development,2025-12-29 07:22:28,"Sitelinks,People also ask,Top stories,Thumbnail",100,150,300,2015-12-01,"Informational,Non-branded,Non-local",English,,
920,software development companies in singapore,us,0,70,9.00,,software development company singapore,2026-01-10 04:23:02,"Local pack,People also ask",250,60,350,2020-01-11,"Informational,Commercial,Non-branded,Local",English,,
921,embedded systems software development tools,us,1,70,4.50,,embedded software development tools,2025-12-23 04:45:51,"Sitelinks,People also ask,Top stories,Thumbnail",100,150,250,2020-01-24,"Informational,Non-branded,Non-local",English,,
922,programming & software development,us,3,70,7.00,,programming and software development,2025-12-22 00:24:04,"AI Overview,Thumbnail,People also ask,Sitelinks,Top stories,Video preview",80,150,150,2018-03-27,"Informational,Non-branded,Non-local",English,,
923,software development canada,us,4,70,7.00,,software companies in canada,2025-12-28 02:14:47,"People also ask,Sitelinks,Top stories,Thumbnail",150,450,1300,2018-07-04,"Informational,Non-branded,Non-local",English,,
924,software development kpi,us,2,70,3.00,,software kpis,2025-12-30 20:31:02,"AI Overview,Thumbnail,Sitelinks,People also ask",200,700,800,2015-11-04,"Informational,Non-branded,Non-local",English,"53, 53, 51, 49, 50, 40, 45, 148, 53, 66, 64, 78, 92, 86, 128, 125, 105, 60, 49, 43, 70, 28, 33, 41","46, 41, 45, 41, 40, 44, 43, 67, 45, 44, 41, 41, 46"
925,root cause analysis software development,us,10,70,3.00,,rca in software,2025-11-25 00:25:22,"AI Overview,Thumbnail,Sitelinks,People also ask,Top stories",150,450,1200,2017-02-26,"Informational,Non-branded,Non-local",English,,
926,custom software development dallas tx,us,6,70,12.00,,custom application development company,2026-01-03 18:42:02,"Local pack,Sitelinks,Thumbnail",90,800,800,2020-01-10,"Informational,Commercial,Non-branded,Local",English,,
927,software development basics,us,5,70,1.20,,software development basics,2025-11-27 17:09:37,"AI Overview,Thumbnail,Sitelinks,People also ask,Top stories",150,20,30,2016-04-11,"Informational,Non-branded,Non-local",English,"54, 53, 55, 69, 56, 45, 46, 49, 46, 47, 41, 47, 71, 35, 57, 60, 60, 77, 110, 67, 63, 63, 65, 63","79, 73, 75, 66, 65, 60, 68, 60, 69, 69, 74, 63, 79"
928,xamarin application development services,us,1,70,12.00,,xamarin application development company,2025-12-18 03:20:45,Sitelinks,200,500,600,2020-01-13,"Informational,Commercial,Branded,Non-local",English,,
929,software development methodology example,us,6,70,1.00,,software development methodologies,2026-01-02 21:25:31,"AI Overview,Thumbnail,People also ask,Sitelinks,Top stories",150,1400,3100,2016-04-20,"Informational,Non-branded,Non-local",English,,
930,back-end development services,us,4,70,8.00,,backend development services,2025-12-30 08:54:29,"AI Overview,Thumbnail,People also ask,Sitelinks,Bottom ads,Paid sitelinks",300,600,700,2020-01-09,"Informational,Commercial,Non-branded,Non-local",English,"67, 64, 65, 67, 73, 74, 63, 71, 64, 63, 62, 67, 75, 72, 73, 75, 82, 83, 70, 79, 71, 70, 69, 75","83, 80, 81, 83, 91, 92, 77, 87, 79, 77, 76, 82, 91"
931,software development request for proposal,us,1,70,6.00,,rfp software template,2026-01-05 12:26:01,Sitelinks,150,350,400,2019-04-30,"Informational,Non-branded,Non-local",English,"20, 13, 16, 20, 22, 27, 23, 24, 35, 39, 37, 39, 39, 86, 108, 130, 110, 58, 58, 83, 74, 46, 47, 49","54, 63, 76, 76, 73, 48, 47, 52, 50, 46, 49, 49, 54"
932,software development activities,us,0,70,6.00,,software development activities,2026-01-03 20:33:02,"People also ask,Discussions,Sitelinks",150,10,30,2016-05-05,"Informational,Non-branded,Non-local",English,,
933,software development company in houston,us,2,70,9.00,,software development houston,2026-01-06 16:50:02,"Local pack,Sitelinks,Bottom ads,Paid sitelinks",100,350,400,2020-01-11,"Informational,Commercial,Non-branded,Local",English,,
934,cosmetic product development software,us,7,70,7.00,,goodface,2025-12-15 17:34:32,"Sitelinks,People also ask",300,450,600,2020-01-09,"Informational,Commercial,Non-branded,Non-local",English,,
935,software development standards,us,3,70,2.00,1.23,software development best practices,2026-01-07 20:54:21,"AI Overview,Thumbnail,Sitelinks,People also ask",250,800,1300,2015-12-01,"Informational,Non-branded,Non-local",English,"96, 110, 110, 89, 111, 92, 96, 57, 93, 75, 75, 71, 74, 75, 102, 96, 67, 55, 90, 48, 67, 71, 53, 62","69, 69, 65, 65, 61, 72, 67, 64, 73, 72, 68, 61, 68"
936,custom software systems,us,4,70,2.50,,custom software solutions,2026-01-11 13:21:09,"Sitelinks,People also ask,Knowledge panel",150,1000,1000,2015-09-12,"Informational,Branded,Non-local",English,,
937,software development project manager,us,1,70,3.00,,software project manager,2026-01-06 17:42:55,"Sitelinks,People also ask",150,150,200,2015-10-05,"Informational,Non-branded,Non-local",English,"54, 36, 45, 53, 45, 43, 46, 38, 49, 59, 40, 41, 56, 75, 114, 115, 74, 38, 28, 36, 174, 65, 38, 65","77, 78, 84, 75, 60, 53, 51, 62, 74, 70, 57, 61, 76"
938,personal development software,us,6,70,1.40,,personal development tools,2026-01-01 00:51:01,Sitelinks,150,30,30,2016-11-23,"Informational,Commercial,Non-branded,Non-local",English,,
939,eastern europe software outsourcing,us,3,70,55.00,,software development outsourcing eastern europe,2025-12-23 17:47:42,"Sitelinks,Video preview",200,500,500,2020-01-09,"Informational,Non-branded,Non-local",English,"65, 60, 62, 62, 65, 70, 72, 77, 66, 69, 73, 67, 70, 64, 67, 66, 69, 74, 77, 81, 70, 73, 77, 71","74, 69, 71, 71, 74, 79, 82, 86, 75, 78, 82, 76, 79"
940,cutting edge software development,us,2,70,2.00,,cutting edge software development,2025-12-24 17:15:24,"Sitelinks,People also ask,Top stories,Thumbnail",100,10,20,2020-02-03,"Informational,Non-branded,Non-local",English,,
941,software outsourcing in india,us,5,70,12.00,,outsourcing software development to india,2026-01-05 01:10:53,"Sitelinks,Top stories,Thumbnail",100,200,200,2020-01-07,"Informational,Non-branded,Local",English,,
942,software development companies in california,us,2,70,10.00,,software development company california,2025-12-20 06:31:57,"Local pack,Sitelinks,People also ask",100,250,300,2015-11-26,"Informational,Commercial,Non-branded,Local",English,,
943,best software for mobile app development,us,3,70,4.50,,mobile app development,2025-12-14 22:34:50,"AI Overview,Thumbnail,Sitelinks,Discussions,People also ask",100,11000,13000,2016-02-28,"Informational,Non-branded,Non-local",English,,
944,security testing for software development,us,10,70,4.00,,security testing,2026-01-08 04:28:02,"People also ask,Sitelinks",100,1200,2500,2020-04-14,"Informational,Non-branded,Non-local",English,,
945,okr in software development,us,7,70,5.00,,software okr examples,2026-01-05 12:23:48,"Sitelinks,People also ask,Thumbnail",150,300,300,2020-01-09,"Informational,Non-branded,Non-local",English,,
946,how to get started in software development,us,1,70,7.00,,how to become a software developer,2025-12-17 11:43:03,"AI Overview,Thumbnail,Sitelinks,People also ask,Discussions,Top stories",80,2000,2800,2016-02-12,"Informational,Non-branded,Non-local",English,,
947,dallas custom software,us,2,70,15.00,,custom software development company,2025-12-17 18:13:24,"Local pack,Sitelinks",80,2100,2100,2016-09-22,"Informational,Commercial,Non-branded,Local",English,,
948,best practices in security testing for software development,us,2,70,7.00,,best practices in security testing for software development,2026-01-01 13:03:03,"Sitelinks,Discussions,People also ask",100,10,10,2016-01-25,"Informational,Non-branded,Non-local",English,,
949,bachelor's in software development,us,10,70,10.00,,wgu software engineering,2025-12-29 18:05:26,"Sitelinks,People also ask",100,7300,7700,2019-03-14,"Informational,Non-branded,Non-local",English,,
950,capitalization of software development costs,us,2,70,10.00,,software capitalization,2025-12-30 16:33:41,"AI Overview,Thumbnail,People also ask,Top stories",100,1300,1300,2015-10-09,"Informational,Non-branded,Non-local",English,,
951,nda software development,us,2,70,3.50,,nda for software development,2025-12-17 22:08:48,Sitelinks,100,100,100,2016-03-28,"Informational,Non-branded,Non-local",English,,
952,agile software development principles patterns and practices,us,3,70,4.00,0.73,agile software development principles patterns and practices,2025-12-26 01:53:42,People also ask,350,50,100,2015-09-13,"Informational,Non-branded,Non-local",English,"66, 66, 68, 69, 67, 54, 65, 63, 109, 83, 76, 67, 95, 76, 93, 76, 81, 65, 78, 75, 45, 32, 29, 52","57, 58, 70, 71, 58, 51, 54, 63, 75, 70, 52, 50, 55"
953,software development new york city,us,9,70,12.00,,new york software development company,2026-01-06 04:03:10,"Local pack,Thumbnail,People also ask,Sitelinks",90,1600,1800,2020-01-09,"Informational,Commercial,Non-branded,Local",English,,
954,software development companies california,us,1,70,10.00,,software companies in california,2026-01-03 04:24:03,"Local pack,People also ask,Sitelinks",90,60,70,2020-02-02,"Informational,Commercial,Non-branded,Local",English,,
955,software development companies in dallas,us,4,70,9.00,,software companies in dallas,2025-11-29 18:23:23,Local pack,100,600,700,2016-10-26,"Informational,Commercial,Non-branded,Local",English,"74, 60, 49, 59, 68, 57, 61, 47, 50, 60, 50, 46, 56, 55, 147, 100, 73, 60, 52, 57, 87, 62, 56, 72","74, 66, 69, 62, 59, 69, 65, 64, 68, 66, 70, 72, 74"
956,software design and development services,us,5,60,16.00,,software design and development services,2026-01-01 00:52:02,"Sitelinks,People also ask",100,10,10,2020-01-13,"Informational,Commercial,Non-branded,Non-local",English,,
957,accelerate software development,us,1,60,4.50,,accelerate book,2026-01-16 20:00:38,"Sitelinks,People also ask,Top stories,Thumbnail",100,250,300,2017-09-29,"Informational,Non-branded,Non-local",English,,
958,r&d credit for software development,us,3,60,4.00,,r&d tax credit software,2025-12-31 00:28:33,People also ask,200,400,400,2016-03-25,"Informational,Non-branded,Non-local",English,,
959,agile software development pros and cons,us,5,60,1.70,,benefits of agile software development,2026-01-03 22:54:02,"People also ask,Sitelinks",90,600,1100,2016-12-15,"Informational,Non-branded,Non-local",English,,
960,website and software development,us,4,60,7.00,,software developer vs web developer,2025-12-26 01:00:55,"AI Overview,Thumbnail,Sitelinks,People also ask,Top stories",200,450,600,2018-05-25,"Informational,Non-branded,Non-local",English,,
961,prototyping software development,us,3,60,5.00,,prototype software development,2025-12-30 08:26:03,"AI Overview,Thumbnail,Sitelinks,People also ask,Video preview",100,150,350,2015-09-15,"Informational,Non-branded,Non-local",English,,
962,software development toronto,us,0,60,8.00,,software development toronto,2025-11-28 08:38:03,"Local pack,People also ask",300,30,250,2016-11-20,"Informational,Non-branded,Local",English,,
963,software development help,us,3,60,18.00,,software development help,2025-12-27 19:10:27,"Discussions,People also ask,Sitelinks,Top stories,Thumbnail",70,10,250,2020-01-09,"Informational,Non-branded,Non-local",English,,
964,requirements gathering for software development,us,3,60,1.70,,requirement gathering in software engineering,2025-12-26 18:11:02,"Sitelinks,People also ask",60,500,1400,2015-09-11,"Informational,Non-branded,Non-local",English,,
965,software development estimation template,us,0,60,2.00,,software development estimation template,2026-01-05 07:44:56,Sitelinks,100,50,60,2017-04-27,"Informational,Non-branded,Non-local",English,"58, 56, 54, 51, 67, 58, 56, 48, 48, 52, 57, 53, 58, 56, 54, 51, 67, 58, 57, 49, 49, 52, 57, 53","58, 56, 54, 51, 67, 58, 57, 49, 49, 52, 57, 53, 58"
966,custom meat processing software,us,1,60,7.00,,custom meat solutions,2025-12-22 20:07:26,"Sitelinks,Discussions",80,300,300,2018-04-20,"Informational,Commercial,Non-branded,Non-local",English,,
967,software development companies in kansas city,us,1,60,6.00,,software development companies in kansas city,2025-11-27 13:14:50,"Local pack,People also ask,Sitelinks",80,100,100,2015-11-24,"Informational,Non-branded,Local",English,,
968,software development qa,us,6,60,2.50,,software qa,2025-12-17 13:22:51,"AI Overview,Thumbnail,People also ask,Sitelinks,Top stories",90,1100,3100,2017-03-02,"Informational,Non-branded,Non-local",English,,
969,getting into software development,us,3,60,5.00,,how to become a software developer,2026-01-03 07:50:28,"AI Overview,Thumbnail,Sitelinks,Discussions,People also ask,Top stories",100,2200,2900,2016-05-09,"Informational,Non-branded,Non-local",English,,
970,proposal for software development,us,2,60,4.50,,software project proposal,2026-01-07 11:28:27,"Sitelinks,Discussions",150,150,150,2015-09-03,"Informational,Non-branded,Non-local",English,,
971,san diego software development,us,1,60,10.00,,software development companies in san diego,2026-01-21 04:22:33,Thumbnail,80,50,50,2020-01-12,"Informational,Non-branded,Local",English,,
972,rad software development,us,8,60,2.00,0.96,rapid application development,2025-11-24 02:25:13,"AI Overview,Thumbnail,Sitelinks,People also ask",200,1800,4300,2015-09-18,"Informational,Non-branded,Non-local",English,"89, 66, 51, 63, 64, 53, 51, 63, 88, 53, 51, 50, 84, 38, 61, 89, 58, 65, 50, 49, 50, 36, 33, 45","53, 51, 48, 52, 44, 39, 48, 56, 68, 58, 48, 44, 52"
973,manage software development,us,1,60,3.50,,managing software,2026-01-04 19:48:52,"AI Overview,Thumbnail,Sitelinks",80,150,200,2020-01-16,"Informational,Non-branded,Non-local",English,,
974,gathering requirements for software development,us,3,60,1.70,,requirement gathering in software engineering,2026-01-07 00:04:24,"Sitelinks,People also ask,Video preview",70,500,1400,2015-09-11,"Informational,Non-branded,Non-local",English,,
975,software development accounting,us,0,60,6.00,,software development costs,2025-12-30 07:01:10,"People also ask,Top stories,Thumbnail",80,100,100,2020-01-13,"Informational,Non-branded,Non-local",English,,
976,software development companies texas,us,9,60,8.00,,software companies,2026-01-12 19:25:47,Local pack,80,250,300,2020-02-16,"Informational,Commercial,Non-branded,Local",English,,
977,onshore vs offshore software development,us,0,60,4.50,,offshoring software development pros cons,2026-01-05 12:01:33,"Sitelinks,People also ask",100,30,40,2020-01-27,"Informational,Non-branded,Non-local",English,,
978,boutique software development company,us,0,60,10.00,,boutique software development company,2025-12-28 04:45:18,Local pack,90,20,20,2020-01-16,"Informational,Non-branded,Non-local",English,,
979,business development software tools,us,0,60,6.00,,company development software,2025-12-31 07:51:39,"People also ask,Sitelinks,Top stories,Thumbnail",100,50,80,2016-04-06,"Informational,Commercial,Non-branded,Non-local",English,,
980,software development fundamentals,us,1,60,1.90,0.88,98-361,2026-01-04 17:38:03,"AI Overview,Thumbnail,Top stories,People also ask",400,80,100,2015-09-09,"Informational,Non-branded,Non-local",English,"74, 56, 72, 72, 87, 86, 75, 74, 63, 52, 63, 62, 64, 74, 64, 64, 53, 50, 61, 47, 39, 56, 38, 64","51, 52, 49, 52, 62, 52, 55, 47, 50, 57, 54, 63, 50"
981,atlanta software development,us,1,60,2.00,,atlanta software development,2025-12-29 04:54:43,"Local pack,People also ask",80,90,90,2016-03-22,"Informational,Non-branded,Local",English,,
982,software development and support,us,4,60,8.00,,support engineer,2026-01-07 10:02:06,"Sitelinks,People also ask",90,300,500,2016-01-08,"Informational,Non-branded,Non-local",English,,
983,agile software development project plan template,us,5,60,2.00,,agile project plan template,2026-01-20 06:41:00,"Thumbnail,Sitelinks",70,450,500,2015-10-03,"Informational,Non-branded,Non-local",English,,
984,greenfield software development,us,2,60,10.00,,greenfield vs brownfield software development,2025-11-28 01:21:20,"AI Overview,Thumbnail,People also ask,Sitelinks,Top stories",150,300,700,2015-10-25,"Informational,Non-branded,Non-local",English,,
985,software development kpi examples,us,2,60,3.50,,kpi software development,2025-12-14 22:37:57,"Sitelinks,People also ask,Discussions",100,800,900,2019-12-11,"Informational,Non-branded,Non-local",English,"51, 51, 48, 46, 45, 47, 51, 55, 61, 55, 65, 69, 54, 54, 51, 49, 48, 51, 55, 59, 64, 58, 68, 72","58, 57, 54, 53, 52, 54, 58, 62, 67, 61, 72, 75, 61"
986,development of application software,us,8,60,8.00,,application software,2025-11-09 00:22:34,"AI Overview,Thumbnail,People also ask,Sitelinks,Bottom ads,Paid sitelinks",70,200,250,2020-01-13,"Informational,Non-branded,Non-local",English,,
987,software business development,us,0,60,8.00,,software business development,2025-12-24 19:33:34,"People also ask,Sitelinks",100,10,20,2016-08-03,"Informational,Non-branded,Non-local",English,,
988,software development companies in florida,us,1,60,10.00,,software development company florida,2026-01-09 23:19:49,Local pack,100,150,150,2016-03-23,"Informational,Commercial,Non-branded,Local",English,,
989,software product development life cycle stages,us,6,60,4.50,,product development life cycle,2025-12-14 19:29:57,"AI Overview,Thumbnail,People also ask,Sitelinks",80,2100,3700,2019-04-11,"Informational,Non-branded,Non-local",English,,
990,software development companies sydney,us,1,60,8.00,,software development company in sydney,2026-01-19 16:52:33,"Local pack,Sitelinks",250,150,200,2020-02-07,"Informational,Commercial,Non-branded,Local",English,,
991,development management services,us,0,60,6.00,,development management services,2026-01-13 11:50:32,"Sitelinks,People also ask",250,20,20,2016-08-24,"Informational,Commercial,Non-branded,Non-local",English,,
992,automating software development,us,2,60,3.00,,software development automation,2025-12-24 20:55:12,"Sitelinks,Top stories,Thumbnail,People also ask",150,200,200,2016-03-14,"Informational,Non-branded,Non-local",English,,
993,collaboration in software development,us,3,60,7.00,,software development collaboration,2026-01-04 14:12:56,"Sitelinks,People also ask,Top stories,Thumbnail",80,40,40,2017-02-17,"Informational,Non-branded,Non-local",English,,
994,custom software channel partner program,us,2,60,6.00,,custom software channel partner program,2025-12-31 02:31:24,,70,20,20,2023-08-30,"Informational,Non-branded,Non-local",English,,
995,software development milestones,us,1,60,2.50,,software development milestones,2025-12-26 17:03:25,"Top ads,Sitelinks,People also ask",100,30,40,2015-09-29,"Informational,Non-branded,Non-local",English,,
996,iso 9001 software development,us,0,60,5.00,,iso 9001 software development,2025-12-22 06:06:38,"AI Overview,Thumbnail,Sitelinks,People also ask",250,20,60,2017-06-04,"Informational,Branded,Non-local",English,,
997,commercial software development,us,3,60,6.00,,software comercial,2025-12-29 10:57:17,"AI Overview,Thumbnail,Sitelinks,People also ask",80,90,300,2015-10-06,"Informational,Non-branded,Non-local",English,,
998,modern software development methodologies,us,3,60,2.50,,software development methodologies,2025-12-18 01:44:43,"People also ask,Sitelinks,Top stories,Thumbnail",100,1200,3000,2017-01-31,"Informational,Non-branded,Non-local",English,,
999,outsourced business development services,us,0,60,16.00,,outsourced business development,2026-01-02 11:19:17,Sitelinks,200,150,200,2020-01-10,"Informational,Commercial,Non-branded,Non-local",English,,
1000,software development images,us,0,60,4.00,,software development images,2026-01-18 21:59:17,Thumbnail,700,60,250,2015-09-18,"Informational,Non-branded,Non-local",English,,
1001,software development ticket system,us,5,60,20.00,,ticketing management software,2025-12-15 16:44:35,"AI Overview,Thumbnail,People also ask,Sitelinks",80,600,700,2020-01-19,"Informational,Commercial,Non-branded,Non-local",English,,
1002,xamarin mobile development services,us,3,60,12.00,,xamarin application development company,2025-12-21 18:57:28,"Sitelinks,People also ask",100,600,700,2020-01-07,"Informational,Commercial,Branded,Non-local",English,,
1003,introduction to software development,us,3,60,3.50,,software,2025-12-15 20:09:03,"AI Overview,Thumbnail,Sitelinks,People also ask,Top stories",150,6500,16000,2015-10-09,"Informational,Non-branded,Non-local",English,,
1004,software development companies los angeles,us,4,60,25.00,,software development firms,2025-12-28 11:30:40,"Local pack,People also ask",80,400,400,2017-01-02,"Informational,Commercial,Non-branded,Local",English,,
1005,land development design software,us,2,60,1.30,,testfit,2026-01-04 19:05:52,"Top ads,Sitelinks,People also ask,Bottom ads,Paid sitelinks",80,1400,2200,2018-07-21,"Informational,Non-branded,Non-local",English,,
1006,kpi in software development,us,2,60,2.00,,software kpis,2025-12-27 00:46:34,"AI Overview,Thumbnail,Sitelinks,People also ask,Top stories",100,700,800,2016-11-08,"Informational,Non-branded,Non-local",English,,
1007,advanced software development,us,6,60,5.00,,advanced software development,2025-12-25 07:06:33,"People also ask,Knowledge panel,Top stories,Thumbnail",500,10,60,2016-01-03,"Informational,Non-branded,Non-local",English,,
1008,freelancer invoicing software,us,6,60,10.00,,invoicing for freelancers,2025-12-22 03:45:02,"Sitelinks,AI Overview,Thumbnail,People also ask,Top stories",90,200,250,2016-01-11,"Informational,Commercial,Non-branded,Non-local",English,,
1009,web development vs software engineering,us,2,60,6.00,,web developer vs software engineer,2025-12-18 20:41:31,"AI Overview,Thumbnail,Sitelinks,People also ask,Top stories",90,250,300,2015-10-22,"Informational,Non-branded,Non-local",English,,
1010,software development manager job description,us,0,50,1.40,1.45,software development manager job description,2026-01-08 08:51:54,"AI Overview,Thumbnail,People also ask,Sitelinks,Video preview",100,30,40,2015-10-21,"Informational,Non-branded,Non-local",English,"90, 75, 90, 77, 96, 75, 41, 60, 60, 64, 60, 55, 68, 41, 77, 79, 51, 40, 34, 40, 32, 33, 29, 35","47, 47, 46, 43, 36, 34, 32, 30, 40, 38, 37, 35, 47"
1011,best ios app development software,us,2,50,2.50,,best ios app development software,2025-12-30 09:27:54,"Sitelinks,Discussions,People also ask,Top stories,Thumbnail",100,100,100,2016-12-22,"Informational,Non-branded,Non-local",English,,
1012,web development and software development,us,1,50,4.50,,software developer vs web developer,2025-12-26 14:47:17,"AI Overview,Thumbnail,Sitelinks,People also ask",100,450,600,2020-01-09,"Informational,Non-branded,Non-local",English,,
1013,best practices of software development,us,5,50,5.00,,software development best practices,2025-12-15 15:02:37,"AI Overview,Thumbnail,Sitelinks,Discussions,People also ask,Top stories",90,800,1600,2020-02-16,"Informational,Non-branded,Non-local",English,,
1014,software development best practices checklist,us,5,50,3.00,,software development best practices checklist,2025-12-31 23:49:02,"Sitelinks,People also ask,Discussions,Bottom ads,Paid sitelinks",200,0,0,2015-10-19,"Informational,Non-branded,Non-local",English,,
1015,software development contracts,us,1,50,3.00,,software development agreement,2025-12-19 12:36:16,"AI Overview,Thumbnail,Sitelinks",150,600,800,2016-02-14,"Informational,Non-branded,Non-local",English,"57, 57, 62, 52, 53, 46, 43, 43, 40, 51, 44, 44, 52, 53, 57, 48, 49, 42, 39, 40, 37, 47, 40, 40","48, 48, 52, 44, 45, 39, 36, 36, 33, 43, 37, 37, 43"
1016,in-house software development,us,2,50,8.00,,in house software development,2026-01-06 09:13:02,"AI Overview,Thumbnail,People also ask,Sitelinks,Top stories",70,150,150,2017-02-06,"Informational,Non-branded,Non-local",English,,
1017,software vs web development,us,0,50,3.00,,software developer vs web developer,2026-01-08 08:16:29,"AI Overview,Thumbnail,People also ask,Sitelinks",100,400,600,2015-11-06,"Informational,Non-branded,Non-local",English,,
1018,agile software development management tools,us,6,50,4.00,,agile project management software,2025-12-22 06:11:48,"Sitelinks,People also ask",70,2200,2700,2020-06-13,"Informational,Non-branded,Non-local",English,,
1019,custom software development services near me,us,8,50,20.00,,custom software,2025-12-22 14:52:10,"Local pack,People also ask,Sitelinks",90,1700,1700,2020-01-15,"Informational,Commercial,Transactional,Non-branded,Local",English,,
1020,software development estimate template,us,1,50,4.00,,software development estimation template,2026-01-11 08:50:38,"Sitelinks,Thumbnail,Bottom ads",80,50,60,2016-02-23,"Informational,Non-branded,Non-local",English,,
1021,roles in software development team,us,2,50,1.60,,software development team,2026-01-03 03:42:02,"AI Overview,Thumbnail,Sitelinks,People also ask,Top stories",70,300,400,2015-12-02,"Informational,Non-branded,Non-local",English,,
1022,software development resources,us,9,50,4.50,,software development resources,2026-01-05 03:39:32,"Sitelinks,People also ask,Top stories,Thumbnail",70,20,20,2016-11-06,"Informational,Non-branded,Non-local",English,,
1023,popular tool used in agile software development,us,4,50,1.70,,agile project management software,2025-12-30 05:59:13,"People also ask,Sitelinks,Discussions",300,4400,6400,2018-05-15,"Informational,Non-branded,Non-local",English,,
1024,software development systems,us,0,50,3.50,,software,2026-01-07 20:56:08,"Sitelinks,People also ask",60,4800,14000,2017-05-20,"Informational,Non-branded,Non-local",English,,
1025,rd tax credit software development,us,3,50,4.50,,r&d tax credit software,2026-01-21 16:59:44,"Top ads,Paid sitelinks,People also ask,Bottom ads",70,400,400,2020-01-18,"Informational,Non-branded,Non-local",English,,
1026,software development companies in san francisco,us,2,50,10.00,,software companies in san francisco,2026-01-05 02:24:53,"Local pack,Sitelinks",80,300,300,2019-05-13,"Informational,Commercial,Non-branded,Local",English,,
1027,offshore software development companies in india,us,3,50,30.00,,offshore software development company in india,2025-11-18 00:18:48,"Featured snippet,Local pack,Sitelinks,Bottom ads",150,10,60,2021-11-10,"Informational,Commercial,Non-branded,Local",English,,
1028,software development terminology,us,0,50,1.70,,software engineering terms,2025-12-10 09:12:02,"AI Overview,Sitelinks,People also ask,Top stories,Thumbnail",90,150,200,2016-02-10,"Informational,Non-branded,Non-local",English,,
1029,software development agreements,us,0,50,3.00,,software development agreement,2025-12-22 07:20:35,,200,100,150,2018-03-08,"Informational,Non-branded,Non-local",English,,
1030,itil software development,us,6,50,6.00,,itil software development,2026-01-05 16:26:18,"People also ask,Sitelinks",70,20,20,2017-11-06,"Informational,Branded,Non-local",English,,
1031,software development recruiter,us,0,50,3.50,,best software developer recruiters,2025-12-24 09:39:05,Sitelinks,90,500,600,2016-11-28,"Informational,Non-branded,Non-local",English,,
1032,software development requirements gathering,us,3,50,1.70,,requirement gathering,2025-12-14 16:23:45,"Sitelinks,Video preview,People also ask",60,600,1500,2016-10-08,"Informational,Non-branded,Non-local",English,,
1033,track software development,us,2,50,4.50,,track software development,2025-12-27 16:32:33,"Sitelinks,People also ask",60,0,0,2020-01-20,"Informational,Non-branded,Non-local",English,,
1034,free software development training,us,9,50,4.00,,software engineering course,2025-11-16 19:45:40,"Sitelinks,People also ask,Discussions,Local pack",150,500,700,2015-12-09,"Informational,Non-branded,Non-local",English,,
1035,planning software development,us,0,50,3.50,,software planning,2025-12-30 04:04:54,"Sitelinks,People also ask,Top stories,Thumbnail",70,300,350,2018-12-05,"Informational,Non-branded,Non-local",English,,
1036,capitalize software development,us,2,50,2.50,,software capitalization,2026-01-03 08:30:28,"AI Overview,Thumbnail,Sitelinks,People also ask",60,1300,1300,2017-02-28,"Informational,Non-branded,Non-local",English,,
1037,online masters degree in software development,us,10,50,8.00,,online software engineering masters,2025-12-30 11:55:48,Sitelinks,70,400,400,2017-05-23,"Informational,Non-branded,Non-local",English,,
1038,software development metrics examples,us,1,50,3.50,,software development metrics,2026-01-04 23:36:17,"Sitelinks,People also ask",70,200,200,2017-04-11,"Informational,Non-branded,Non-local",English,,
1039,mta software development fundamentals,us,0,50,1.50,0.97,98-361,2026-01-06 22:00:28,People also ask,100,80,100,2015-09-17,"Informational,Branded,Non-local",English,"20, 13, 13, 19, 14, 14, 14, 13, 13, 9, 14, 9, 13, 8, 13, 13, 17, 104, 300, 21, 10, 9, 17, 15","16, 21, 21, 28, 14, 18, 24, 16, 30, 30, 9, 4, 9"
1040,software development case study,us,0,50,2.00,,software development case studies,2025-12-26 10:43:24,Sitelinks,100,100,100,2017-05-01,"Informational,Non-branded,Non-local",English,,
1041,global software development,us,0,50,4.50,,global software development,2025-12-16 15:09:20,"People also ask,Sitelinks",300,10,10,2015-10-21,"Informational,Non-branded,Non-local",English,,
1042,custom software solutions dallas,us,7,50,10.00,,software development services,2025-12-25 06:57:06,"Local pack,Thumbnail,Sitelinks",70,2400,2400,2020-03-26,"Informational,Commercial,Non-branded,Local",English,,
1043,software engineer development program,us,7,50,4.00,,software engineer programs,2025-11-23 04:17:06,,60,2700,3100,2017-07-15,"Informational,Non-branded,Non-local",English,,
1044,offshore software development company india,us,8,50,30.00,,hire offshore developers india,2025-12-15 06:53:48,"Local pack,Sitelinks",100,250,350,2020-01-07,"Informational,Commercial,Non-branded,Non-local",English,,
1045,greenfield development software,us,6,50,10.00,,greenfield vs brownfield software development,2026-01-01 10:38:56,"AI Overview,Thumbnail,People also ask,Sitelinks",90,300,600,2018-01-24,"Informational,Non-branded,Non-local",English,,
1046,software development company in san francisco,us,1,50,10.00,,software companies in san francisco,2026-01-07 04:20:01,Local pack,70,300,300,2017-08-25,"Informational,Non-branded,Local",English,,
1047,associates in software development,us,3,50,9.00,,associates in software development,2025-12-28 00:23:38,"Sitelinks,AI Overview,People also ask",60,20,20,2015-09-02,"Informational,Non-branded,Non-local",English,,
1048,degree software development,us,5,50,10.00,,wgu software engineering,2025-12-27 17:23:54,"Sitelinks,People also ask,Top stories,Thumbnail",60,7400,7700,2020-01-10,"Informational,Non-branded,Non-local",English,,
1049,how hard is software development,us,1,50,4.00,,is software engineering hard,2025-12-31 17:14:02,"AI Overview,Thumbnail,Sitelinks,People also ask,Top stories,Video preview,Bottom ads,Paid sitelinks",60,450,600,2015-10-02,"Informational,Non-branded,Non-local",English,,
1050,sustainability in software development,us,4,50,2.50,,sustainable software,2026-01-05 19:19:02,"Sitelinks,People also ask,Top stories,Thumbnail",80,80,100,2018-10-28,"Informational,Non-branded,Non-local",English,,
1051,value stream mapping for software development,us,2,50,4.50,,value stream mapping software,2025-12-30 03:15:02,"Sitelinks,People also ask",100,300,450,2017-12-17,"Informational,Non-branded,Non-local",English,,
1052,software development california,us,1,50,9.00,,custom software development california,2026-01-04 12:30:31,"People also ask,Thumbnail",100,90,100,2016-01-25,"Informational,Commercial,Non-branded,Local",English,,
1053,cross-platform app development services,us,3,50,7.00,,cross platform app development services,2025-12-18 02:50:54,Sitelinks,350,1100,1100,2020-01-13,"Informational,Commercial,Non-branded,Non-local",English,"55, 45, 56, 59, 76, 69, 48, 53, 39, 48, 34, 45, 44, 43, 52, 60, 101, 65, 45, 48, 39, 48, 35, 46","47, 45, 55, 63, 104, 70, 48, 52, 42, 52, 37, 49, 50"
1054,software development in india,us,9,50,17.00,,india software development,2026-01-03 19:16:02,"Sitelinks,People also ask,Thumbnail",200,20,20,2016-07-13,"Informational,Commercial,Non-branded,Local",English,"38, 35, 25, 44, 35, 43, 34, 54, 66, 96, 83, 81, 85, 89, 101, 79, 68, 44, 42, 39, 21, 15, 23, 23","26, 22, 22, 20, 18, 23, 20, 21, 21, 23, 22, 22, 25"
1055,is software development the same as software engineering,us,4,50,20.00,,software engineer vs developer,2026-01-07 02:57:31,"AI Overview,Thumbnail,Sitelinks,People also ask",60,4500,8000,2015-10-21,"Informational,Non-branded,Non-local",English,,
1056,benefits of software development,us,1,50,1.80,,software developer benefits,2025-12-30 08:01:48,"People also ask,Discussions,Sitelinks",100,40,40,2016-11-16,"Informational,Non-branded,Non-local",English,,
1057,indian software development,us,0,50,10.00,,indian software developers,2025-12-25 02:46:53,"AI Overview,Thumbnail,Top ads,Sitelinks,People also ask,Top stories,Video preview,Bottom ads,Paid sitelinks",100,150,200,2016-06-16,"Informational,Non-branded,Non-local",English,,
1058,software development documentation template,us,2,50,2.00,,technical documentation template,2026-01-07 02:28:18,Sitelinks,100,1300,2000,2016-10-25,"Informational,Non-branded,Non-local",English,,
1059,software development roadmap example,us,5,50,2.00,,product roadmap example,2025-12-22 20:57:56,"Thumbnail,Sitelinks,People also ask",80,800,1400,2016-03-05,"Informational,Non-branded,Non-local",English,,
1060,r&d in software development,us,0,50,4.00,,software research and development,2026-01-04 15:32:02,"People also ask,Sitelinks,Top stories,Thumbnail,Video preview",100,100,150,2020-03-06,"Informational,Non-branded,Non-local",English,,
1061,steps for software development,us,7,50,1.50,,software developer steps,2025-12-15 13:54:56,"AI Overview,Thumbnail,People also ask,Sitelinks",80,100,250,2015-10-30,"Informational,Non-branded,Non-local",English,,
1062,wgu software development,us,1,50,3.50,1.15,wgu software engineering,2026-01-15 17:03:01,"Sitelinks,People also ask",50,7100,7500,2015-10-25,"Informational,Branded,Non-local",English,"120, 95, 95, 86, 184, 986, 976, 1218, 445, 102, 79, 67, 76, 74, 50, 50, 48, 44, 58, 44, 27, 33, 36, 42",40
1063,autonomous software development,us,4,50,6.00,,ai software development,2026-01-02 04:24:18,"People also ask,Top stories,Thumbnail,Sitelinks",80,250,250,2020-02-19,"Informational,Non-branded,Non-local",English,,
1064,software development ticketing system,us,1,50,20.00,,help desk solutions,2025-12-22 16:33:08,"AI Overview,Thumbnail,Sitelinks,People also ask",80,25000,26000,2019-03-22,"Informational,Non-branded,Non-local",English,,
1065,corpus christi development services,us,0,50,2.50,,corpus christi development services,2025-11-26 01:30:45,"Sitelinks,People also ask",50,20,20,2015-09-01,"Informational,Non-branded,Local",English,"51, 47, 57, 57, 57, 59, 84, 63, 49, 57, 76, 61, 50, 38, 56, 56, 47, 56, 49, 48, 57, 52, 47, 37","41, 41, 38, 50, 60, 72, 63, 47, 49, 42, 45, 28, 33"
1066,vr game development software,us,5,50,1.70,,vr game engines,2025-12-29 15:58:44,"Sitelinks,People also ask,Thumbnail",70,80,80,2016-11-18,"Informational,Non-branded,Non-local",English,,
1067,capacity planning software development,us,0,50,9.00,,engineering capacity planning,2025-12-29 07:30:17,"Sitelinks,People also ask",90,50,50,2020-03-22,"Informational,Non-branded,Non-local",English,,
1068,miami software development,us,0,50,17.00,,software development miami,2025-12-25 13:41:50,"Local pack,Sitelinks,People also ask",60,60,60,2016-01-24,"Informational,Commercial,Non-branded,Local",English,,
1069,naics software development,us,5,50,13.00,,naics code 541511,2026-01-07 16:00:56,"AI Overview,People also ask",80,1100,1200,2016-02-22,"Informational,Non-branded,Non-local",English,"71, 86, 84, 89, 73, 60, 72, 75, 87, 135, 112, 87, 68, 66, 66, 67, 51, 48, 50, 44, 42, 64, 32, 42","51, 63, 74, 82, 63, 54, 55, 52, 53, 53, 49, 42, 51"
1070,software development organization,us,6,50,17.00,,software development teams,2025-12-20 07:47:18,"Sitelinks,People also ask,Local pack",90,450,800,2016-09-01,"Informational,Non-branded,Non-local",English,,
1071,bachelor's degree in software development,us,5,50,10.00,,degree in software development,2025-12-27 14:19:33,"Top ads,Paid sitelinks,People also ask,Sitelinks,Top stories,Thumbnail,Bottom ads",60,450,500,2016-09-11,"Informational,Non-branded,Non-local",English,,
1072,software outsourcing to india,us,3,50,12.00,,outsource software development to india,2025-12-28 06:56:56,"Sitelinks,Top stories,Thumbnail,People also ask",90,40,40,2020-01-07,"Informational,Non-branded,Non-local",English,,
1073,san diego software development company,us,1,50,12.00,,custom software development san diego,2026-01-07 16:29:32,"Local pack,Thumbnail",70,70,80,2016-08-03,"Informational,Commercial,Non-branded,Local",English,,
1074,best software web development,us,10,50,2.50,,web design software,2026-01-03 15:15:01,"AI Overview,Thumbnail,Sitelinks,People also ask,Discussions",70,3900,4800,2015-11-30,"Informational,Non-branded,Non-local",English,,
1075,how to sell software development services,us,0,50,2.50,,how to sell software development services,2025-11-18 09:00:39,"Sitelinks,People also ask",60,10,10,2016-08-30,"Informational,Non-branded,Non-local",English,,
1076,what is a software development methodology,us,6,50,1.50,,software development methodologies,2025-12-19 17:26:23,"People also ask,Sitelinks,Top stories,Thumbnail",80,1200,3000,2016-03-21,"Informational,Non-branded,Non-local",English,,
1077,application and software development,us,1,50,1.70,,app and software development,2025-12-25 01:58:43,"Sitelinks,People also ask,Knowledge panel,Top stories,Thumbnail",60,40,50,2018-09-13,"Informational,Non-branded,Non-local",English,,
1078,software development services agreement,us,0,50,3.50,,software development agreement,2026-01-01 12:48:32,,70,250,300,2016-03-22,"Informational,Non-branded,Non-local",English,,
1079,challenges in software development,us,5,50,3.50,,software development challenges,2026-01-07 09:33:19,"People also ask,Top stories,Thumbnail",90,150,350,2016-11-16,"Informational,Non-branded,Non-local",English,,
1080,software development teams structure,us,3,50,4.50,,software development teams,2025-12-25 17:16:30,Sitelinks,50,500,800,2020-01-08,"Informational,Non-branded,Non-local",English,,
1081,software development environments,us,5,40,1.80,,environments in software development,2026-01-02 10:51:02,"Sitelinks,People also ask,Top stories,Thumbnail",100,90,150,2016-02-16,"Informational,Non-branded,Non-local",English,"72, 49, 58, 61, 57, 57, 48, 48, 47, 63, 42, 36, 45, 52, 61, 50, 52, 52, 42, 36, 34, 36, 20, 35","43, 41, 44, 40, 45, 45, 41, 52, 52, 50, 33, 35, 43"
1082,software development contract sample,us,0,40,3.00,,software development contract,2025-11-28 05:09:18,Sitelinks,60,600,800,2015-12-24,"Informational,Non-branded,Non-local",English,,
1083,custom software example,us,0,40,2.00,,custom software applications,2025-12-21 04:47:33,"People also ask,Sitelinks",70,250,800,2019-04-25,"Informational,Non-branded,Non-local",English,,
1084,outsourced software development india,us,9,40,12.00,,outsource software development india,2025-12-27 22:17:34,"Sitelinks,Top stories,Thumbnail",70,150,150,2020-01-07,"Informational,Commercial,Non-branded,Non-local",English,,
1085,vp of software development,us,0,40,5.00,,vp of software development,2025-12-25 11:25:25,"People also ask,Sitelinks",100,60,70,2016-12-27,"Informational,Non-branded,Non-local",English,,
1086,master software development,us,7,40,6.00,,masters in software development,2025-12-25 16:18:01,"Sitelinks,People also ask",90,400,400,2017-03-05,"Informational,Non-branded,Non-local",English,,
1087,operational excellence in software development,us,1,40,5.00,,software operational excellence,2025-12-21 13:55:03,"People also ask,Sitelinks",70,50,50,2020-01-23,"Informational,Non-branded,Non-local",English,,
1088,what is application development software,us,0,40,3.00,,application development,2026-01-06 16:20:11,"People also ask,Sitelinks",60,2100,2200,2017-02-18,"Informational,Non-branded,Non-local",English,,
1089,dfm development services,us,0,40,1.50,,dfm services,2025-11-25 16:09:31,"Sitelinks,Knowledge panel",40,50,50,2016-01-11,"Informational,Branded,Non-local",English,,
1090,jll project and development services,us,1,40,1.10,,jll project and development services,2026-01-22 09:08:21,People also ask,100,70,70,2016-01-28,"Informational,Branded,Non-local",English,,
1091,software development project plan example,us,3,40,3.00,,software development project plan,2025-12-29 07:42:02,"Sitelinks,Thumbnail",60,150,150,2016-04-03,"Informational,Non-branded,Non-local",English,,
1092,change management for software development,us,2,40,4.50,,software change management,2026-01-07 20:47:57,"AI Overview,Thumbnail,Sitelinks,People also ask",50,200,250,2020-01-12,"Informational,Non-branded,Non-local",English,,
1093,software development company austin,us,8,40,16.00,,software companies in austin,2026-01-20 08:39:19,"Local pack,Sitelinks",60,350,350,2020-01-10,"Informational,Non-branded,Local",English,,
1094,computer science vs software development,us,0,40,2.00,0.82,is software development computer science,2025-12-14 12:07:42,"AI Overview,Thumbnail,Sitelinks,People also ask,Top stories",80,70,70,2015-12-01,"Informational,Non-branded,Non-local",English,"79, 64, 64, 61, 63, 51, 52, 64, 63, 62, 50, 48, 50, 46, 51, 52, 48, 39, 46, 47, 36, 43, 36, 40","46, 46, 47, 47, 41, 38, 38, 47, 47, 48, 44, 40, 46"
1095,software development workflow jira,us,3,40,2.00,,jira workflow,2025-12-21 12:50:03,Sitelinks,60,900,1600,2020-01-19,"Informational,Branded,Non-local",English,,
1096,software development denver,us,1,40,8.00,,denver software development,2026-01-21 22:25:41,"Top ads,Local pack,Sitelinks,People also ask,Thumbnail,Bottom ads,Paid sitelinks",70,300,300,2019-05-28,"Informational,Non-branded,Local",English,,
1097,software development companies in san diego,us,1,40,5.00,,san diego software development,2026-01-12 16:31:48,"Local pack,People also ask",50,40,40,2017-05-30,"Informational,Commercial,Non-branded,Local",English,,
1098,e-commerce software development,us,0,40,6.00,,ecommerce software development,2025-12-31 22:07:52,"Top ads,Paid sitelinks,Sitelinks,Bottom ads",300,600,700,2020-01-09,"Informational,Non-branded,Non-local",English,"37, 39, 39, 37, 39, 41, 38, 39, 38, 38, 40, 41, 41, 43, 44, 42, 44, 46, 42, 43, 42, 42, 44, 45","46, 48, 48, 46, 48, 50, 46, 47, 46, 46, 48, 49, 50"
1099,custom software pricing,us,7,40,3.50,,custom software development cost,2025-12-24 23:27:47,"Sitelinks,People also ask",40,70,80,2020-01-12,"Informational,Non-branded,Non-local",English,,
1100,software development outsourcing trends,us,9,40,7.00,,software development outsourcing trends,2025-12-14 20:36:55,"AI Overview,Thumbnail,Sitelinks",150,250,300,2020-01-10,"Informational,Non-branded,Non-local",English,"37, 41, 38, 31, 35, 28, 29, 28, 32, 31, 34, 39, 38, 42, 39, 33, 36, 29, 31, 30, 33, 32, 35, 40","40, 44, 41, 34, 38, 31, 32, 31, 35, 34, 37, 42, 41"
1101,saas software development life cycle,us,2,40,3.00,,saas development process,2025-12-17 06:44:42,"Sitelinks,People also ask",200,250,400,2018-02-19,"Informational,Non-branded,Non-local",English,,
1102,metrics for software development,us,3,40,3.00,,software development performance metrics,2025-12-31 19:11:18,"AI Overview,Thumbnail,Sitelinks,People also ask,Top stories",60,150,200,2017-03-05,"Informational,Non-branded,Non-local",English,,
1103,master of science in software development,us,9,40,5.00,,ms in software development,2025-12-18 06:04:10,Sitelinks,60,100,100,2016-12-19,"Informational,Non-branded,Non-local",English,,
1104,chatgpt for software development,us,1,40,1.20,,chatgpt for software development,2025-12-31 16:36:01,"Thumbnail,Sitelinks,People also ask",60,50,60,2023-01-13,"Informational,Branded,Non-local",English,,
1105,okr examples software development,us,8,40,2.50,,software okr examples,2025-12-16 03:47:42,"Sitelinks,People also ask,Discussions,Bottom ads,Paid sitelinks",100,300,300,2020-01-09,"Informational,Non-branded,Non-local",English,,
1106,sox compliance software development,us,3,40,4.00,,sox compliance software,2025-12-26 13:36:55,"People also ask,Sitelinks",50,50,50,2020-01-06,"Informational,Non-branded,Non-local",English,,
1107,software development career paths,us,6,40,4.00,,software engineer career path,2025-12-30 15:25:38,"AI Overview,Thumbnail,Sitelinks",50,600,900,2016-01-05,"Informational,Non-branded,Non-local",English,,
1108,amazon software development internship,us,2,40,4.50,,amazon sde intern,2026-01-12 19:39:18,People also ask,50,2100,2500,2015-12-26,"Informational,Branded,Non-local",English,"45, 43, 56, 25, 29, 24, 30, 68, 71, 93, 37, 28, 46, 47, 49, 38, 24, 20, 46, 38, 54, 66, 30, 36","43, 37, 36, 27, 25, 23, 49, 53, 67, 56, 42, 36, 43"
1109,software development company in atlanta,us,2,40,12.00,,software development companies in atlanta,2025-12-16 16:28:13,Local pack,60,100,100,2016-05-24,"Informational,Commercial,Non-branded,Local",English,,
1110,building custom software,us,0,40,25.00,,custom software design,2025-12-31 00:26:03,"AI Overview,Thumbnail,People also ask,Discussions,Sitelinks,Top stories",50,700,2300,2019-01-02,"Informational,Non-branded,Non-local",English,,
1111,software development for dummies,us,0,40,1.90,,software engineering for dummies,2025-12-27 17:10:20,"AI Overview,Thumbnail,Sitelinks,People also ask",100,30,30,2016-01-05,"Informational,Branded,Non-local",English,,
1112,best development software,us,8,40,2.50,,application development tools,2025-12-27 23:55:17,"Sitelinks,Discussions,People also ask,Top stories,Thumbnail,Video preview",70,1100,2500,2016-03-06,"Informational,Non-branded,Non-local",English,,
1113,roles in a software development team,us,2,40,1.60,,software development roles,2025-11-20 09:12:08,"Sitelinks,People also ask",70,500,900,2020-01-09,"Informational,Non-branded,Non-local",English,,
1114,bootcamp software development,us,8,40,11.00,,software bootcamp,2026-01-05 11:59:27,"Top ads,Paid sitelinks,Sitelinks,People also ask,Bottom ads",80,2900,3200,2020-02-14,"Informational,Commercial,Non-branded,Non-local",English,,
1115,software development work order,us,0,40,6.00,,software development work order,2026-01-07 23:03:53,"Discussions,People also ask,Sitelinks",70,10,10,2017-11-09,"Informational,Non-branded,Non-local",English,,
1116,is software development stressful,us,0,40,4.50,,is software engineering stressful,2025-12-16 06:40:49,"Sitelinks,People also ask",60,100,150,2015-10-22,"Informational,Non-branded,Non-local",English,,
1117,characteristics of agile software development,us,6,40,1.70,,characteristics of agile software development,2025-12-28 05:32:12,"AI Overview,Thumbnail,People also ask,Sitelinks",70,10,10,2020-01-11,"Informational,Non-branded,Non-local",English,,
1118,work breakdown structure for software development,us,6,40,2.50,,software work breakdown structure,2025-12-22 08:27:51,Sitelinks,60,80,100,2016-05-15,"Informational,Non-branded,Non-local",English,,
1119,software development terms,us,0,40,1.70,,software development keywords,2026-01-04 09:03:49,"AI Overview,Sitelinks,Top stories,Thumbnail",100,250,300,2016-07-23,"Informational,Non-branded,Non-local",English,"38, 47, 47, 46, 30, 29, 38, 42, 36, 37, 37, 34, 34, 40, 32, 31, 42, 33, 58, 43, 35, 34, 19, 33","35, 32, 24, 24, 27, 30, 31, 29, 28, 24, 23, 25, 26"
1120,erp software development process,us,8,40,7.00,,erp system development,2026-01-05 01:59:54,"Sitelinks,People also ask",80,500,800,2020-01-17,"Informational,Non-branded,Non-local",English,,
1121,business analyst software development,us,1,40,3.00,,business analysis in software development,2025-12-27 04:45:12,"Sitelinks,People also ask,Top stories,Thumbnail",80,60,70,2016-05-04,"Informational,Non-branded,Non-local",English,,
1122,aerospace software development,us,0,40,6.00,,aerospace software development,2025-12-27 18:00:46,People also ask,60,10,10,2016-03-23,"Informational,Non-branded,Non-local",English,,
1123,easiest game development software,us,10,40,1.20,,which game engine should i use tportgametek,2025-12-31 04:26:20,"Sitelinks,People also ask,Discussions,Thumbnail,Top stories,Bottom ads,Paid sitelinks",80,1100,1400,2015-09-22,"Informational,Non-branded,Non-local",English,,
1124,agile software development service,us,4,40,10.00,,agile software development services,2025-11-30 19:13:53,"People also ask,Sitelinks",50,150,150,2020-12-02,"Informational,Commercial,Non-branded,Non-local",English,,
1125,software development mexico,us,0,40,35.00,,software development companies in mexico,2025-12-26 18:11:56,"Top stories,Thumbnail,Sitelinks,People also ask,Bottom ads",60,40,80,2020-01-12,"Informational,Non-branded,Local",English,,
1126,software development company san diego,us,1,40,12.00,,software development companies in san diego,2026-01-20 10:58:54,"Local pack,People also ask",80,50,50,2016-09-16,"Informational,Commercial,Non-branded,Local",English,,
1127,lean agile software development,us,10,40,4.50,,lean agile software development,2025-12-31 22:11:25,"Sitelinks,People also ask",150,10,10,2016-01-12,"Informational,Non-branded,Non-local",English,,
1128,software development colleges,us,5,40,6.00,,best software engineering schools,2025-12-18 04:22:09,"Local pack,People also ask,Sitelinks",60,2700,2800,2016-03-08,"Informational,Non-branded,Non-local",English,,
1129,tax treatment of software development costs,us,3,40,4.50,,software development costs,2026-01-06 19:18:01,People also ask,60,350,350,2016-06-25,"Informational,Non-branded,Non-local",English,,
1130,software development leadership,us,0,40,18.00,,software development leadership,2025-12-22 13:13:03,"Sitelinks,People also ask",50,20,20,2020-01-15,"Informational,Non-branded,Non-local",English,,
1131,software applications development,us,9,40,7.00,,application development,2025-12-29 11:00:11,"AI Overview,Thumbnail,People also ask,Sitelinks,Video preview",100,2000,2100,2020-01-09,"Informational,Non-branded,Non-local",English,"25, 18, 32, 33, 37, 27, 37, 38, 37, 39, 39, 39, 39, 42, 40, 38, 37, 35, 35, 38, 37, 39, 40, 39","39, 42, 40, 38, 37, 35, 35, 38, 37, 39, 40, 39, 39"
1132,cab software development,us,2,40,12.00,,cab approval,2025-12-04 15:03:17,"AI Overview,Thumbnail,People also ask,Sitelinks",60,800,2300,2017-01-19,"Informational,Non-branded,Non-local",English,,
1133,software development schedule,us,2,40,8.00,,software project plan,2025-12-27 13:52:33,"Sitelinks,People also ask",60,500,600,2016-05-07,"Informational,Non-branded,Non-local",English,,
1134,denver development services,us,5,40,2.00,1.08,denver development services,2025-12-28 01:47:31,"Sitelinks,Video preview,People also ask",60,10,10,2015-09-04,"Informational,Non-branded,Local",English,"74, 73, 59, 70, 57, 57, 112, 87, 59, 38, 31, 31, 45, 42, 44, 42, 56, 42, 54, 46, 32, 42, 24, 29","31, 36, 39, 33, 27, 28, 38, 35, 29, 25, 23, 20, 22"
1135,software development podcast,us,8,40,1.00,,best software engineering podcasts,2026-01-17 01:03:02,"Sitelinks,Discussions",50,250,250,2015-09-21,"Informational,Non-branded,Non-local",English,,
1136,software development vs cyber security,us,0,40,5.00,,cyber security vs software engineering,2026-01-03 10:09:53,"AI Overview,Thumbnail,Sitelinks,People also ask,Discussions,Top stories",100,450,500,2020-01-30,"Informational,Non-branded,Non-local",English,,
1137,freelancer project management software,us,9,40,15.00,,freelance management software,2026-01-15 07:47:00,"Sitelinks,Discussions",80,800,800,2019-07-26,"Informational,Commercial,Non-branded,Non-local",English,,
1138,capacity planning in software development,us,1,40,9.00,,engineering capacity planning,2025-12-26 05:52:17,"People also ask,Sitelinks",60,40,40,2020-01-20,"Informational,Non-branded,Non-local",English,,
1139,software development deliverables,us,0,40,2.50,,what is a deliverable,2025-12-14 06:55:37,"AI Overview,Thumbnail,People also ask,Sitelinks",60,150,150,2016-08-22,"Informational,Non-branded,Non-local",English,,
1140,web development or software development,us,1,40,4.50,,software developer vs web developer,2025-12-24 08:46:46,"People also ask,Sitelinks",80,450,600,2015-12-13,"Informational,Non-branded,Non-local",English,,
1141,software development life cycle documentation,us,8,40,4.50,,sdlc document,2025-12-28 21:35:48,"AI Overview,Thumbnail,People also ask,Sitelinks",100,200,250,2018-04-18,"Informational,Non-branded,Non-local",English,,
1142,software development r&d,us,0,40,4.00,,software research and development,2026-01-02 03:22:02,"People also ask,Sitelinks",60,100,150,2020-08-12,"Informational,Non-branded,Non-local",English,,
1143,automotive testing and development services,us,0,40,4.50,,automotive testing services,2025-12-29 03:18:16,"Thumbnail,Sitelinks,Local pack",50,200,250,2015-09-08,"Informational,Non-branded,Non-local",English,,
1144,wbs for software development,us,1,40,3.00,,software work breakdown structure,2025-12-29 15:37:57,,150,90,100,2015-10-29,"Informational,Non-branded,Non-local",English,"32, 63, 53, 40, 40, 33, 31, 33, 52, 44, 45, 22, 34, 34, 46, 36, 27, 26, 43, 54, 48, 64, 63, 34","37, 49, 49, 42, 36, 33, 33, 46, 61, 59, 45, 34, 36"
1145,sox compliance for software development,us,1,40,4.00,,sox compliance for software development,2025-12-31 08:45:48,"People also ask,Sitelinks",50,30,30,2016-12-19,"Informational,Non-branded,Non-local",English,,
1146,large scale software development,us,0,40,7.00,,large scale software development,2025-12-24 18:53:33,"People also ask,Sitelinks,Bottom ads,Paid sitelinks",60,10,10,2015-09-10,"Informational,Non-branded,Non-local",English,,
1147,wordpress web development services india,us,5,40,60.00,,wordpress development company india,2025-12-28 11:02:02,Sitelinks,60,300,900,2020-01-07,"Informational,Commercial,Branded,Local",English,,
1148,software development podcasts,us,3,40,1.00,,best software engineering podcasts,2026-01-02 17:38:36,"Sitelinks,Discussions,Top stories,Thumbnail",60,250,250,2017-10-01,"Informational,Non-branded,Non-local",English,,
1149,software development epic,us,6,40,5.00,,epic software developer,2026-01-05 19:34:01,"AI Overview,Thumbnail,People also ask,Sitelinks",50,400,400,2018-11-30,"Informational,Non-branded,Non-local",English,,
1150,best colleges for software development,us,2,40,4.00,,best software engineering schools,2026-01-07 14:25:11,"Sitelinks,People also ask,Discussions",50,2600,2600,2015-09-26,"Informational,Non-branded,Non-local",English,,
1151,software development rfp template,us,4,40,1.90,,rfp software template,2026-01-07 01:41:00,Sitelinks,80,400,400,2016-02-15,"Informational,Non-branded,Non-local",English,,
1152,ukraine software development company,us,6,40,30.00,,ukraine software development,2026-01-07 10:34:24,"Sitelinks,Bottom ads",60,500,700,2020-01-08,"Informational,Non-branded,Local",English,,
1153,best web app development software,us,6,40,3.00,,mobile app development,2025-12-28 21:30:29,"Top ads,Paid sitelinks,Sitelinks,People also ask,Discussions,Bottom ads",50,8800,11000,2017-01-26,"Informational,Commercial,Non-branded,Non-local",English,,
1154,custom software system,us,10,40,2.50,,custom software,2025-12-19 18:35:18,"Sitelinks,People also ask",60,250,250,2018-02-25,"Informational,Commercial,Non-branded,Non-local",English,,
1155,ios software development kit,us,10,40,1.30,,ios 18 beta,2026-01-03 15:28:48,"Sitelinks,People also ask",60,6700,13000,2016-01-13,"Informational,Branded,Non-local",English,,
1156,software development scope of work template,us,0,40,2.00,,scope of work software,2026-01-20 09:50:23,Sitelinks,50,60,70,2017-11-03,"Informational,Non-branded,Non-local",English,,
1157,how to manage software development projects,us,3,40,3.00,,how to manage software projects,2025-11-30 11:47:49,"AI Overview,Thumbnail,Sitelinks,People also ask,Discussions,Top stories",60,150,200,2020-01-12,"Informational,Non-branded,Non-local",English,,
1158,data science software development,us,0,40,7.00,,data scientist vs software engineer,2025-12-30 11:20:48,"Sitelinks,People also ask",80,400,600,2020-01-10,"Informational,Non-branded,Non-local",English,,
1159,software development fields,us,6,40,1.80,,types of software development,2025-12-30 22:18:19,"Featured snippet,Thumbnail,Sitelinks,People also ask,Top stories",80,80,200,2016-09-15,"Informational,Non-branded,Non-local",English,,
1160,software development nda,us,1,40,3.50,,nda for software development,2026-01-05 04:48:47,"Sitelinks,People also ask",80,100,100,2016-07-14,"Informational,Non-branded,Non-local",English,,
1161,web development services in canada,us,1,30,7.00,,web development services canada,2025-12-14 17:31:53,"Local pack,Sitelinks,People also ask",150,10,10,2016-03-21,"Informational,Commercial,Non-branded,Local",English,,
1162,software development okr examples,us,6,30,3.00,,software okr examples,2025-12-31 14:50:02,"Sitelinks,Thumbnail",100,300,350,2021-02-09,"Informational,Non-branded,Non-local",English,,
1163,development services agreement,us,0,30,1.80,,dsa agreement,2025-12-20 01:10:48,People also ask,60,20,20,2016-03-25,"Informational,Non-branded,Non-local",English,,
1164,examples of custom software,us,0,30,2.00,,custom software applications,2025-12-21 06:14:02,"People also ask,Sitelinks",100,250,800,2016-01-29,"Informational,Non-branded,Non-local",English,,
1165,sample software development plan,us,0,30,2.50,,software development plan example,,,40,,,2017-04-29,"Informational,Non-branded,Non-local",English,,
1166,bachelor software development,us,6,30,10.00,,wgu software engineering,2026-01-07 15:45:32,"People also ask,Sitelinks",150,7400,7800,2016-01-24,"Informational,Non-branded,Non-local",English,,
1167,jira workflow examples for software development,us,5,30,2.50,,workflow examples,2026-01-06 03:02:53,"Sitelinks,Discussions,Bottom ads,Paid sitelinks",70,1200,1700,2019-04-12,"Informational,Branded,Non-local",English,,
1168,software engineering vs web development,us,1,30,6.00,,web developer vs software engineer,2026-01-08 01:52:18,"AI Overview,Thumbnail,Sitelinks,People also ask,Top stories",80,250,300,2015-10-04,"Informational,Non-branded,Non-local",English,,
1169,how to start a software development business,us,4,30,5.00,,,,,40,,,2016-07-08,"Informational,Non-branded,Non-local",English,,
1170,software development quality metrics,us,2,30,3.00,,software quality metrics,2026-01-04 11:13:18,Sitelinks,70,250,450,2017-06-12,"Informational,Non-branded,Non-local",English,,
1171,software engineer game development,us,0,30,2.50,,software engineer game development,2025-12-01 01:22:21,"AI Overview,Thumbnail,People also ask,Top stories,Sitelinks",30,10,10,2015-10-07,"Informational,Non-branded,Non-local",English,,
1172,roadmap software development,us,1,30,4.50,,roadmap,2026-01-02 14:47:19,"Sitelinks,People also ask",90,10000,135000,2020-01-13,"Informational,Non-branded,Non-local",English,,
1173,software development analyst,us,2,30,3.50,,software developer salary,2025-12-14 14:33:26,"People also ask,Sitelinks",50,14000,18000,2016-04-09,"Informational,Non-branded,Non-local",English,,
1174,software development san diego,us,2,30,10.00,,custom software development san diego,2026-01-10 02:56:53,"Local pack,Thumbnail,People also ask",40,80,80,2016-04-12,"Informational,Non-branded,Local",English,,
1175,grooming software development,us,4,30,7.00,,grooming software development,2026-01-05 07:43:30,People also ask,80,20,40,2017-03-28,"Informational,Non-branded,Non-local",English,,
1176,software development budget example,us,1,30,5.00,,software development budget,2025-12-23 17:27:18,Sitelinks,50,100,100,2015-12-17,"Informational,Non-branded,Non-local",English,,
1177,software development artifacts,us,3,30,4.50,,software artifacts,2025-12-31 17:09:02,"AI Overview,Thumbnail,Sitelinks,People also ask",200,250,450,2016-07-08,"Informational,Non-branded,Non-local",English,,
1178,software development life cycle certification,us,9,30,3.50,,csslp,2025-12-28 06:40:51,"AI Overview,Thumbnail,People also ask,Discussions,Sitelinks,Bottom ads,Paid sitelinks",70,800,1800,2015-10-14,"Informational,Non-branded,Non-local",English,,
1179,difference between software engineering and software development,us,4,30,3.50,,software engineer vs developer,2025-12-17 12:18:07,"AI Overview,Thumbnail,Sitelinks,People also ask,Discussions,Top stories",100,4300,7700,2015-11-07,"Informational,Non-branded,Non-local",English,,
1180,software development companies kansas city,us,3,30,6.00,,software development kansas city,2026-01-12 05:23:02,"Local pack,People also ask,Sitelinks",30,150,150,2016-04-21,"Informational,Commercial,Non-branded,Local",English,,
1181,best linux distro for software development,us,9,30,1.50,,best linux distro for developers,2025-12-23 18:32:17,"Sitelinks,AI Overview,People also ask,Video preview,Top stories,Thumbnail",80,300,800,2016-08-09,"Informational,Non-branded,Non-local",English,,
1182,pm software development,us,6,30,2.00,,managing software,2025-12-30 21:03:49,"AI Overview,Thumbnail,Sitelinks,People also ask",40,200,200,2020-11-30,"Informational,Non-branded,Non-local",English,,
1183,testing in software development life cycle,us,4,30,2.50,,stlc,2026-01-06 01:42:53,"People also ask,Top stories,Thumbnail,Sitelinks,Bottom ads,Paid sitelinks",50,1200,16000,2015-12-05,"Informational,Non-branded,Non-local",English,,
1184,value stream mapping in software development,us,1,30,4.50,,value stream map,2025-12-16 14:29:10,"People also ask,Sitelinks,Top stories,Thumbnail",60,300,400,2016-07-12,"Informational,Non-branded,Non-local",English,,
1185,best video game development software,us,6,30,1.70,,game development platforms,2026-01-03 15:58:39,"AI Overview,Thumbnail,Sitelinks,Discussions,People also ask",40,200,250,2015-09-12,"Informational,Non-branded,Non-local",English,,
1186,in house development software,us,3,30,8.00,,in house software development,2026-01-05 16:12:28,"Top ads,Paid sitelinks,AI Overview,Thumbnail,People also ask,Sitelinks",40,150,150,2015-09-10,"Informational,Non-branded,Non-local",English,,
1187,jira alternatives for software development,us,0,30,6.00,,atlassian competitors,2025-12-20 21:59:48,"Featured snippet,Sitelinks,Discussions",100,1000,2000,2021-11-09,"Informational,Non-branded,Non-local",English,,
1188,software development companies in sydney,us,1,30,8.00,,software development company in sydney,2026-01-21 19:04:41,"Local pack,People also ask,Sitelinks",100,150,200,2020-01-15,"Informational,Commercial,Non-branded,Local",English,,
1189,cognitive healthcare software development,us,3,30,20.00,,cognitive medical systems,2026-01-01 11:23:48,Sitelinks,50,100,100,2021-08-18,"Informational,Commercial,Non-branded,Non-local",English,,
1190,sample software development project plan,us,4,30,3.00,,software development project plan template,2025-11-22 20:11:56,,50,90,90,2015-12-16,"Informational,Non-branded,Non-local",English,,
1191,houston software development companies,us,2,30,25.00,,software companies in houston,2025-12-19 03:47:05,"Local pack,Sitelinks",50,400,450,2016-11-21,"Informational,Commercial,Non-branded,Local",English,,
1192,outsource healthcare software development,us,0,30,25.00,,outsource healthcare software development,2026-01-14 15:20:30,"AI Overview,Thumbnail,Sitelinks,Bottom ads",150,20,20,2020-04-12,"Informational,Non-branded,Non-local",English,"29, 32, 31, 31, 34, 31, 31, 30, 27, 31, 31, 31, 31, 34, 33, 33, 36, 33, 33, 32, 30, 34, 33, 33","33, 36, 35, 36, 38, 36, 36, 34, 32, 36, 36, 35, 36"
1193,software development team structures,us,3,30,4.50,,software development team structure,2025-12-30 01:35:17,"AI Overview,Sitelinks",30,350,500,2020-01-07,"Informational,Non-branded,Non-local",English,,
1194,kanban board example software development,us,7,30,1.50,,kanban board ideas,2025-12-21 05:05:55,"Sitelinks,AI Overview,Thumbnail,People also ask,Discussions",60,500,800,2020-01-15,"Informational,Non-branded,Non-local",English,,
1195,software for research and development,us,1,30,6.00,,r&d software,2025-11-12 11:13:15,"Sitelinks,People also ask",40,50,60,2015-11-08,"Informational,Commercial,Non-branded,Non-local",English,,
1196,agile scrum software development life cycle,us,7,30,3.00,,sdlc,2026-01-05 14:58:04,"AI Overview,Thumbnail,People also ask,Sitelinks,Top stories",40,6800,18000,2017-07-07,"Informational,Non-branded,Non-local",English,,
1197,research and development tax credit software,us,9,30,6.00,,r&d tax credit software,2026-01-14 06:52:18,"Sitelinks,People also ask",50,400,400,2019-06-03,"Informational,Non-branded,Non-local",English,,
1198,custom inventory management software,us,4,30,11.00,,customizable inventory management software,2025-12-20 19:31:56,"Sitelinks,People also ask,Bottom ads,Paid sitelinks",100,200,250,2020-01-09,"Informational,Commercial,Non-branded,Non-local",English,"27, 28, 26, 28, 27, 27, 27, 26, 29, 29, 27, 29, 27, 28, 26, 28, 28, 27, 27, 26, 30, 29, 28, 30","28, 28, 26, 28, 28, 28, 27, 27, 30, 29, 28, 30, 28"
1199,software development shop,us,3,30,10.00,,dev shops,2025-12-14 20:29:01,"Local pack,Sitelinks,People also ask",50,100,150,2017-11-04,"Informational,Commercial,Non-branded,Non-local",English,,
1200,software outsourcing companies india,us,6,30,14.00,,software outsourcing companies in india,2025-12-18 03:39:04,"Local pack,Sitelinks,People also ask",40,400,900,2020-01-07,"Informational,Commercial,Non-branded,Non-local",English,,
1201,artist development services,us,2,30,2.00,,artist development services,2025-12-17 06:13:17,"Thumbnail,People also ask",40,20,20,2015-10-06,"Informational,Commercial,Non-branded,Non-local",English,"97, 118, 108, 105, 88, 55, 54, 43, 20, 17, 42, 21, 31, 41, 31, 45, 45, 44, 36, 27, 25, 26, 15, 26","24, 24, 23, 22, 21, 17, 17, 24, 30, 27, 33, 26, 24"
1202,how to get a job in software development,us,2,30,3.50,,how to get a software engineering job,2025-11-10 20:37:26,"AI Overview,Thumbnail,Sitelinks,People also ask,Top stories",60,250,250,2015-09-21,"Informational,Non-branded,Non-local",English,,
1203,timeline of software development,us,5,30,3.00,,software development timeline,2025-12-14 16:40:29,"AI Overview,Thumbnail,Sitelinks",40,30,30,2016-01-29,"Informational,Non-branded,Non-local",English,,
1204,software development india outsourcing,us,3,30,25.00,,outsource software development india,2026-01-01 12:07:02,"Top stories,Thumbnail,Sitelinks,People also ask,Bottom ads",40,150,200,2020-11-26,"Informational,Commercial,Non-branded,Non-local",English,,
1205,software development diagrams,us,1,30,3.00,,software diagrams,2026-01-06 23:29:01,"Sitelinks,Thumbnail,People also ask,Top stories",100,200,250,2016-02-01,"Informational,Non-branded,Non-local",English,,
1206,how to manage software development team,us,0,30,2.50,,how to manage a software development team,2026-01-04 09:35:01,"Sitelinks,People also ask,Discussions,Top stories,Thumbnail",40,150,150,2016-12-21,"Informational,Non-branded,Non-local",English,,
1207,software development standards and best practices,us,10,30,2.00,,software development best practices,2025-12-30 14:20:46,"Top ads,Paid sitelinks,Sitelinks,People also ask,Discussions",80,900,1400,2016-03-23,"Informational,Non-branded,Non-local",English,,
1208,amazon software development engineer internship,us,0,30,5.00,,amazon sde intern,2026-01-16 01:16:10,"Sitelinks,Top stories,Thumbnail,Video preview",30,2100,2500,2018-12-06,"Informational,Branded,Non-local",English,"33, 47, 53, 20, 19, 11, 19, 45, 60, 85, 38, 155, 53, 34, 36, 15, 18, 6, 25, 16, 24, 51, 26, 35","32, 25, 33, 35, 25, 18, 24, 43, 33, 33, 28, 35, 32"
1209,software development okrs,us,6,30,4.50,,okr software development,2025-12-16 00:46:47,"Sitelinks,People also ask",90,250,300,2020-01-09,"Informational,Non-branded,Non-local",English,,
1210,software development companies in michigan,us,3,30,5.00,,software companies in michigan,2026-01-12 01:43:17,"Local pack,People also ask",50,40,40,2016-11-14,"Informational,Commercial,Non-branded,Local",English,,
1211,case study software development,us,1,30,2.00,,software development case studies,2025-12-30 23:27:35,"Sitelinks,People also ask",50,100,100,2017-06-07,"Informational,Non-branded,Non-local",English,,
1212,software development academy,us,0,30,3.50,,software development academy,2025-12-20 06:23:32,"People also ask,Knowledge panel,Sitelinks",1100,0,20,2017-03-21,"Informational,Branded,Non-local",English,,
1213,example of custom software,us,0,30,2.00,,custom software,2025-12-30 00:39:13,"People also ask,Sitelinks",150,300,500,2019-06-03,"Informational,Non-branded,Non-local",English,,
1214,cyber security or software development,us,0,30,1.60,,cyber security vs software engineering,2025-12-28 09:58:02,"AI Overview,Thumbnail,Sitelinks,People also ask,Top stories",70,500,600,2016-02-29,"Informational,Non-branded,Non-local",English,,
1215,software development proposal example,us,1,30,2.00,,software project proposal,2025-12-31 09:21:33,,40,100,150,2015-09-13,"Informational,Non-branded,Non-local",English,,
1216,website development services in canada,us,4,30,7.00,,web development services in canada,2026-01-19 09:33:11,Local pack,100,30,30,2021-06-17,"Informational,Commercial,Non-branded,Local",English,,
1217,philadelphia software development,us,6,30,19.00,,philadelphia software development,2025-11-16 21:02:10,People also ask,40,10,10,2018-03-12,"Informational,Commercial,Non-branded,Local",English,,
1218,agile development software tools,us,7,30,3.50,,agile tools,2026-01-07 23:41:44,"Sitelinks,People also ask",40,3600,5300,2016-03-01,"Informational,Non-branded,Non-local",English,,
1219,austin software development,us,3,30,14.00,,software companies in austin,2025-11-19 22:23:23,"Local pack,Sitelinks,Thumbnail,People also ask",30,400,400,2020-01-30,"Informational,Non-branded,Local",English,,
1220,web services development,us,3,30,2.50,,webservice,2026-01-06 12:07:33,"Sitelinks,People also ask,Top stories,Thumbnail",150,600,2100,2015-10-27,"Informational,Non-branded,Non-local",English,"23, 35, 35, 35, 37, 22, 21, 21, 27, 23, 32, 26, 31, 36, 50, 34, 23, 32, 39, 36, 41, 36, 25, 28","29, 33, 35, 40, 37, 41, 44, 43, 44, 41, 38, 31, 33"
1221,okr for software development,us,7,30,3.00,,software okr examples,2025-12-22 15:48:02,"Sitelinks,People also ask",100,300,300,2020-01-09,"Informational,Non-branded,Non-local",English,,
1222,custom cabinet design software,us,7,30,2.50,,cabinet design software,2026-01-06 21:04:28,"Top ads,Paid sitelinks,Sitelinks,People also ask,Discussions,Bottom ads",30,1300,1500,2015-11-28,"Informational,Commercial,Non-branded,Non-local",English,,
1223,amazon software development engineer intern,us,0,30,2.00,,amazon sde intern,2026-01-13 07:31:53,"Sitelinks,Top stories,Thumbnail,Video preview,People also ask",80,2100,2500,2016-12-24,"Informational,Branded,Non-local",English,,
1224,advantages of software development,us,0,30,1.80,,pros and cons of being a software engineer,2025-12-17 13:34:24,"People also ask,Sitelinks",60,60,60,2020-01-08,"Informational,Non-branded,Non-local",English,,
1225,software development vs computer science,us,0,30,5.00,1.42,is software development computer science,2025-12-19 12:50:20,"AI Overview,Thumbnail,Sitelinks,People also ask",50,70,70,2015-09-06,"Informational,Non-branded,Non-local",English,"84, 65, 64, 68, 48, 38, 49, 48, 39, 49, 50, 38, 40, 38, 37, 38, 29, 30, 29, 30, 28, 30, 11, 27","23, 27, 24, 24, 20, 10, 19, 28, 23, 26, 20, 24, 20"
1226,freelancer billing software,us,10,30,10.00,,invoicing for freelancers,2025-12-18 13:06:53,Sitelinks,50,200,200,2018-09-05,"Informational,Commercial,Non-branded,Non-local",English,,
1227,software development requirements template,us,1,30,2.50,,software requirements specification example,2026-01-12 03:54:14,"Top ads,Paid sitelinks,Thumbnail,Sitelinks,Bottom ads",50,1600,7400,2016-03-06,"Informational,Non-branded,Non-local",English,,
1228,software development quote,us,0,30,9.00,,software development quote,2025-11-23 05:41:56,"Thumbnail,People also ask,Sitelinks,Discussions",90,50,150,2016-10-14,"Informational,Non-branded,Non-local",English,,
1229,jira software development workflow examples,us,3,30,3.00,,workflow examples,2025-12-28 18:19:02,"Top ads,Paid sitelinks,Sitelinks,Discussions,Bottom ads",60,1200,1800,2019-02-21,"Informational,Branded,Non-local",English,,
1230,bachelors in software development,us,10,30,10.00,,wgu software engineering,2025-12-30 08:15:03,"Sitelinks,People also ask",30,7300,7700,2015-10-22,"Informational,Non-branded,Non-local",English,,
1231,full-stack development services,us,2,30,8.00,,full stack development services,2026-01-04 00:24:33,"AI Overview,Thumbnail,Sitelinks,People also ask",350,500,700,2020-01-09,"Informational,Commercial,Non-branded,Non-local",English,"24, 26, 26, 26, 29, 32, 26, 26, 24, 25, 24, 23, 24, 25, 26, 26, 28, 32, 26, 26, 24, 25, 24, 23","24, 25, 26, 26, 28, 32, 26, 26, 24, 25, 24, 23, 24"
1232,best software for web application development,us,6,30,3.00,,web development platforms,2025-12-13 15:35:33,"AI Overview,Thumbnail,Sitelinks,People also ask,Discussions,Top stories",50,450,600,2017-09-16,"Informational,Non-branded,Non-local",English,,
1233,software development workflow diagram,us,10,30,6.00,,workflow diagram,2026-01-07 10:47:01,"Thumbnail,People also ask,Sitelinks",70,700,1700,2016-04-21,"Informational,Non-branded,Non-local",English,,
1234,software development in test,us,2,30,4.50,,software development engineer in test,2025-12-31 06:36:56,"AI Overview,Thumbnail,Sitelinks,People also ask,Top stories",80,70,150,2016-01-26,"Informational,Non-branded,Non-local",English,"27, 31, 43, 38, 39, 29, 26, 29, 36, 38, 32, 27, 28, 32, 44, 39, 40, 30, 27, 30, 37, 39, 33, 28","29, 33, 45, 40, 41, 31, 28, 31, 38, 40, 34, 29, 30"
1235,what is change management in software development,us,2,30,2.50,,software change management,2025-12-30 08:41:18,"AI Overview,Thumbnail,Sitelinks,People also ask",80,300,400,2016-10-01,"Informational,Non-branded,Non-local",English,,
1236,cross-platform mobile app development services,us,4,30,7.00,,cross platform mobile app development services,2026-01-01 17:40:24,"AI Overview,Thumbnail,People also ask,Top stories",250,1200,1300,2020-01-10,"Informational,Commercial,Non-branded,Non-local",English,"19, 19, 20, 21, 21, 23, 22, 23, 22, 24, 24, 24, 26, 26, 27, 27, 28, 30, 29, 30, 28, 31, 31, 31","33, 33, 34, 34, 35, 37, 36, 36, 35, 37, 38, 38, 40"
1237,software development outsource india,us,5,30,12.00,,software outsourcing india,2026-01-16 14:03:56,"Sitelinks,Top stories,Thumbnail,Bottom ads",80,200,200,2018-07-06,"Informational,Commercial,Non-branded,Non-local",English,,
1238,statement of work example software development,us,2,30,1.60,,statement of work software,2026-01-01 15:54:03,Sitelinks,40,150,250,2016-01-26,"Informational,Non-branded,Non-local",English,,
1239,software for ios app development,us,7,30,3.00,,ios app development,2025-12-22 07:46:24,"AI Overview,Thumbnail,Top ads,Paid sitelinks,Sitelinks,Discussions,People also ask,Bottom ads",30,7700,12000,2015-11-14,"Informational,Non-branded,Non-local",English,,
1240,software development degree jobs,us,2,30,2.00,,software developer roles,2025-12-21 00:57:18,"People also ask,Sitelinks",40,350,450,2015-09-19,"Informational,Non-branded,Non-local",English,,
1241,development services san diego,us,8,30,4.50,,san diego development services,2025-11-27 09:23:02,"Sitelinks,Local pack,People also ask",30,250,250,2015-10-27,"Informational,Non-branded,Local",English,,
1242,software freelancer,us,7,30,1.60,,freelance software developer,2026-01-08 18:49:02,"Top ads,Paid sitelinks,Sitelinks,People also ask,Bottom ads",150,1000,1200,2015-09-15,"Informational,Non-branded,Non-local",English,,
1243,software development invoice,us,0,30,7.00,,software development invoice template,2025-11-27 18:11:33,"Thumbnail,Sitelinks,People also ask",80,40,40,2018-04-02,"Informational,Non-branded,Non-local",English,,
1244,software development resource planning,us,1,30,12.00,,software development resource planning,2025-12-24 23:09:13,"Sitelinks,People also ask",70,0,0,2015-10-12,"Informational,Non-branded,Non-local",English,,
1245,rfid software development kit,us,0,30,1.20,,rfid kit,2025-11-26 22:37:50,"Sitelinks,Shopping,Thumbnail,People also ask",50,100,100,2020-03-10,"Informational,Commercial,Transactional,Non-branded,Non-local",English,,
1246,software development change management,us,2,30,4.50,,software change management,2026-01-04 20:53:55,"AI Overview,Thumbnail,Sitelinks,People also ask",40,200,250,2016-02-19,"Informational,Non-branded,Non-local",English,,
1247,modern software development tools,us,10,30,2.00,,software development tools,2025-12-19 00:04:33,"Sitelinks,Discussions,People also ask",50,3600,8000,2019-12-18,"Informational,Non-branded,Non-local",English,,
1248,software development company melbourne,us,8,30,8.00,,software development company melbourne,2025-11-28 05:08:32,"Top ads,Local pack,Sitelinks,People also ask",250,50,200,2020-01-12,"Informational,Commercial,Non-branded,Local",English,,
1249,software development degree vs computer science,us,3,30,7.00,,is software development computer science,2026-01-06 23:10:14,"AI Overview,Thumbnail,Sitelinks,People also ask",40,70,70,2015-12-11,"Informational,Non-branded,Non-local",English,,
1250,colleges for software development,us,2,30,6.00,,best colleges for software engineering,2025-12-29 01:34:38,"People also ask,Sitelinks,Discussions",40,2800,2800,2015-10-26,"Informational,Non-branded,Non-local",English,,
1251,software development companies in utah,us,0,20,13.00,,it companies salt lake city,2026-01-10 03:42:46,"Local pack,Sitelinks,People also ask",20,150,150,2016-01-28,"Informational,Non-branded,Local",English,,
1252,software development companies san diego,us,1,20,12.00,,san diego software development,2026-01-15 07:53:07,"Local pack,People also ask",30,50,50,2016-04-17,"Informational,Non-branded,Local",English,,
1253,freelance software development jobs,us,2,20,1.00,,freelance software developer,2026-01-03 17:01:29,Sitelinks,40,1200,2400,2015-10-12,"Informational,Transactional,Non-branded,Non-local",English,,
1254,software development environment best practices,us,4,20,2.00,,it environment management best practices,2026-01-04 01:34:04,"Sitelinks,People also ask",30,50,60,2016-03-08,"Informational,Non-branded,Non-local",English,,
1255,outsourcing software companies in india,us,6,20,14.00,,software outsourcing companies in india,2025-12-17 10:57:51,"Sitelinks,People also ask,Bottom ads,Paid sitelinks",40,400,900,2020-02-19,"Informational,Commercial,Non-branded,Local",English,,
1256,yii framework development services,us,0,20,20.00,,yii development services,2025-12-28 21:01:09,People also ask,30,30,30,2020-01-10,"Informational,Commercial,Branded,Non-local",English,,
1257,software development companies in austin,us,7,20,13.00,,software companies in austin,2026-01-21 02:40:25,"Top ads,Local pack,People also ask,Sitelinks",40,350,350,2016-04-30,"Informational,Non-branded,Local",English,,
1258,cyber security vs software development,us,0,20,1.60,,cyber security vs software engineering,2025-12-20 02:47:17,"Sitelinks,AI Overview,People also ask,Top stories",60,500,500,2016-01-31,"Informational,Non-branded,Non-local",English,,
1259,project software development,us,1,20,2.50,,software development project management,2025-12-27 03:55:13,"AI Overview,Thumbnail,Sitelinks,Top stories,People also ask",30,1100,1300,2019-03-18,"Informational,Non-branded,Non-local",English,,
1260,sample software development agreement,us,1,20,3.00,,software development agreement,2025-12-13 14:23:48,,40,600,800,2016-12-25,"Informational,Non-branded,Non-local",English,,
1261,aws software development engineer,us,7,20,11.00,,aws software engineer,2026-01-12 10:22:28,"Sitelinks,People also ask",40,80,100,2020-01-26,"Informational,Branded,Non-local",English,,
1262,best software development companies to work for,us,0,20,2.50,,best companies to work for as a software engineer,2025-12-19 01:24:36,"Sitelinks,People also ask,Discussions,Video preview",50,300,300,2016-03-04,"Informational,Non-branded,Non-local",English,,
1263,how long does it take to learn software development,us,0,20,5.00,,how long does it take to become a software engineer,2025-11-27 15:38:49,"AI Overview,Thumbnail,Sitelinks,People also ask,Video preview,Top stories",50,400,450,2016-11-20,"Informational,Non-branded,Non-local",English,,
1264,project manager software development,us,1,20,4.50,,software development project management,2025-12-24 03:05:27,"Sitelinks,People also ask,Top stories,Thumbnail",100,200,250,2016-04-08,"Informational,Non-branded,Non-local",English,,
1265,communicative agents for software development,us,1,20,10.00,,communicative agents for software development,2025-12-01 09:57:03,,30,20,40,2023-07-17,"Informational,Non-branded,Non-local",English,,
1266,software development checklist,us,0,20,4.50,,software checklist,2025-12-14 23:15:30,"Sitelinks,People also ask",80,30,30,2016-11-04,"Informational,Non-branded,Non-local",English,"25, 25, 17, 25, 24, 24, 10, 16, 32, 17, 24, 16, 21, 21, 35, 36, 20, 21, 15, 12, 39, 19, 20, 19","22, 23, 24, 24, 20, 28, 28, 27, 21, 22, 20, 20, 22"
1267,software development proposal sample pdf,us,0,20,1.90,,software proposal template,2025-11-29 19:39:45,,70,300,300,2017-08-08,"Informational,Non-branded,Non-local",English,,
1268,software development business analyst,us,0,20,3.00,,business analysis in software development,2025-12-16 01:33:50,"Sitelinks,People also ask,Top stories,Thumbnail",30,60,70,2018-01-24,"Informational,Non-branded,Non-local",English,,
1269,software development company europe,us,8,20,17.00,,software development companies in europe,2025-12-19 03:06:09,Sitelinks,30,40,80,2020-01-09,"Informational,Commercial,Non-branded,Non-local",English,,
1270,software development phoenix,us,1,20,13.00,,software development company phoenix,2025-12-25 07:03:54,"Local pack,People also ask,Thumbnail,Sitelinks",30,30,30,2016-05-07,"Informational,Non-branded,Local",English,,
1271,software requirements development,us,7,20,2.00,,software requirements specification,2025-11-23 06:15:18,"AI Overview,Thumbnail,Sitelinks,People also ask,Top stories,Video preview,Bottom ads,Paid sitelinks",100,2200,9400,2015-10-27,"Informational,Non-branded,Non-local",English,,
1272,popular tool in agile software development,us,3,20,1.60,,agile project management software,2025-12-19 06:16:04,"People also ask,Sitelinks",50,4400,6200,2018-02-21,"Informational,Non-branded,Non-local",English,,
1273,project charter for software development,us,7,20,3.50,,project charter,2025-12-16 16:57:20,"Sitelinks,People also ask",30,800,4300,2017-06-20,"Informational,Non-branded,Non-local",English,,
1274,software development company structure,us,3,20,3.00,,software development teams,2025-12-27 10:00:33,"Sitelinks,People also ask",40,500,800,2017-12-04,"Informational,Non-branded,Non-local",English,,
1275,software development architect,us,4,20,2.00,,software architect,2026-01-01 13:11:34,"AI Overview,Thumbnail,Sitelinks,People also ask",50,1200,1900,2018-01-26,"Informational,Non-branded,Non-local",English,,
1276,epic in software development,us,5,20,5.00,,agile epic example,2025-12-28 06:53:03,"AI Overview,Thumbnail,Sitelinks,People also ask",60,2600,4900,2015-10-19,"Informational,Non-branded,Non-local",English,,
1277,is web development software engineering,us,1,20,13.00,,is a web developer a software engineer,2025-12-31 08:24:03,"AI Overview,Thumbnail,Sitelinks,People also ask,Top stories",40,90,100,2019-04-22,"Informational,Non-branded,Non-local",English,,
1278,what can you do with a software development degree,us,3,20,2.50,,jobs for a software developer,2025-12-31 21:12:03,"AI Overview,Thumbnail,Sitelinks,People also ask,Top stories",20,10,10,2016-05-16,"Informational,Non-branded,Non-local",English,,
1279,tools used in software development,us,6,20,1.80,,application development tools,2025-12-21 16:27:47,"AI Overview,Thumbnail,Sitelinks,People also ask,Video preview",50,3700,7200,2015-09-16,"Informational,Non-branded,Non-local",English,,
1280,storyboard for software development,us,0,20,2.50,,storyboard software development,2025-12-27 13:44:47,"People also ask,Sitelinks",40,30,30,2015-09-18,"Informational,Non-branded,Non-local",English,,
1281,san diego software development companies,us,1,20,12.00,,san diego software development,2026-01-06 10:26:54,"Local pack,People also ask,Thumbnail",20,40,40,2016-06-27,"Informational,Commercial,Non-branded,Local",English,,
1282,software development project example,us,9,20,1.10,,software project ideas,2026-01-04 05:03:09,"Thumbnail,People also ask,Sitelinks,Discussions",90,300,1500,2016-07-10,"Informational,Non-branded,Non-local",English,,
1283,major in software development,us,4,20,3.50,,software engineer school,2025-11-26 07:26:19,"AI Overview,Thumbnail,People also ask,Sitelinks,Top stories",70,8400,8900,2016-01-15,"Informational,Non-branded,Non-local",English,,
1284,cab in software development,us,1,20,12.00,,change advisory board,2025-11-15 15:14:21,"AI Overview,Thumbnail,People also ask,Sitelinks",60,800,2300,2020-01-06,"Informational,Non-branded,Non-local",English,,
1285,software development quotes,us,0,20,9.00,,software development quote,2025-12-30 14:16:19,"Thumbnail,Sitelinks,People also ask",90,40,150,2015-10-20,"Informational,Non-branded,Non-local",English,,
1286,what is the best game development software,us,3,20,2.00,,software for game development,2025-12-23 06:41:07,"AI Overview,Thumbnail,Sitelinks,People also ask,Shopping,Discussions",30,150,200,2016-04-06,"Informational,Non-branded,Non-local",English,,
1287,software development tax credit,us,9,20,4.00,,r&d tax credit software,2025-12-31 06:03:06,People also ask,40,400,400,2017-02-23,"Informational,Non-branded,Non-local",English,,
1288,sow template for software development,us,2,20,2.00,,software development statement of work template,2026-01-02 15:13:03,"Sitelinks,Thumbnail",40,30,30,2015-09-13,"Informational,Non-branded,Non-local",English,,
1289,integrated development services,us,0,20,4.00,0.81,integrated development services,2025-11-27 10:32:50,"People also ask,Sitelinks,Local pack",50,20,20,2015-09-01,"Informational,Branded,Non-local",English,"27, 30, 34, 31, 26, 23, 24, 24, 25, 27, 29, 20, 24, 27, 30, 28, 24, 21, 22, 21, 23, 25, 26, 18","22, 25, 28, 25, 22, 19, 20, 20, 21, 23, 24, 17, 20"
1290,best schools for software development,us,6,20,3.00,,best software engineering schools,2025-12-20 11:55:37,"Sitelinks,People also ask,Discussions",20,2700,2800,2016-02-02,"Informational,Non-branded,Non-local",English,"30, 15, 16, 8, 15, 13, 21, 34, 50, 49, 8, 17, 18, 18, 17, 24, 24, 8, 16, 24, 29, 23, 14, 16","20, 17, 13, 11, 10, 9, 9, 11, 13, 12, 8, 10, 12"
1291,software development austin,us,4,20,14.00,,software development austin,2026-01-06 10:38:01,Local pack,50,400,400,2016-03-11,"Informational,Non-branded,Local",English,"17, 22, 21, 25, 23, 21, 18, 20, 18, 20, 23, 18, 17, 22, 21, 25, 23, 21, 19, 20, 18, 20, 23, 18","17, 22, 21, 25, 23, 21, 19, 20, 18, 20, 23, 18, 17"
1292,freelance software development work,us,1,20,1.00,,freelance software developer,2026-01-03 20:34:52,"Top ads,Paid sitelinks,Sitelinks,Discussions,Video preview,People also ask,Top stories,Thumbnail,Bottom ads",60,1200,2400,2017-08-20,"Informational,Non-branded,Non-local",English,,
1293,what colleges are good for software development,us,1,20,3.00,,best software engineering schools,2025-12-22 20:17:57,"People also ask,Sitelinks",30,2700,2800,2021-11-05,"Informational,Non-branded,Non-local",English,,
1294,udemy software development,us,9,20,2.50,,online software development courses,2026-01-20 04:36:46,People also ask,60,900,1600,2016-06-02,"Informational,Branded,Non-local",English,,
1295,difference between software development and software engineering,us,2,20,3.50,,software engineer vs developer,2026-01-08 01:56:57,"AI Overview,Thumbnail,People also ask,Sitelinks,Top stories",60,4500,8000,2016-06-23,"Informational,Non-branded,Non-local",English,,
1296,business analyst in software development,us,0,20,3.00,,business analysis in software development,2026-01-04 12:57:56,"People also ask,Sitelinks,Top stories,Thumbnail",40,50,60,2016-07-26,"Informational,Non-branded,Non-local",English,,
1297,custom car software,us,8,20,1.70,,interactive garage,2025-12-25 18:03:58,"Sitelinks,Discussions",20,2200,2300,2018-03-03,"Informational,Non-branded,Non-local",English,,
1298,iso standards for software development,us,2,20,3.00,,software engineering standards,2025-12-22 21:13:33,"Sitelinks,People also ask,Video preview",100,50,70,2015-10-10,"Informational,Non-branded,Non-local",English,,
1299,software development prototyping,us,2,20,6.00,,software prototyping,2025-12-30 12:28:33,"AI Overview,Thumbnail,Sitelinks,People also ask",30,200,900,2017-10-30,"Informational,Non-branded,Non-local",English,,
1300,what are services in software development,us,1,20,6.00,,services software development,2026-01-01 19:23:18,"People also ask,Sitelinks,Video preview",20,200,200,2020-01-17,"Informational,Non-branded,Non-local",English,,
1301,wbs software development,us,2,20,2.50,,software work breakdown structure,2025-12-29 17:20:38,"Sitelinks,People also ask",50,90,100,2017-02-22,"Informational,Non-branded,Non-local",English,,
1302,software development diagram,us,2,20,3.00,,software diagrams,2025-12-15 06:48:04,"Sitelinks,Thumbnail,People also ask",90,150,200,2015-10-08,"Informational,Non-branded,Non-local",English,,
1303,best beginner game development software,us,6,20,1.50,,which game engine should i use tportgametek,2025-12-21 06:08:42,"Sitelinks,AI Overview,People also ask,Thumbnail,Discussions",40,800,1100,2015-09-30,"Informational,Non-branded,Non-local",English,,
1304,best software for mobile game development,us,8,20,1.20,,mobile game development,2026-01-05 17:01:27,"Sitelinks,People also ask,Discussions",40,1300,1800,2015-10-06,"Informational,Non-branded,Non-local",English,,
1305,software development business plan,us,0,20,2.00,,software development company business plan,2025-12-18 15:15:34,"Sitelinks,People also ask",40,90,90,2015-09-23,"Informational,Non-branded,Non-local",English,,
1306,shape up software development,us,4,20,5.00,,shape up,2025-12-26 06:49:41,"Sitelinks,People also ask",50,1800,4000,2020-10-06,"Informational,Branded,Non-local",English,,
1307,software development project plan template excel,us,5,20,3.00,,free project plan template excel,2025-12-27 04:49:08,"Sitelinks,Thumbnail,Bottom ads,Paid sitelinks",90,150,500,2017-01-19,"Informational,Branded,Non-local",English,,
1308,next generation software development,us,7,20,3.00,,next generation software development,2025-12-22 16:04:41,"People also ask,Sitelinks,Top stories,Thumbnail",30,10,10,2016-10-14,"Informational,Non-branded,Non-local",English,,
1309,sales development representative software,us,0,20,6.00,,sales development tools,2025-12-29 17:24:19,"People also ask,Sitelinks",30,80,80,2020-02-26,"Informational,Non-branded,Non-local",English,,
1310,cyber security or software development which is harder,us,2,20,3.00,,is cybersecurity easier than software engineering,2025-12-16 08:14:06,"AI Overview,Sitelinks,People also ask,Top stories,Video preview",40,20,20,2022-05-19,"Informational,Non-branded,Non-local",English,,
1311,remote patient monitoring software development,us,3,20,9.00,,remote patient monitoring workflow,2026-01-05 12:08:58,"Sitelinks,Bottom ads,Paid sitelinks,Video preview",150,50,50,2021-09-01,"Informational,Non-branded,Non-local",English,"21, 21, 23, 24, 21, 20, 20, 21, 21, 20, 20, 21, 21, 21, 23, 24, 22, 20, 20, 21, 21, 20, 20, 21","22, 22, 24, 24, 22, 20, 20, 21, 21, 20, 20, 22, 22"
1312,software development companies in boston,us,0,20,10.00,,software companies in boston,2026-01-07 18:07:37,"Local pack,People also ask,Sitelinks",40,200,200,2017-05-05,"Informational,Non-branded,Local",English,,
1313,sample sow for software development pdf,us,0,20,1.20,,statement of work sample pdf,2026-01-20 02:18:17,,50,30,30,2021-08-19,"Informational,Non-branded,Non-local",English,,
1314,custom autodesk software development,us,0,20,9.00,,autodesk developer network,2026-01-06 01:42:32,,40,20,20,2023-08-29,"Informational,Branded,Non-local",English,,
1315,software development tools examples,us,4,20,1.80,,software development tools,2025-12-19 07:54:35,"AI Overview,Thumbnail,People also ask,Sitelinks,Top stories",50,3600,8000,2018-04-09,"Informational,Non-branded,Non-local",English,,
1316,best web application development software,us,1,20,3.00,,application development software,2025-12-21 07:12:48,"AI Overview,Thumbnail,Sitelinks,People also ask,Discussions,Top stories",30,80,150,2020-01-12,"Informational,Non-branded,Non-local",English,,
1317,software development courses near me,us,3,20,12.00,,certificate for web development near me,2025-11-17 12:55:44,"Local pack,People also ask,Sitelinks",90,300,300,2019-04-01,"Informational,Commercial,Transactional,Non-branded,Local",English,,
1318,software development operating model,us,3,20,1.60,,operating model,2025-11-19 06:07:34,"Sitelinks,People also ask",20,150,250,2020-03-11,"Informational,Non-branded,Non-local",English,,
1319,software development engineer intern,us,5,20,2.50,,software developer internship,2025-12-24 10:53:43,,40,700,700,2016-01-20,"Informational,Non-branded,Non-local",English,,
1320,software development testing phases,us,8,20,2.50,,software testing phases,2025-12-18 01:18:03,"AI Overview,Thumbnail,Sitelinks,People also ask,Top stories",40,150,200,2020-01-13,"Informational,Non-branded,Non-local",English,,
1321,quotes about software development,us,1,20,9.00,,software development quote,2025-12-23 19:15:03,"Thumbnail,Sitelinks,People also ask",30,60,150,2016-11-02,"Informational,Non-branded,Non-local",English,,
1322,work breakdown structure software development,us,2,20,2.50,,software work breakdown structure,2025-12-15 12:22:21,Sitelinks,50,70,100,2015-09-20,"Informational,Non-branded,Non-local",English,,
1323,accelerated software development program,us,1,20,5.00,,accelerated software engineering degree online,2025-12-26 03:31:02,"People also ask,Sitelinks",20,100,100,2016-01-25,"Informational,Non-branded,Non-local",English,,
1324,sop in software development,us,0,20,6.00,,sop for software development,2025-12-21 08:04:18,"AI Overview,Thumbnail,People also ask,Sitelinks",100,0,10,2018-05-19,"Informational,Non-branded,Non-local",English,,
1325,rapid software development tools,us,1,20,5.00,,application development tools,2026-01-03 04:51:50,"Sitelinks,People also ask",30,1400,1500,2020-01-10,"Informational,Non-branded,Non-local",English,,
1326,software development engineer aws,us,2,20,3.50,,aws software engineer,2026-01-19 16:08:04,"People also ask,Sitelinks,Video preview",20,80,100,2018-03-10,"Informational,Branded,Non-local",English,,
1327,bellevue university software development,us,1,20,7.00,,software developer programs,2025-11-30 10:30:24,"Top ads,Paid sitelinks,Sitelinks,People also ask,Bottom ads",20,450,450,2017-03-22,"Informational,Branded,Non-local",English,,
1328,master of software development,us,5,20,6.00,,masters in software development,2025-12-31 23:46:53,"People also ask,Sitelinks",60,400,400,2016-03-09,"Informational,Non-branded,Non-local",English,,
1329,best software development websites,us,4,20,5.00,,web developer website,2026-01-02 17:40:17,"Top ads,Paid sitelinks,Sitelinks,Discussions,People also ask,Bottom ads",50,500,700,2016-03-04,"Informational,Non-branded,Non-local",English,,
1330,colleges that offer software development,us,3,20,8.00,,best software engineering schools,2025-12-21 21:09:02,"People also ask,Sitelinks",30,2700,2800,2016-05-08,"Informational,Non-branded,Non-local",English,,
1331,software development internships near me,us,9,20,5.00,,software development internships,2026-01-18 06:16:32,People also ask,30,250,250,2017-10-12,"Informational,Non-branded,Local",English,,
1332,programming vs software development,us,1,10,4.00,,programming and software development,2026-01-05 02:16:12,"AI Overview,Thumbnail,Sitelinks,People also ask,Top stories,Discussions,Video preview",20,600,800,2016-08-27,"Informational,Non-branded,Non-local",English,,
1333,software development gantt chart example,us,5,10,3.00,,gantt chart example,2025-12-31 05:14:19,"Thumbnail,Sitelinks,People also ask",40,1400,4200,2016-08-06,"Informational,Non-branded,Non-local",English,,
1334,computer for software development,us,3,10,1.20,,best laptop for programming,2025-12-26 01:55:03,"AI Overview,Thumbnail,Top ads,Sitelinks,People also ask,Top stories,Bottom ads,Paid sitelinks",10,1600,3800,2016-09-09,"Informational,Commercial,Non-branded,Non-local",English,,
1335,requirements template for software development,us,7,10,2.50,,functional requirement examples and templates,2025-12-27 06:31:18,"Sitelinks,Thumbnail",20,700,1200,2020-01-23,"Informational,Non-branded,Non-local",English,,
1336,model-based software development,us,0,10,6.00,,model based software design,2026-01-04 20:02:56,"Sitelinks,People also ask,Top stories,Thumbnail",30,50,70,2020-01-11,"Informational,Non-branded,Non-local",English,,
1337,software development statement of work template,us,2,10,2.00,,software development statement of work template,2026-01-07 08:10:03,Sitelinks,20,30,30,2015-09-18,"Informational,Non-branded,Non-local",English,"17, 17, 3, 7, 7, 7, 4, 3, 9, 7, 5, 17, 17, 17, 3, 6, 6, 6, 3, 2, 8, 7, 4, 17","16, 16, 2, 6, 6, 6, 3, 2, 8, 6, 4, 17, 16"
1338,software development for equity,us,0,10,6.00,,software development for equity,2026-01-05 01:33:02,"AI Overview,Thumbnail,Sitelinks",70,0,0,2017-05-15,"Informational,Non-branded,Non-local",English,,
1339,ab software development,us,0,10,4.00,,dev c,2026-01-04 12:08:02,Sitelinks,10,80,300,2015-10-13,"Informational,Branded,Non-local",English,,
1340,atlanta software development company,us,5,10,12.00,,software development companies in atlanta,2025-12-15 21:26:44,"Local pack,Sitelinks",20,100,100,2022-08-31,"Informational,Commercial,Non-branded,Local",English,,
1341,software development matrix,us,0,10,5.00,,software development roles and responsibilities matrix,2025-11-17 06:58:50,"People also ask,Sitelinks",10,20,20,2018-01-08,"Informational,Non-branded,Non-local",English,,
1342,starting a software development company,us,3,10,3.50,1.16,software development business,2025-12-24 16:35:32,"Sitelinks,AI Overview,People also ask",20,900,1100,2015-12-23,"Informational,Non-branded,Non-local",English,,
1343,software development wbs,us,3,10,2.50,,work breakdown structure for software development,2025-11-27 09:17:28,People also ask,30,50,100,2016-05-04,"Informational,Non-branded,Non-local",English,,
1344,cybersecurity or software development,us,1,10,5.00,,cyber security vs software engineering,2025-11-24 21:53:24,"Sitelinks,AI Overview,Thumbnail,People also ask,Top stories",30,500,600,2016-09-19,"Informational,Non-branded,Non-local",English,,
1345,is software development for me,us,1,10,4.00,1.31,is software development for me,2025-12-20 14:59:54,"Sitelinks,People also ask",10,0,0,2015-09-02,"Informational,Non-branded,Non-local",English,,
1346,sydney software development company,us,3,10,8.00,,software development company in sydney,2026-01-10 14:32:33,"Local pack,Sitelinks",50,150,200,2020-03-28,"Informational,Commercial,Non-branded,Local",English,,
1347,software development contract template free,us,1,10,2.50,,software development contract,2026-01-08 06:38:27,,20,500,700,2016-02-25,"Informational,Non-branded,Non-local",English,,
1348,software development storyboard,us,2,10,2.50,,storyboard software development,2025-12-31 23:17:02,"People also ask,Sitelinks",30,30,30,2016-10-19,"Informational,Non-branded,Non-local",English,,
1349,what is the best mobile app development software,us,5,10,8.00,,mobile app development,2026-01-07 17:36:27,"AI Overview,Thumbnail,Sitelinks,People also ask,Discussions,Top stories",20,12000,14000,2020-01-10,"Informational,Non-branded,Non-local",English,,
1350,okrs software development,us,10,10,6.00,,okr software development,2025-11-18 01:10:23,"Sitelinks,People also ask",20,250,300,2020-01-12,"Informational,Non-branded,Non-local",English,,
1351,software development operations air force,us,1,10,3.00,,3d0x4,2025-11-29 23:49:44,People also ask,10,350,350,2022-07-28,"Informational,Non-branded,Non-local",English,,
1352,software development life cycle documentation templates,us,1,10,2.50,,sdlc document,2025-12-14 12:21:49,"Thumbnail,Sitelinks",10,200,250,2018-11-06,"Informational,Non-branded,Non-local",English,,
1353,scientific software development,us,0,10,9.00,,scientific software development,2025-12-26 01:17:24,"Sitelinks,People also ask",30,0,0,2016-08-24,"Informational,Non-branded,Non-local",English,,
1354,software development lead,us,1,10,10.00,,lead software engineer,2025-12-12 08:03:18,"Sitelinks,People also ask,Top stories,Thumbnail",60,200,300,2016-10-19,"Informational,Non-branded,Non-local",English,,
1355,best software for ios app development,us,1,10,2.50,,best ios app development software,2025-12-15 14:55:18,"Sitelinks,People also ask,Discussions,Top stories,Thumbnail",20,100,100,2016-02-01,"Informational,Non-branded,Non-local",English,,
1356,software development life cycle policy template,us,0,10,2.50,,sdlc policy template,2026-01-06 08:40:53,Sitelinks,20,30,30,2016-07-15,"Informational,Non-branded,Non-local",English,,
1357,best software for android app development,us,1,10,3.50,,app development software,2025-12-21 20:57:42,"People also ask,Sitelinks,Discussions",40,2400,3300,2016-05-18,"Informational,Non-branded,Non-local",English,,
1358,software development pr,us,1,10,4.50,,what is a pr in engineering,2025-12-15 08:50:28,"People also ask,Sitelinks,Top stories,Thumbnail",20,300,500,2020-07-27,"Informational,Non-branded,Non-local",English,,
1359,software development work breakdown structure,us,5,10,2.50,,software work breakdown structure,2026-01-05 06:41:52,Sitelinks,20,80,100,2016-07-19,"Informational,Non-branded,Non-local",English,,
1360,epics in software development,us,5,10,5.00,,what is an epic in jira,2026-01-05 21:12:48,"AI Overview,Thumbnail,People also ask,Sitelinks",30,2600,5800,2017-06-23,"Informational,Non-branded,Non-local",English,,
1361,free land development software,us,9,10,3.00,,site plan software,2026-01-06 10:40:17,"Sitelinks,People also ask",20,1400,2700,2015-10-17,"Informational,Non-branded,Non-local",English,,
1362,business development for professional services,us,1,10,2.50,,business development strategies for professional services,2025-12-31 08:58:34,"Sitelinks,Local pack",20,150,150,2017-06-19,"Informational,Non-branded,Non-local",English,,
1363,software development requirements document template,us,1,10,2.50,,software requirements specification example,2025-12-31 00:41:17,"Sitelinks,People also ask,Thumbnail",10,1700,7200,2016-04-29,"Informational,Non-branded,Non-local",English,,
1364,roi software development,us,4,10,3.00,,saas roi,2025-11-28 02:33:44,"People also ask,Sitelinks,Top stories,Thumbnail",30,100,100,2016-02-04,"Informational,Non-branded,Non-local",English,,
1365,software development vs programming,us,1,10,4.00,,programming and software development,2026-01-07 19:58:02,"AI Overview,Thumbnail,Sitelinks,People also ask,Top stories,Discussions",20,600,800,2015-11-02,"Informational,Non-branded,Non-local",English,,
1366,vp software development,us,0,10,5.00,,vp software development,2025-12-15 05:41:44,"People also ask,Sitelinks",20,10,10,2016-07-02,"Informational,Non-branded,Non-local",English,,
1367,best way to get into software development,us,3,10,7.00,,how to become a software developer,2025-12-21 18:08:17,"Sitelinks,AI Overview,People also ask,Discussions,Top stories,Thumbnail",10,2200,2900,2015-10-05,"Informational,Non-branded,Non-local",English,,
1368,freelancer software jobs,us,4,10,1.40,,freelance software development,2023-06-20 22:07:56,"People also ask,Sitelinks,Image pack",20,2300,,2018-05-27,"Informational,Non-branded,Non-local",English,,
1369,bachelor of science software development,us,5,10,7.00,,software engineer degree,2025-12-19 07:55:48,"People also ask,Sitelinks",30,9700,10000,2016-02-16,"Informational,Non-branded,Non-local",English,,
1370,advantages and disadvantages of agile software development,us,5,10,2.00,,agile methodology pros and cons,2025-12-18 18:57:21,"People also ask,Sitelinks",10,200,700,2020-01-27,"Informational,Non-branded,Non-local",English,,
1371,software development governance,us,0,10,4.50,,software governance,2026-01-07 17:23:01,"AI Overview,Thumbnail,People also ask",30,30,30,2016-04-04,"Informational,Non-branded,Non-local",English,,
1372,software development costs tax treatment 2022,us,3,10,3.50,,internally developed software tax treatment,2026-01-02 04:55:03,"People also ask,Sitelinks",20,30,30,2022-04-20,"Informational,Non-branded,Non-local",English,,
1373,contract software development jobs,us,3,10,1.30,,software developer contract,2026-01-18 17:30:54,Sitelinks,30,100,100,2016-03-02,"Informational,Transactional,Non-branded,Non-local",English,,
1374,cyber security in software development,us,7,10,6.00,,security software developer,2025-11-29 08:46:02,"AI Overview,Thumbnail,Sitelinks,People also ask",20,150,150,2019-01-22,"Informational,Non-branded,Non-local",English,,
1375,software development tools and techniques,us,1,10,2.50,,application development tools,2025-12-28 13:36:48,"People also ask,Sitelinks",70,3700,7200,2015-09-29,"Informational,Non-branded,Non-local",English,,
1376,software development costs capitalization,us,2,10,10.00,,software capitalization,2025-12-30 08:02:49,"AI Overview,Thumbnail,People also ask,Sitelinks,Top stories",40,1300,1300,2019-05-15,"Informational,Non-branded,Non-local",English,,
1377,ba in software development,us,6,10,6.00,,wgu software engineering,2025-12-30 19:13:57,"People also ask,Sitelinks",30,7300,7700,2016-01-14,"Informational,Non-branded,Non-local",English,,
1378,san antonio development services department,us,2,10,4.00,,san antonio development services,2026-01-16 16:57:37,"Sitelinks,People also ask",10,450,450,2016-04-22,"Informational,Non-branded,Local",English,,
1379,software development centers,us,5,10,105.00,,software development agency,2025-12-21 22:01:19,"Local pack,Sitelinks",20,4900,6000,2017-10-31,"Informational,Non-branded,Non-local",English,,
1380,agile software development life cycle pdf,us,0,10,2.50,,agile software development life cycle pdf,2025-12-31 04:01:19,,50,0,20,2016-08-26,"Informational,Non-branded,Non-local",English,,
1381,agile software development advantages and disadvantages,us,7,10,2.00,,agile methodology pros and cons,2025-12-13 10:46:47,"People also ask,Sitelinks",20,150,700,2016-01-31,"Informational,Non-branded,Non-local",English,,
1382,software development costs accounting,us,1,10,11.00,,software development costs,2026-01-03 16:38:01,"AI Overview,Thumbnail,People also ask,Top stories",40,100,100,2015-11-04,"Informational,Non-branded,Non-local",English,,
1383,sample sow for software development,us,3,10,1.60,,statement of work software,2026-01-20 21:38:48,"Sitelinks,Thumbnail",30,100,250,2015-12-17,"Informational,Non-branded,Non-local",English,,
1384,which one is popular tool used in agile software development,us,0,10,1.70,,which one is a popular tool used in agile,2026-01-07 00:53:50,"People also ask,Sitelinks,Discussions",40,100,900,2018-02-20,"Informational,Non-branded,Non-local",English,,
1385,software development manager roles and responsibilities,us,0,10,1.60,,software development management,2025-12-23 16:17:32,"AI Overview,Thumbnail,Sitelinks,People also ask",30,200,250,2017-09-05,"Informational,Non-branded,Non-local",English,,
1386,examples of software development projects,us,3,10,1.10,,software development projects,2025-12-20 06:17:45,"AI Overview,Thumbnail,People also ask,Discussions",40,350,1900,2019-02-23,"Informational,Non-branded,Non-local",English,,
1387,indian software outsourcing,us,1,10,12.00,,software outsourcing companies in india,2026-01-08 03:17:24,"Top stories,Thumbnail,Bottom ads",20,500,1200,2020-01-08,"Informational,Non-branded,Non-local",English,,
1388,sde software development engineer,us,0,10,4.50,,sde,2026-01-06 16:33:40,"AI Overview,Thumbnail,Sitelinks,People also ask,Top stories",20,800,1400,2017-06-13,"Informational,Non-branded,Non-local",English,,
1389,custom-software-development-cost,us,3,10,8.00,,custom software development cost,2025-12-29 05:07:46,"AI Overview,Thumbnail,People also ask,Sitelinks,Top stories",40,400,400,2023-05-25,"Informational,Non-branded,Non-local",English,,
1390,software development books for beginners,us,0,10,2.50,,software development books,2025-12-31 05:14:18,"Sitelinks,Discussions,People also ask,Shopping,Thumbnail",20,80,100,2017-07-23,"Informational,Non-branded,Non-local",English,,
1391,itil software development life cycle,us,3,10,4.50,,itil sdlc,2025-12-20 10:35:48,"People also ask,Sitelinks",10,10,10,2020-01-16,"Informational,Branded,Non-local",English,,
1392,software development engineer test,us,3,10,3.00,,software development engineer in test,2026-01-07 13:00:50,"AI Overview,Thumbnail,Sitelinks,People also ask",30,80,150,2017-01-05,"Informational,Non-branded,Non-local",English,,
1393,sample project charter for software development,us,3,10,3.00,,project charter,2026-01-02 21:40:24,"Thumbnail,Sitelinks",30,1300,8100,2016-03-27,"Informational,Non-branded,Non-local",English,"29, 11, 11, 20, 10, 12, 19, 19, 28, 10, 11, 12, 19, 11, 20, 11, 13, 10, 10, 9, 9, 11, 9, 7","9, 8, 8, 7, 5, 5, 5, 15, 16, 10, 7, 7, 9"
1394,best linux for software development,us,2,10,2.50,,best linux distro for developers,2025-12-17 12:38:07,"Sitelinks,People also ask,Discussions,Top stories,Thumbnail",30,300,700,2016-01-16,"Informational,Non-branded,Non-local",English,,
1395,linux software development tools,us,1,10,2.00,,linux software development tools,2025-12-22 07:46:48,"Sitelinks,People also ask,Top stories,Thumbnail",10,10,20,2016-01-11,"Informational,Branded,Non-local",English,,
1396,lean six sigma software development,us,1,10,2.50,,six sigma software development,2025-11-25 06:06:25,"Sitelinks,People also ask",20,70,200,2016-10-08,"Informational,Non-branded,Non-local",English,,
1397,software development university,us,10,10,7.00,,wgu software engineering,2025-12-30 15:27:23,"Top ads,Paid sitelinks,People also ask,Sitelinks,Bottom ads",90,7300,7700,2017-03-15,"Informational,Non-branded,Non-local",English,,
1398,best software for software development,us,9,10,2.50,,application development tools,2025-12-28 21:50:17,"People also ask,Sitelinks,Top stories,Thumbnail",30,1100,2500,2016-02-05,"Informational,Non-branded,Non-local",English,,
1399,iso standard for software development,us,4,10,3.00,,software engineering standards,2025-12-25 14:45:03,"Sitelinks,People also ask",50,50,70,2016-05-26,"Informational,Non-branded,Non-local",English,,
1400,software development project examples,us,3,10,1.10,,software development projects,2025-12-31 17:19:28,"Thumbnail,Sitelinks,Discussions,People also ask",20,300,1600,2020-07-27,"Informational,Non-branded,Non-local",English,,
1401,software development statement of work,us,1,10,2.00,,statement of work software,2026-01-15 14:50:26,"Sitelinks,People also ask",10,100,250,2016-09-05,"Informational,Non-branded,Non-local",English,,
1402,best 3d game development software,us,8,10,1.40,,3d modeling for video games,2025-11-16 04:53:34,"Sitelinks,Thumbnail,People also ask,Discussions,Video preview",20,100,100,2015-11-04,"Informational,Non-branded,Non-local",English,,
1403,trello software development,us,1,10,7.00,,software development templates,2026-01-12 16:02:33,"Sitelinks,People also ask",10,150,200,2015-10-01,"Informational,Branded,Non-local",English,,
1404,software development or cyber security,us,1,10,4.50,,cyber security vs software engineering,2026-01-04 11:16:04,"Sitelinks,People also ask,AI Overview,Discussions,Top stories,Thumbnail",30,450,500,2016-03-11,"Informational,Non-branded,Non-local",English,,
1405,california department of community services and development,us,0,10,1.80,,c sd,2026-01-03 07:25:28,"Sitelinks,Knowledge panel,People also ask",10,30,40,2015-10-08,"Informational,Branded,Local",English,,
1406,agile software development with scrum pdf,us,0,10,2.00,,agile project management with scrum,2025-12-31 04:56:22,Knowledge panel,20,70,150,2015-09-25,"Informational,Non-branded,Non-local",English,,
1407,software development project manager jobs,us,0,10,1.20,,software development project manager,2026-01-03 20:18:33,"People also ask,Sitelinks",20,40,40,2017-11-24,"Informational,Non-branded,Non-local",English,,
1408,how to become a software development manager,us,0,10,3.00,,how to become a software engineering manager,2025-12-14 15:33:11,"Sitelinks,People also ask",30,30,30,2016-03-02,"Informational,Non-branded,Non-local",English,,
1409,sop for software development,us,0,10,2.00,,sop for software development,2026-01-08 04:50:55,"AI Overview,Thumbnail,Sitelinks,People also ask",50,10,10,2019-08-15,"Informational,Non-branded,Non-local",English,,
1410,ipad software development,us,6,10,15.00,,ipad app development,2026-01-14 03:38:01,"Sitelinks,Top stories,Thumbnail,People also ask",20,350,500,2018-07-07,"Informational,Branded,Non-local",English,,
1411,umgc software development and security,us,3,10,7.00,,umgc software development and security,2026-01-07 01:07:17,Sitelinks,10,0,0,2021-05-03,"Informational,Branded,Non-local",English,,
1412,software development contract work,us,0,10,1.60,,software developer contract,2025-12-31 14:00:17,"Discussions,Sitelinks",20,100,100,2016-04-23,"Informational,Non-branded,Non-local",English,,
1413,software development entry level,us,7,10,3.50,,entry level software developer jobs,2026-01-07 10:24:03,"People also ask,Sitelinks,Top stories,Thumbnail",10,1700,1800,2020-01-10,"Informational,Non-branded,Non-local",English,,
1414,software development or web development,us,0,10,4.50,,software developer vs web developer,2025-12-14 23:25:15,"AI Overview,Thumbnail,Sitelinks,People also ask,Discussions,Top stories",20,450,600,2015-11-19,"Informational,Non-branded,Non-local",English,,
1415,devry software development,us,1,10,12.00,,software development program,2026-01-20 18:05:52,"Sitelinks,People also ask,Video preview",10,1200,1200,2015-12-08,"Informational,Branded,Non-local",English,,
1416,indian software outsourcing companies,us,10,10,14.00,,software outsourcing companies in india,2026-01-04 12:20:09,"People also ask,Sitelinks",10,500,1100,2020-01-10,"Informational,Commercial,Non-branded,Non-local",English,,
1417,future software development,us,9,10,2.00,,the future of software development,2025-12-04 12:39:09,"AI Overview,Thumbnail,Sitelinks,People also ask,Top stories",20,70,100,2016-01-20,"Informational,Non-branded,Non-local",English,,
1418,g web development software,us,1,10,10.00,,g web development software,2025-12-31 16:05:29,People also ask,40,10,10,2021-07-30,"Informational,Branded,Non-local",English,,
1419,development services corpus christi,us,0,,2.50,,corpus christi development services,2026-01-05 03:24:48,"Sitelinks,People also ask",10,30,30,2015-11-05,"Informational,Non-branded,Local",English,,
1420,quotation format for software development,us,0,,2.50,,software quote template,2026-01-12 05:37:42,Thumbnail,10,0,10,2020-06-19,"Informational,Commercial,Non-branded,Non-local",English,,
1421,software development estimation tools,us,7,,2.50,,sw estimation,,,,,,2015-09-09,"Informational,Non-branded,Non-local",English,,
1422,statement of work for software development,us,1,,2.00,,statement of work software,2025-12-29 08:05:33,"Sitelinks,AI Overview,Thumbnail,People also ask",,150,250,2017-11-03,"Informational,Non-branded,Non-local",English,,
1423,+agile +software +development +service,us,1,,10.00,,agile software development services,2026-01-04 15:25:18,People also ask,,150,200,2021-06-06,"Informational,Commercial,Non-branded,Non-local",English,,
1424,sdsu software development bootcamp,us,0,,7.00,,sdsu coding bootcamp,2025-11-29 11:20:56,"Sitelinks,People also ask",,10,10,2021-10-23,"Informational,Branded,Non-local",English,,
1425,unlv software development bootcamp,us,0,,6.00,,software engineer bootcamp,2026-01-20 03:31:58,"Top ads,Paid sitelinks,Sitelinks,Bottom ads",,60,60,2021-10-23,"Informational,Branded,Non-local",English,,
1426,software development universities,us,3,,7.00,,,,,20,,,2016-01-25,"Informational,Non-branded,Non-local",English,,
1427,get paid to learn software development,us,1,,4.00,,get paid to learn code,2025-12-26 08:43:34,"Sitelinks,Discussions,People also ask",,150,200,2021-08-25,"Informational,Non-branded,Non-local",English,,
1428,invoice format for software development services,us,0,,3.50,,software development invoice template,2026-01-05 20:49:13,Sitelinks,20,60,70,2019-11-21,"Informational,Non-branded,Non-local",English,,
1429,correlation one software development,us,0,,7.00,,software developer training,2026-01-07 22:31:02,"Sitelinks,Video preview,People also ask",,20,20,2023-02-16,"Informational,Branded,Non-local",English,,
1430,nc state software development bootcamp,us,3,,8.00,,nc state coding bootcamp,2026-01-20 11:07:37,"Sitelinks,People also ask",,10,10,2021-10-12,"Informational,Branded,Non-local",English,,
1431,software development invoice example,us,0,,1.70,,software development invoice template,2025-12-31 21:01:28,"Thumbnail,Sitelinks,People also ask,Bottom ads,Paid sitelinks",10,60,80,2015-10-02,"Informational,Non-branded,Non-local",English,,
1432,standard operating procedure software development,us,1,,2.00,,sop in software development,2025-12-29 19:19:52,"People also ask,Sitelinks",,0,10,2020-08-20,"Informational,Non-branded,Non-local",English,,
1433,software development invoice sample,us,0,,1.70,,software development invoice template,2026-01-21 09:56:40,"Thumbnail,People also ask",10,50,70,2018-01-31,"Informational,Non-branded,Non-local",English,,
1434,agile software development plan example pdf,us,0,,2.50,,software development plan example pdf,2025-12-30 23:49:18,,20,10,10,2020-01-14,"Informational,Non-branded,Non-local",English,,
1435,standard software development contract,us,1,,3.00,,software development contract,,,,,,2015-09-16,"Informational,Non-branded,Non-local",English,,
1436,software development environments best practices,us,1,,2.00,,dev environment,2025-12-29 03:23:02,"Sitelinks,People also ask",,40,80,2020-11-06,"Informational,Non-branded,Non-local",English,,
1437,best pc for software development,us,0,,1.30,,best pc for programming,2026-01-05 00:51:18,"Sitelinks,People also ask,Video preview,Top stories,Thumbnail,Shopping",10,50,70,2017-08-11,"Informational,Commercial,Non-branded,Non-local",English,,
1438,nyu software development bootcamp,us,0,,6.00,,nyu coding bootcamp,2026-01-08 07:50:32,Sitelinks,,50,50,2022-01-26,"Informational,Branded,Non-local",English,,
1439,austin development services,us,0,,3.00,,dsd austin,2026-01-10 02:14:02,"Sitelinks,Knowledge panel",10,100,100,2015-12-28,"Informational,Non-branded,Local",English,"13, 10, 9, 6, 7, 8, 10, 8, 7, 6, 5, 6, 7, 6, 5, 3, 4, 4, 5, 4, 3, 2, 2, 2","2, 2, 1, 1, 0, 0, 0, 0, 0, 0, 0, 0, 0"
